time_utc,ws_mean,wd_mean
2018-05-10 00:00:00+00:00,6.9405785,270.0
2018-05-10 00:00:10+00:00,4.913316,270.0
2018-05-10 00:00:20+00:00,6.4423375,270.0
2018-05-10 00:00:30+00:00,5.6130877,270.0
2018-05-10 00:00:40+00:00,6.008115,270.0
2018-05-10 00:00:50+00:00,7.0242696,270.0
2018-05-10 00:01:00+00:00,7.023417,270.0
2018-05-10 00:01:10+00:00,5.856301,270.0
2018-05-10 00:01:20+00:00,6.7220597,270.0
2018-05-10 00:01:30+00:00,5.672358,270.0
2018-05-10 00:01:40+00:00,6.1282005,270.0
2018-05-10 00:01:50+00:00,4.9209876,270.0
2018-05-10 00:02:00+00:00,5.9910326,270.0
2018-05-10 00:02:10+00:00,5.620537,270.0
2018-05-10 00:02:20+00:00,6.453569,270.0
2018-05-10 00:02:30+00:00,6.588549,270.0
2018-05-10 00:02:40+00:00,5.5342,270.0
2018-05-10 00:02:50+00:00,5.968744,270.0
2018-05-10 00:03:00+00:00,6.140859,270.0
2018-05-10 00:03:10+00:00,7.0564475,270.0
2018-05-10 00:03:20+00:00,6.431514,270.0
2018-05-10 00:03:30+00:00,4.5198255,270.0
2018-05-10 00:03:40+00:00,5.453931,270.0
2018-05-10 00:03:50+00:00,6.0815983,270.0
2018-05-10 00:04:00+00:00,4.2650003,270.0
2018-05-10 00:04:10+00:00,6.0479717,270.0
2018-05-10 00:04:20+00:00,4.3648963,270.0
2018-05-10 00:04:30+00:00,5.147179,270.0
2018-05-10 00:04:40+00:00,5.950474,270.0
2018-05-10 00:04:50+00:00,6.300465,270.0
2018-05-10 00:05:00+00:00,5.376078,270.0
2018-05-10 00:05:10+00:00,6.2196856,270.0
2018-05-10 00:05:20+00:00,7.5613694,270.0
2018-05-10 00:05:30+00:00,6.027393,270.0
2018-05-10 00:05:40+00:00,7.380403,270.0
2018-05-10 00:05:50+00:00,6.6518273,270.0
2018-05-10 00:06:00+00:00,5.9142613,270.0
2018-05-10 00:06:10+00:00,6.658039,270.0
2018-05-10 00:06:20+00:00,6.9693713,270.0
2018-05-10 00:06:30+00:00,5.9190516,270.0
2018-05-10 00:06:40+00:00,7.4993243,270.0
2018-05-10 00:06:50+00:00,6.286052,270.0
2018-05-10 00:07:00+00:00,4.983665,270.0
2018-05-10 00:07:10+00:00,7.3610024,270.0
2018-05-10 00:07:20+00:00,6.7940445,270.0
2018-05-10 00:07:30+00:00,7.318035,270.0
2018-05-10 00:07:40+00:00,5.811838,270.0
2018-05-10 00:07:50+00:00,6.5405293,270.0
2018-05-10 00:08:00+00:00,6.325608,270.0
2018-05-10 00:08:10+00:00,6.275697,270.0
2018-05-10 00:08:20+00:00,5.9620895,270.0
2018-05-10 00:08:30+00:00,6.9324465,270.0
2018-05-10 00:08:40+00:00,6.1435175,270.0
2018-05-10 00:08:50+00:00,5.9114356,270.0
2018-05-10 00:09:00+00:00,6.407402,270.0
2018-05-10 00:09:10+00:00,6.0460134,270.0
2018-05-10 00:09:20+00:00,5.104929,270.0
2018-05-10 00:09:30+00:00,7.0621505,270.0
2018-05-10 00:09:40+00:00,5.8190355,270.0
2018-05-10 00:09:50+00:00,6.1986837,270.0
2018-05-10 00:10:00+00:00,5.271368,270.0
2018-05-10 00:10:10+00:00,5.4689617,270.0
2018-05-10 00:10:20+00:00,5.65602,270.0
2018-05-10 00:10:30+00:00,5.963763,270.0
2018-05-10 00:10:40+00:00,5.288893,270.0
2018-05-10 00:10:50+00:00,6.1010604,270.0
2018-05-10 00:11:00+00:00,6.005227,270.0
2018-05-10 00:11:10+00:00,6.5558796,270.0
2018-05-10 00:11:20+00:00,6.7536106,270.0
2018-05-10 00:11:30+00:00,6.1801524,270.0
2018-05-10 00:11:40+00:00,4.996027,270.0
2018-05-10 00:11:50+00:00,5.3832674,270.0
2018-05-10 00:12:00+00:00,6.082495,270.0
2018-05-10 00:12:10+00:00,6.020118,270.0
2018-05-10 00:12:20+00:00,5.4437833,270.0
2018-05-10 00:12:30+00:00,6.7035346,270.0
2018-05-10 00:12:40+00:00,5.4023733,270.0
2018-05-10 00:12:50+00:00,6.178434,270.0
2018-05-10 00:13:00+00:00,6.901425,270.0
2018-05-10 00:13:10+00:00,5.156784,270.0
2018-05-10 00:13:20+00:00,7.000596,270.0
2018-05-10 00:13:30+00:00,5.530677,270.0
2018-05-10 00:13:40+00:00,6.3613973,270.0
2018-05-10 00:13:50+00:00,5.7412972,270.0
2018-05-10 00:14:00+00:00,6.289179,270.0
2018-05-10 00:14:10+00:00,6.0314727,270.0
2018-05-10 00:14:20+00:00,6.34407,270.0
2018-05-10 00:14:30+00:00,4.9922504,270.0
2018-05-10 00:14:40+00:00,5.3283567,270.0
2018-05-10 00:14:50+00:00,6.367455,270.0
2018-05-10 00:15:00+00:00,6.3634677,270.0
2018-05-10 00:15:10+00:00,5.648128,270.0
2018-05-10 00:15:20+00:00,5.1893206,270.0
2018-05-10 00:15:30+00:00,5.473571,270.0
2018-05-10 00:15:40+00:00,5.5147395,270.0
2018-05-10 00:15:50+00:00,6.060422,270.0
2018-05-10 00:16:00+00:00,4.6412673,270.0
2018-05-10 00:16:10+00:00,6.4299283,270.0
2018-05-10 00:16:20+00:00,5.814342,270.0
2018-05-10 00:16:30+00:00,6.3732824,270.0
2018-05-10 00:16:40+00:00,6.4360356,270.0
2018-05-10 00:16:50+00:00,5.7675157,270.0
2018-05-10 00:17:00+00:00,5.962828,270.0
2018-05-10 00:17:10+00:00,5.482924,270.0
2018-05-10 00:17:20+00:00,6.9117403,270.0
2018-05-10 00:17:30+00:00,5.6897306,270.0
2018-05-10 00:17:40+00:00,4.539118,270.0
2018-05-10 00:17:50+00:00,6.944028,270.0
2018-05-10 00:18:00+00:00,6.9391108,270.0
2018-05-10 00:18:10+00:00,5.8840966,270.0
2018-05-10 00:18:20+00:00,5.7371907,270.0
2018-05-10 00:18:30+00:00,5.374697,270.0
2018-05-10 00:18:40+00:00,6.3398013,270.0
2018-05-10 00:18:50+00:00,5.370206,270.0
2018-05-10 00:19:00+00:00,5.94367,270.0
2018-05-10 00:19:10+00:00,4.9498696,270.0
2018-05-10 00:19:20+00:00,5.636189,270.0
2018-05-10 00:19:30+00:00,6.6113896,270.0
2018-05-10 00:19:40+00:00,6.689143,270.0
2018-05-10 00:19:50+00:00,5.5533843,270.0
2018-05-10 00:20:00+00:00,5.995552,270.0
2018-05-10 00:20:10+00:00,5.518965,270.0
2018-05-10 00:20:20+00:00,5.164382,270.0
2018-05-10 00:20:30+00:00,5.3068633,270.0
2018-05-10 00:20:40+00:00,5.8453407,270.0
2018-05-10 00:20:50+00:00,6.140282,270.0
2018-05-10 00:21:00+00:00,6.9438066,270.0
2018-05-10 00:21:10+00:00,7.4422474,270.0
2018-05-10 00:21:20+00:00,4.962068,270.0
2018-05-10 00:21:30+00:00,6.6974816,270.0
2018-05-10 00:21:40+00:00,6.8458004,270.0
2018-05-10 00:21:50+00:00,4.2956443,270.0
2018-05-10 00:22:00+00:00,5.2129073,270.0
2018-05-10 00:22:10+00:00,6.835879,270.0
2018-05-10 00:22:20+00:00,5.8156543,270.0
2018-05-10 00:22:30+00:00,5.605146,270.0
2018-05-10 00:22:40+00:00,6.7781467,270.0
2018-05-10 00:22:50+00:00,6.0958905,270.0
2018-05-10 00:23:00+00:00,5.3731055,270.0
2018-05-10 00:23:10+00:00,4.9535875,270.0
2018-05-10 00:23:20+00:00,5.907358,270.0
2018-05-10 00:23:30+00:00,6.120313,270.0
2018-05-10 00:23:40+00:00,5.7102633,270.0
2018-05-10 00:23:50+00:00,4.8121223,270.0
2018-05-10 00:24:00+00:00,6.044811,270.0
2018-05-10 00:24:10+00:00,6.9313602,270.0
2018-05-10 00:24:20+00:00,4.84534,270.0
2018-05-10 00:24:30+00:00,5.4958367,270.0
2018-05-10 00:24:40+00:00,5.067011,270.0
2018-05-10 00:24:50+00:00,5.5384994,270.0
2018-05-10 00:25:00+00:00,6.3281794,270.0
2018-05-10 00:25:10+00:00,5.959325,270.0
2018-05-10 00:25:20+00:00,6.7305007,270.0
2018-05-10 00:25:30+00:00,5.145617,270.0
2018-05-10 00:25:40+00:00,5.19519,270.0
2018-05-10 00:25:50+00:00,5.1707587,270.0
2018-05-10 00:26:00+00:00,6.0356917,270.0
2018-05-10 00:26:10+00:00,5.821565,270.0
2018-05-10 00:26:20+00:00,6.3423448,270.0
2018-05-10 00:26:30+00:00,5.971412,270.0
2018-05-10 00:26:40+00:00,5.0021133,270.0
2018-05-10 00:26:50+00:00,4.9706364,270.0
2018-05-10 00:27:00+00:00,5.6116295,270.0
2018-05-10 00:27:10+00:00,4.289288,270.0
2018-05-10 00:27:20+00:00,5.722941,270.0
2018-05-10 00:27:30+00:00,6.467094,270.0
2018-05-10 00:27:40+00:00,6.637316,270.0
2018-05-10 00:27:50+00:00,5.174955,270.0
2018-05-10 00:28:00+00:00,4.7943516,270.0
2018-05-10 00:28:10+00:00,5.6609406,270.0
2018-05-10 00:28:20+00:00,5.1142287,270.0
2018-05-10 00:28:30+00:00,5.7235303,270.0
2018-05-10 00:28:40+00:00,4.8837533,270.0
2018-05-10 00:28:50+00:00,5.674238,270.0
2018-05-10 00:29:00+00:00,6.2568974,270.0
2018-05-10 00:29:10+00:00,6.411954,270.0
2018-05-10 00:29:20+00:00,5.0012255,270.0
2018-05-10 00:29:30+00:00,5.099638,270.0
2018-05-10 00:29:40+00:00,5.6287184,270.0
2018-05-10 00:29:50+00:00,5.111083,270.0
2018-05-10 00:30:00+00:00,4.72884,270.0
2018-05-10 00:30:10+00:00,5.530098,270.0
2018-05-10 00:30:20+00:00,5.794701,270.0
2018-05-10 00:30:30+00:00,5.698096,270.0
2018-05-10 00:30:40+00:00,5.8334208,270.0
2018-05-10 00:30:50+00:00,5.3784213,270.0
2018-05-10 00:31:00+00:00,5.3253913,270.0
2018-05-10 00:31:10+00:00,5.1810427,270.0
2018-05-10 00:31:20+00:00,5.8037376,270.0
2018-05-10 00:31:30+00:00,6.4029784,270.0
2018-05-10 00:31:40+00:00,5.6993504,270.0
2018-05-10 00:31:50+00:00,5.1278057,270.0
2018-05-10 00:32:00+00:00,5.660025,270.0
2018-05-10 00:32:10+00:00,6.0632734,270.0
2018-05-10 00:32:20+00:00,5.391186,270.0
2018-05-10 00:32:30+00:00,5.625511,270.0
2018-05-10 00:32:40+00:00,5.640254,270.0
2018-05-10 00:32:50+00:00,4.236374,270.0
2018-05-10 00:33:00+00:00,4.7898865,270.0
2018-05-10 00:33:10+00:00,5.3279305,270.0
2018-05-10 00:33:20+00:00,5.3277698,270.0
2018-05-10 00:33:30+00:00,5.397464,270.0
2018-05-10 00:33:40+00:00,5.1938906,270.0
2018-05-10 00:33:50+00:00,5.569207,270.0
2018-05-10 00:34:00+00:00,4.79347,270.0
2018-05-10 00:34:10+00:00,5.536097,270.0
2018-05-10 00:34:20+00:00,5.5743117,270.0
2018-05-10 00:34:30+00:00,5.7960076,270.0
2018-05-10 00:34:40+00:00,5.51678,270.0
2018-05-10 00:34:50+00:00,6.040229,270.0
2018-05-10 00:35:00+00:00,4.828713,270.0
2018-05-10 00:35:10+00:00,6.072071,270.0
2018-05-10 00:35:20+00:00,6.9256554,270.0
2018-05-10 00:35:30+00:00,5.354032,270.0
2018-05-10 00:35:40+00:00,5.5584364,270.0
2018-05-10 00:35:50+00:00,5.5025425,270.0
2018-05-10 00:36:00+00:00,4.626606,270.0
2018-05-10 00:36:10+00:00,5.745426,270.0
2018-05-10 00:36:20+00:00,5.836837,270.0
2018-05-10 00:36:30+00:00,6.1354327,270.0
2018-05-10 00:36:40+00:00,4.4031105,270.0
2018-05-10 00:36:50+00:00,5.708167,270.0
2018-05-10 00:37:00+00:00,5.242364,270.0
2018-05-10 00:37:10+00:00,6.772991,270.0
2018-05-10 00:37:20+00:00,6.0506053,270.0
2018-05-10 00:37:30+00:00,6.600076,270.0
2018-05-10 00:37:40+00:00,4.5667415,270.0
2018-05-10 00:37:50+00:00,5.137354,270.0
2018-05-10 00:38:00+00:00,5.4903035,270.0
2018-05-10 00:38:10+00:00,4.1907434,270.0
2018-05-10 00:38:20+00:00,5.5576043,270.0
2018-05-10 00:38:30+00:00,4.731088,270.0
2018-05-10 00:38:40+00:00,5.089509,270.0
2018-05-10 00:38:50+00:00,4.4884663,270.0
2018-05-10 00:39:00+00:00,4.8868513,270.0
2018-05-10 00:39:10+00:00,5.875976,270.0
2018-05-10 00:39:20+00:00,5.329682,270.0
2018-05-10 00:39:30+00:00,4.5497985,270.0
2018-05-10 00:39:40+00:00,4.73979,270.0
2018-05-10 00:39:50+00:00,5.816486,270.0
2018-05-10 00:40:00+00:00,5.537618,270.0
2018-05-10 00:40:10+00:00,5.9120326,270.0
2018-05-10 00:40:20+00:00,5.704536,270.0
2018-05-10 00:40:30+00:00,4.9075193,270.0
2018-05-10 00:40:40+00:00,4.8177953,270.0
2018-05-10 00:40:50+00:00,4.962378,270.0
2018-05-10 00:41:00+00:00,5.277253,270.0
2018-05-10 00:41:10+00:00,5.615654,270.0
2018-05-10 00:41:20+00:00,5.716498,270.0
2018-05-10 00:41:30+00:00,5.4514976,270.0
2018-05-10 00:41:40+00:00,4.3578396,270.0
2018-05-10 00:41:50+00:00,5.190444,270.0
2018-05-10 00:42:00+00:00,4.4422326,270.0
2018-05-10 00:42:10+00:00,5.871854,270.0
2018-05-10 00:42:20+00:00,4.6573315,270.0
2018-05-10 00:42:30+00:00,4.565235,270.0
2018-05-10 00:42:40+00:00,4.945092,270.0
2018-05-10 00:42:50+00:00,6.5205293,270.0
2018-05-10 00:43:00+00:00,5.651049,270.0
2018-05-10 00:43:10+00:00,4.7444797,270.0
2018-05-10 00:43:20+00:00,5.8264246,270.0
2018-05-10 00:43:30+00:00,4.5681233,270.0
2018-05-10 00:43:40+00:00,4.897959,270.0
2018-05-10 00:43:50+00:00,5.1426544,270.0
2018-05-10 00:44:00+00:00,5.1515007,270.0
2018-05-10 00:44:10+00:00,5.27557,270.0
2018-05-10 00:44:20+00:00,4.1173806,270.0
2018-05-10 00:44:30+00:00,4.175854,270.0
2018-05-10 00:44:40+00:00,4.704156,270.0
2018-05-10 00:44:50+00:00,4.2995577,270.0
2018-05-10 00:45:00+00:00,4.6637945,270.0
2018-05-10 00:45:10+00:00,4.64507,270.0
2018-05-10 00:45:20+00:00,5.6834097,270.0
2018-05-10 00:45:30+00:00,4.644941,270.0
2018-05-10 00:45:40+00:00,4.833875,270.0
2018-05-10 00:45:50+00:00,5.4106703,270.0
2018-05-10 00:46:00+00:00,4.962803,270.0
2018-05-10 00:46:10+00:00,6.322177,270.0
2018-05-10 00:46:20+00:00,3.2523935,270.0
2018-05-10 00:46:30+00:00,4.8962035,270.0
2018-05-10 00:46:40+00:00,5.0332823,270.0
2018-05-10 00:46:50+00:00,5.09338,270.0
2018-05-10 00:47:00+00:00,3.8440173,270.0
2018-05-10 00:47:10+00:00,5.1146154,270.0
2018-05-10 00:47:20+00:00,5.6691217,270.0
2018-05-10 00:47:30+00:00,5.268064,270.0
2018-05-10 00:47:40+00:00,4.109199,270.0
2018-05-10 00:47:50+00:00,4.6881723,270.0
2018-05-10 00:48:00+00:00,4.48613,270.0
2018-05-10 00:48:10+00:00,4.8924108,270.0
2018-05-10 00:48:20+00:00,5.0496535,270.0
2018-05-10 00:48:30+00:00,5.2051177,270.0
2018-05-10 00:48:40+00:00,3.6357057,270.0
2018-05-10 00:48:50+00:00,4.9276166,270.0
2018-05-10 00:49:00+00:00,4.0796075,270.0
2018-05-10 00:49:10+00:00,5.6138616,270.0
2018-05-10 00:49:20+00:00,5.651886,270.0
2018-05-10 00:49:30+00:00,4.706276,270.0
2018-05-10 00:49:40+00:00,5.640626,270.0
2018-05-10 00:49:50+00:00,4.323477,270.0
2018-05-10 00:50:00+00:00,4.93095,270.0
2018-05-10 00:50:10+00:00,5.414844,270.0
2018-05-10 00:50:20+00:00,4.7814627,270.0
2018-05-10 00:50:30+00:00,4.6293745,270.0
2018-05-10 00:50:40+00:00,4.974685,270.0
2018-05-10 00:50:50+00:00,5.033252,270.0
2018-05-10 00:51:00+00:00,4.55646,270.0
2018-05-10 00:51:10+00:00,3.5835195,270.0
2018-05-10 00:51:20+00:00,4.438267,270.0
2018-05-10 00:51:30+00:00,4.843287,270.0
2018-05-10 00:51:40+00:00,5.874116,270.0
2018-05-10 00:51:50+00:00,5.393114,270.0
2018-05-10 00:52:00+00:00,4.538296,270.0
2018-05-10 00:52:10+00:00,4.343904,270.0
2018-05-10 00:52:20+00:00,4.426919,270.0
2018-05-10 00:52:30+00:00,4.337471,270.0
2018-05-10 00:52:40+00:00,3.8586147,270.0
2018-05-10 00:52:50+00:00,3.7929387,270.0
2018-05-10 00:53:00+00:00,4.621238,270.0
2018-05-10 00:53:10+00:00,3.9111044,270.0
2018-05-10 00:53:20+00:00,5.0660186,270.0
2018-05-10 00:53:30+00:00,4.950102,270.0
2018-05-10 00:53:40+00:00,5.2202497,270.0
2018-05-10 00:53:50+00:00,4.3860793,270.0
2018-05-10 00:54:00+00:00,4.8277082,270.0
2018-05-10 00:54:10+00:00,4.196503,270.0
2018-05-10 00:54:20+00:00,5.1973624,270.0
2018-05-10 00:54:30+00:00,5.3344455,270.0
2018-05-10 00:54:40+00:00,5.6409035,270.0
2018-05-10 00:54:50+00:00,4.8430676,270.0
2018-05-10 00:55:00+00:00,4.727691,270.0
2018-05-10 00:55:10+00:00,5.304339,270.0
2018-05-10 00:55:20+00:00,5.9136863,270.0
2018-05-10 00:55:30+00:00,5.259834,270.0
2018-05-10 00:55:40+00:00,5.401939,270.0
2018-05-10 00:55:50+00:00,4.9510827,270.0
2018-05-10 00:56:00+00:00,4.683073,270.0
2018-05-10 00:56:10+00:00,5.407128,270.0
2018-05-10 00:56:20+00:00,4.8886704,270.0
2018-05-10 00:56:30+00:00,5.992923,270.0
2018-05-10 00:56:40+00:00,4.964353,270.0
2018-05-10 00:56:50+00:00,5.1203995,270.0
2018-05-10 00:57:00+00:00,4.6405153,270.0
2018-05-10 00:57:10+00:00,5.120495,270.0
2018-05-10 00:57:20+00:00,5.400964,270.0
2018-05-10 00:57:30+00:00,5.9066844,270.0
2018-05-10 00:57:40+00:00,3.5230188,270.0
2018-05-10 00:57:50+00:00,4.97477,270.0
2018-05-10 00:58:00+00:00,4.4479666,270.0
2018-05-10 00:58:10+00:00,5.140958,270.0
2018-05-10 00:58:20+00:00,4.5914383,270.0
2018-05-10 00:58:30+00:00,5.3479877,270.0
2018-05-10 00:58:40+00:00,5.5080557,270.0
2018-05-10 00:58:50+00:00,5.4159784,270.0
2018-05-10 00:59:00+00:00,5.207733,270.0
2018-05-10 00:59:10+00:00,5.1000643,270.0
2018-05-10 00:59:20+00:00,4.7193437,270.0
2018-05-10 00:59:30+00:00,4.653784,270.0
2018-05-10 00:59:40+00:00,5.137426,270.0
2018-05-10 00:59:50+00:00,5.0356803,270.0
2018-05-10 01:00:00+00:00,4.7335505,270.0
2018-05-10 01:00:10+00:00,5.6975055,270.0
2018-05-10 01:00:20+00:00,4.7117176,270.0
2018-05-10 01:00:30+00:00,4.880487,270.0
2018-05-10 01:00:40+00:00,4.6243963,270.0
2018-05-10 01:00:50+00:00,4.909219,270.0
2018-05-10 01:01:00+00:00,4.9445796,270.0
2018-05-10 01:01:10+00:00,5.4589972,270.0
2018-05-10 01:01:20+00:00,4.763957,270.0
2018-05-10 01:01:30+00:00,4.965795,270.0
2018-05-10 01:01:40+00:00,5.018863,270.0
2018-05-10 01:01:50+00:00,4.468355,270.0
2018-05-10 01:02:00+00:00,3.6422431,270.0
2018-05-10 01:02:10+00:00,5.106066,270.0
2018-05-10 01:02:20+00:00,4.234784,270.0
2018-05-10 01:02:30+00:00,4.011014,270.0
2018-05-10 01:02:40+00:00,4.8428354,270.0
2018-05-10 01:02:50+00:00,5.1239624,270.0
2018-05-10 01:03:00+00:00,4.13448,270.0
2018-05-10 01:03:10+00:00,5.4259315,270.0
2018-05-10 01:03:20+00:00,4.422299,270.0
2018-05-10 01:03:30+00:00,4.77309,270.0
2018-05-10 01:03:40+00:00,4.0441833,270.0
2018-05-10 01:03:50+00:00,4.6789327,270.0
2018-05-10 01:04:00+00:00,5.0632305,270.0
2018-05-10 01:04:10+00:00,5.21067,270.0
2018-05-10 01:04:20+00:00,4.3541446,270.0
2018-05-10 01:04:30+00:00,4.9704847,270.0
2018-05-10 01:04:40+00:00,4.9413786,270.0
2018-05-10 01:04:50+00:00,5.486212,270.0
2018-05-10 01:05:00+00:00,5.5067463,270.0
2018-05-10 01:05:10+00:00,3.4908206,270.0
2018-05-10 01:05:20+00:00,4.4250684,270.0
2018-05-10 01:05:30+00:00,5.1622705,270.0
2018-05-10 01:05:40+00:00,4.491507,270.0
2018-05-10 01:05:50+00:00,5.0038915,270.0
2018-05-10 01:06:00+00:00,4.450278,270.0
2018-05-10 01:06:10+00:00,4.0998497,270.0
2018-05-10 01:06:20+00:00,4.7769566,270.0
2018-05-10 01:06:30+00:00,5.479224,270.0
2018-05-10 01:06:40+00:00,5.5517726,270.0
2018-05-10 01:06:50+00:00,4.373087,270.0
2018-05-10 01:07:00+00:00,4.5302486,270.0
2018-05-10 01:07:10+00:00,5.5188622,270.0
2018-05-10 01:07:20+00:00,3.958104,270.0
2018-05-10 01:07:30+00:00,4.845315,270.0
2018-05-10 01:07:40+00:00,3.8685389,270.0
2018-05-10 01:07:50+00:00,5.1465993,270.0
2018-05-10 01:08:00+00:00,5.353247,270.0
2018-05-10 01:08:10+00:00,4.211346,270.0
2018-05-10 01:08:20+00:00,4.4460273,270.0
2018-05-10 01:08:30+00:00,4.92062,270.0
2018-05-10 01:08:40+00:00,4.528143,270.0
2018-05-10 01:08:50+00:00,5.069733,270.0
2018-05-10 01:09:00+00:00,4.402776,270.0
2018-05-10 01:09:10+00:00,4.3087845,270.0
2018-05-10 01:09:20+00:00,3.5623384,270.0
2018-05-10 01:09:30+00:00,4.7568316,270.0
2018-05-10 01:09:40+00:00,5.4127445,270.0
2018-05-10 01:09:50+00:00,3.456323,270.0
2018-05-10 01:10:00+00:00,3.929876,270.0
2018-05-10 01:10:10+00:00,4.912757,270.0
2018-05-10 01:10:20+00:00,4.8226023,270.0
2018-05-10 01:10:30+00:00,4.509342,270.0
2018-05-10 01:10:40+00:00,3.793412,270.0
2018-05-10 01:10:50+00:00,3.71415,270.0
2018-05-10 01:11:00+00:00,4.7030787,270.0
2018-05-10 01:11:10+00:00,4.868531,270.0
2018-05-10 01:11:20+00:00,5.096988,270.0
2018-05-10 01:11:30+00:00,4.156998,270.0
2018-05-10 01:11:40+00:00,4.1649394,270.0
2018-05-10 01:11:50+00:00,4.4852242,270.0
2018-05-10 01:12:00+00:00,4.512888,270.0
2018-05-10 01:12:10+00:00,4.166534,270.0
2018-05-10 01:12:20+00:00,4.7690244,270.0
2018-05-10 01:12:30+00:00,5.048478,270.0
2018-05-10 01:12:40+00:00,5.5556498,270.0
2018-05-10 01:12:50+00:00,5.2893324,270.0
2018-05-10 01:13:00+00:00,4.218969,270.0
2018-05-10 01:13:10+00:00,5.119461,270.0
2018-05-10 01:13:20+00:00,4.4092817,270.0
2018-05-10 01:13:30+00:00,4.3698397,270.0
2018-05-10 01:13:40+00:00,3.9547982,270.0
2018-05-10 01:13:50+00:00,3.426613,270.0
2018-05-10 01:14:00+00:00,3.5576828,270.0
2018-05-10 01:14:10+00:00,3.9848187,270.0
2018-05-10 01:14:20+00:00,4.625179,270.0
2018-05-10 01:14:30+00:00,4.271545,270.0
2018-05-10 01:14:40+00:00,4.5984254,270.0
2018-05-10 01:14:50+00:00,3.6441245,270.0
2018-05-10 01:15:00+00:00,4.528286,270.0
2018-05-10 01:15:10+00:00,3.9448347,270.0
2018-05-10 01:15:20+00:00,5.0195374,270.0
2018-05-10 01:15:30+00:00,3.488895,270.0
2018-05-10 01:15:40+00:00,4.706657,270.0
2018-05-10 01:15:50+00:00,4.522054,270.0
2018-05-10 01:16:00+00:00,5.1716876,270.0
2018-05-10 01:16:10+00:00,3.5904171,270.0
2018-05-10 01:16:20+00:00,4.769736,270.0
2018-05-10 01:16:30+00:00,4.372613,270.0
2018-05-10 01:16:40+00:00,5.676957,270.0
2018-05-10 01:16:50+00:00,3.3481724,270.0
2018-05-10 01:17:00+00:00,4.7884774,270.0
2018-05-10 01:17:10+00:00,4.5584,270.0
2018-05-10 01:17:20+00:00,5.347866,270.0
2018-05-10 01:17:30+00:00,3.6563542,270.0
2018-05-10 01:17:40+00:00,4.724059,270.0
2018-05-10 01:17:50+00:00,3.8301148,270.0
2018-05-10 01:18:00+00:00,4.2652717,270.0
2018-05-10 01:18:10+00:00,5.8573146,270.0
2018-05-10 01:18:20+00:00,3.7365718,270.0
2018-05-10 01:18:30+00:00,4.0947347,270.0
2018-05-10 01:18:40+00:00,3.9857397,270.0
2018-05-10 01:18:50+00:00,4.587975,270.0
2018-05-10 01:19:00+00:00,5.50515,270.0
2018-05-10 01:19:10+00:00,4.5092115,270.0
2018-05-10 01:19:20+00:00,5.134154,270.0
2018-05-10 01:19:30+00:00,5.811186,270.0
2018-05-10 01:19:40+00:00,5.166927,270.0
2018-05-10 01:19:50+00:00,3.9957917,270.0
2018-05-10 01:20:00+00:00,4.524881,270.0
2018-05-10 01:20:10+00:00,4.5179534,270.0
2018-05-10 01:20:20+00:00,4.669079,270.0
2018-05-10 01:20:30+00:00,4.39302,270.0
2018-05-10 01:20:40+00:00,2.6204627,270.0
2018-05-10 01:20:50+00:00,4.2632074,270.0
2018-05-10 01:21:00+00:00,3.4255047,270.0
2018-05-10 01:21:10+00:00,4.7180834,270.0
2018-05-10 01:21:20+00:00,5.5523634,270.0
2018-05-10 01:21:30+00:00,4.629474,270.0
2018-05-10 01:21:40+00:00,5.264914,270.0
2018-05-10 01:21:50+00:00,3.8576531,270.0
2018-05-10 01:22:00+00:00,4.747285,270.0
2018-05-10 01:22:10+00:00,4.265134,270.0
2018-05-10 01:22:20+00:00,3.5815775,270.0
2018-05-10 01:22:30+00:00,3.1766338,270.0
2018-05-10 01:22:40+00:00,4.076606,270.0
2018-05-10 01:22:50+00:00,4.120313,270.0
2018-05-10 01:23:00+00:00,4.0307207,270.0
2018-05-10 01:23:10+00:00,5.1311173,270.0
2018-05-10 01:23:20+00:00,5.1210394,270.0
2018-05-10 01:23:30+00:00,4.282191,270.0
2018-05-10 01:23:40+00:00,3.8427355,270.0
2018-05-10 01:23:50+00:00,4.3625145,270.0
2018-05-10 01:24:00+00:00,3.7316494,270.0
2018-05-10 01:24:10+00:00,4.9421363,270.0
2018-05-10 01:24:20+00:00,5.0128436,270.0
2018-05-10 01:24:30+00:00,4.5622864,270.0
2018-05-10 01:24:40+00:00,4.4017415,270.0
2018-05-10 01:24:50+00:00,5.0837812,270.0
2018-05-10 01:25:00+00:00,5.139492,270.0
2018-05-10 01:25:10+00:00,4.8522916,270.0
2018-05-10 01:25:20+00:00,5.4028206,270.0
2018-05-10 01:25:30+00:00,6.198333,270.0
2018-05-10 01:25:40+00:00,4.149715,270.0
2018-05-10 01:25:50+00:00,6.509106,270.0
2018-05-10 01:26:00+00:00,5.9781084,270.0
2018-05-10 01:26:10+00:00,4.636362,270.0
2018-05-10 01:26:20+00:00,5.924275,270.0
2018-05-10 01:26:30+00:00,4.390456,270.0
2018-05-10 01:26:40+00:00,5.764045,270.0
2018-05-10 01:26:50+00:00,4.1820307,270.0
2018-05-10 01:27:00+00:00,5.3186216,270.0
2018-05-10 01:27:10+00:00,4.8545523,270.0
2018-05-10 01:27:20+00:00,5.1285667,270.0
2018-05-10 01:27:30+00:00,4.6757655,270.0
2018-05-10 01:27:40+00:00,4.900688,270.0
2018-05-10 01:27:50+00:00,5.197502,270.0
2018-05-10 01:28:00+00:00,4.590784,270.0
2018-05-10 01:28:10+00:00,4.5342035,270.0
2018-05-10 01:28:20+00:00,5.272322,270.0
2018-05-10 01:28:30+00:00,4.6050224,270.0
2018-05-10 01:28:40+00:00,5.8502226,270.0
2018-05-10 01:28:50+00:00,5.4589357,270.0
2018-05-10 01:29:00+00:00,5.148465,270.0
2018-05-10 01:29:10+00:00,4.140481,270.0
2018-05-10 01:29:20+00:00,4.691941,270.0
2018-05-10 01:29:30+00:00,5.7021327,270.0
2018-05-10 01:29:40+00:00,5.2057285,270.0
2018-05-10 01:29:50+00:00,4.461266,270.0
2018-05-10 01:30:00+00:00,4.8857083,270.0
2018-05-10 01:30:10+00:00,4.8914385,270.0
2018-05-10 01:30:20+00:00,5.0235677,270.0
2018-05-10 01:30:30+00:00,4.6676836,270.0
2018-05-10 01:30:40+00:00,4.9363055,270.0
2018-05-10 01:30:50+00:00,4.3882313,270.0
2018-05-10 01:31:00+00:00,4.1201625,270.0
2018-05-10 01:31:10+00:00,4.9794707,270.0
2018-05-10 01:31:20+00:00,4.998039,270.0
2018-05-10 01:31:30+00:00,4.866016,270.0
2018-05-10 01:31:40+00:00,4.825684,270.0
2018-05-10 01:31:50+00:00,5.097568,270.0
2018-05-10 01:32:00+00:00,5.75094,270.0
2018-05-10 01:32:10+00:00,4.9663496,270.0
2018-05-10 01:32:20+00:00,5.348076,270.0
2018-05-10 01:32:30+00:00,4.749448,270.0
2018-05-10 01:32:40+00:00,5.506581,270.0
2018-05-10 01:32:50+00:00,5.7894683,270.0
2018-05-10 01:33:00+00:00,4.711152,270.0
2018-05-10 01:33:10+00:00,5.062594,270.0
2018-05-10 01:33:20+00:00,5.612837,270.0
2018-05-10 01:33:30+00:00,4.882843,270.0
2018-05-10 01:33:40+00:00,3.9153001,270.0
2018-05-10 01:33:50+00:00,5.488376,270.0
2018-05-10 01:34:00+00:00,5.025538,270.0
2018-05-10 01:34:10+00:00,5.243227,270.0
2018-05-10 01:34:20+00:00,4.713677,270.0
2018-05-10 01:34:30+00:00,5.1951227,270.0
2018-05-10 01:34:40+00:00,4.7746396,270.0
2018-05-10 01:34:50+00:00,4.866544,270.0
2018-05-10 01:35:00+00:00,5.1176033,270.0
2018-05-10 01:35:10+00:00,5.262083,270.0
2018-05-10 01:35:20+00:00,5.4157887,270.0
2018-05-10 01:35:30+00:00,4.917497,270.0
2018-05-10 01:35:40+00:00,5.4215994,270.0
2018-05-10 01:35:50+00:00,6.855934,270.0
2018-05-10 01:36:00+00:00,6.376891,270.0
2018-05-10 01:36:10+00:00,5.039287,270.0
2018-05-10 01:36:20+00:00,4.9602485,270.0
2018-05-10 01:36:30+00:00,4.5829606,270.0
2018-05-10 01:36:40+00:00,4.3409147,270.0
2018-05-10 01:36:50+00:00,6.9518514,270.0
2018-05-10 01:37:00+00:00,5.0980554,270.0
2018-05-10 01:37:10+00:00,5.6447062,270.0
2018-05-10 01:37:20+00:00,5.28649,270.0
2018-05-10 01:37:30+00:00,5.486541,270.0
2018-05-10 01:37:40+00:00,5.1545897,270.0
2018-05-10 01:37:50+00:00,5.7031007,270.0
2018-05-10 01:38:00+00:00,5.223749,270.0
2018-05-10 01:38:10+00:00,5.6957774,270.0
2018-05-10 01:38:20+00:00,5.021047,270.0
2018-05-10 01:38:30+00:00,6.878203,270.0
2018-05-10 01:38:40+00:00,4.7796726,270.0
2018-05-10 01:38:50+00:00,5.269349,270.0
2018-05-10 01:39:00+00:00,4.8624277,270.0
2018-05-10 01:39:10+00:00,4.147328,270.0
2018-05-10 01:39:20+00:00,5.6859727,270.0
2018-05-10 01:39:30+00:00,5.3966165,270.0
2018-05-10 01:39:40+00:00,4.532393,270.0
2018-05-10 01:39:50+00:00,5.2615004,270.0
2018-05-10 01:40:00+00:00,6.222235,270.0
2018-05-10 01:40:10+00:00,5.1688766,270.0
2018-05-10 01:40:20+00:00,5.8015866,270.0
2018-05-10 01:40:30+00:00,5.118989,270.0
2018-05-10 01:40:40+00:00,5.2682066,270.0
2018-05-10 01:40:50+00:00,3.8888693,270.0
2018-05-10 01:41:00+00:00,4.261744,270.0
2018-05-10 01:41:10+00:00,5.0892873,270.0
2018-05-10 01:41:20+00:00,4.653016,270.0
2018-05-10 01:41:30+00:00,5.4585705,270.0
2018-05-10 01:41:40+00:00,4.3416457,270.0
2018-05-10 01:41:50+00:00,4.7574778,270.0
2018-05-10 01:42:00+00:00,5.5654964,270.0
2018-05-10 01:42:10+00:00,5.446399,270.0
2018-05-10 01:42:20+00:00,6.120759,270.0
2018-05-10 01:42:30+00:00,5.157918,270.0
2018-05-10 01:42:40+00:00,6.713276,270.0
2018-05-10 01:42:50+00:00,5.6850147,270.0
2018-05-10 01:43:00+00:00,5.244022,270.0
2018-05-10 01:43:10+00:00,3.8832483,270.0
2018-05-10 01:43:20+00:00,4.814283,270.0
2018-05-10 01:43:30+00:00,5.5739098,270.0
2018-05-10 01:43:40+00:00,6.1930876,270.0
2018-05-10 01:43:50+00:00,5.128373,270.0
2018-05-10 01:44:00+00:00,5.661798,270.0
2018-05-10 01:44:10+00:00,5.5980167,270.0
2018-05-10 01:44:20+00:00,5.294196,270.0
2018-05-10 01:44:30+00:00,4.831286,270.0
2018-05-10 01:44:40+00:00,5.3256755,270.0
2018-05-10 01:44:50+00:00,4.947307,270.0
2018-05-10 01:45:00+00:00,5.604822,270.0
2018-05-10 01:45:10+00:00,5.2142615,270.0
2018-05-10 01:45:20+00:00,4.418243,270.0
2018-05-10 01:45:30+00:00,3.9808962,270.0
2018-05-10 01:45:40+00:00,4.5359516,270.0
2018-05-10 01:45:50+00:00,4.143947,270.0
2018-05-10 01:46:00+00:00,5.296422,270.0
2018-05-10 01:46:10+00:00,5.373932,270.0
2018-05-10 01:46:20+00:00,5.862338,270.0
2018-05-10 01:46:30+00:00,5.961994,270.0
2018-05-10 01:46:40+00:00,3.9969568,270.0
2018-05-10 01:46:50+00:00,5.3609653,270.0
2018-05-10 01:47:00+00:00,5.655126,270.0
2018-05-10 01:47:10+00:00,5.223941,270.0
2018-05-10 01:47:20+00:00,5.1489573,270.0
2018-05-10 01:47:30+00:00,6.484867,270.0
2018-05-10 01:47:40+00:00,5.7918353,270.0
2018-05-10 01:47:50+00:00,6.3022747,270.0
2018-05-10 01:48:00+00:00,5.1247168,270.0
2018-05-10 01:48:10+00:00,5.7359314,270.0
2018-05-10 01:48:20+00:00,5.519282,270.0
2018-05-10 01:48:30+00:00,5.874402,270.0
2018-05-10 01:48:40+00:00,6.243527,270.0
2018-05-10 01:48:50+00:00,5.4545817,270.0
2018-05-10 01:49:00+00:00,5.7360783,270.0
2018-05-10 01:49:10+00:00,6.422823,270.0
2018-05-10 01:49:20+00:00,6.022158,270.0
2018-05-10 01:49:30+00:00,5.7572393,270.0
2018-05-10 01:49:40+00:00,5.552382,270.0
2018-05-10 01:49:50+00:00,5.4080667,270.0
2018-05-10 01:50:00+00:00,4.719895,270.0
2018-05-10 01:50:10+00:00,5.4924283,270.0
2018-05-10 01:50:20+00:00,6.0957747,270.0
2018-05-10 01:50:30+00:00,5.6462827,270.0
2018-05-10 01:50:40+00:00,6.4047027,270.0
2018-05-10 01:50:50+00:00,5.2975407,270.0
2018-05-10 01:51:00+00:00,7.1427326,270.0
2018-05-10 01:51:10+00:00,5.2847753,270.0
2018-05-10 01:51:20+00:00,5.5667996,270.0
2018-05-10 01:51:30+00:00,4.749594,270.0
2018-05-10 01:51:40+00:00,5.651877,270.0
2018-05-10 01:51:50+00:00,5.914343,270.0
2018-05-10 01:52:00+00:00,5.606809,270.0
2018-05-10 01:52:10+00:00,5.886799,270.0
2018-05-10 01:52:20+00:00,5.7333837,270.0
2018-05-10 01:52:30+00:00,5.531526,270.0
2018-05-10 01:52:40+00:00,4.9091773,270.0
2018-05-10 01:52:50+00:00,5.142605,270.0
2018-05-10 01:53:00+00:00,6.058,270.0
2018-05-10 01:53:10+00:00,5.922369,270.0
2018-05-10 01:53:20+00:00,5.007889,270.0
2018-05-10 01:53:30+00:00,5.7209215,270.0
2018-05-10 01:53:40+00:00,5.137958,270.0
2018-05-10 01:53:50+00:00,6.2102423,270.0
2018-05-10 01:54:00+00:00,5.700379,270.0
2018-05-10 01:54:10+00:00,5.5080085,270.0
2018-05-10 01:54:20+00:00,4.8724747,270.0
2018-05-10 01:54:30+00:00,5.71687,270.0
2018-05-10 01:54:40+00:00,4.8320136,270.0
2018-05-10 01:54:50+00:00,4.156538,270.0
2018-05-10 01:55:00+00:00,5.1232677,270.0
2018-05-10 01:55:10+00:00,6.210093,270.0
2018-05-10 01:55:20+00:00,5.1262116,270.0
2018-05-10 01:55:30+00:00,4.8302846,270.0
2018-05-10 01:55:40+00:00,4.3539724,270.0
2018-05-10 01:55:50+00:00,5.5044227,270.0
2018-05-10 01:56:00+00:00,6.647799,270.0
2018-05-10 01:56:10+00:00,6.459383,270.0
2018-05-10 01:56:20+00:00,5.868846,270.0
2018-05-10 01:56:30+00:00,6.4994946,270.0
2018-05-10 01:56:40+00:00,5.853721,270.0
2018-05-10 01:56:50+00:00,4.6344304,270.0
2018-05-10 01:57:00+00:00,5.271293,270.0
2018-05-10 01:57:10+00:00,4.1813264,270.0
2018-05-10 01:57:20+00:00,6.1055493,270.0
2018-05-10 01:57:30+00:00,5.529051,270.0
2018-05-10 01:57:40+00:00,5.089086,270.0
2018-05-10 01:57:50+00:00,5.7338676,270.0
2018-05-10 01:58:00+00:00,5.30354,270.0
2018-05-10 01:58:10+00:00,4.88143,270.0
2018-05-10 01:58:20+00:00,5.9341836,270.0
2018-05-10 01:58:30+00:00,5.439525,270.0
2018-05-10 01:58:40+00:00,6.0402184,270.0
2018-05-10 01:58:50+00:00,6.444584,270.0
2018-05-10 01:59:00+00:00,6.1716933,270.0
2018-05-10 01:59:10+00:00,6.4226484,270.0
2018-05-10 01:59:20+00:00,6.438693,270.0
2018-05-10 01:59:30+00:00,5.777128,270.0
2018-05-10 01:59:40+00:00,5.5257893,270.0
2018-05-10 01:59:50+00:00,4.842569,270.0
2018-05-10 02:00:00+00:00,6.2299824,270.0
2018-05-10 02:00:10+00:00,5.2779183,270.0
2018-05-10 02:00:20+00:00,5.647186,270.0
2018-05-10 02:00:30+00:00,5.9510536,270.0
2018-05-10 02:00:40+00:00,5.2779884,270.0
2018-05-10 02:00:50+00:00,5.8232584,270.0
2018-05-10 02:01:00+00:00,4.7604256,270.0
2018-05-10 02:01:10+00:00,5.814958,270.0
2018-05-10 02:01:20+00:00,7.0630608,270.0
2018-05-10 02:01:30+00:00,5.6758394,270.0
2018-05-10 02:01:40+00:00,4.3923798,270.0
2018-05-10 02:01:50+00:00,5.0358915,270.0
2018-05-10 02:02:00+00:00,5.6802535,270.0
2018-05-10 02:02:10+00:00,4.9920344,270.0
2018-05-10 02:02:20+00:00,5.407129,270.0
2018-05-10 02:02:30+00:00,5.912411,270.0
2018-05-10 02:02:40+00:00,5.8717422,270.0
2018-05-10 02:02:50+00:00,5.3527613,270.0
2018-05-10 02:03:00+00:00,5.186005,270.0
2018-05-10 02:03:10+00:00,5.4343486,270.0
2018-05-10 02:03:20+00:00,6.1384664,270.0
2018-05-10 02:03:30+00:00,5.3887634,270.0
2018-05-10 02:03:40+00:00,5.0429244,270.0
2018-05-10 02:03:50+00:00,5.911075,270.0
2018-05-10 02:04:00+00:00,4.150693,270.0
2018-05-10 02:04:10+00:00,6.0671935,270.0
2018-05-10 02:04:20+00:00,5.6986895,270.0
2018-05-10 02:04:30+00:00,5.382106,270.0
2018-05-10 02:04:40+00:00,5.485387,270.0
2018-05-10 02:04:50+00:00,6.062002,270.0
2018-05-10 02:05:00+00:00,6.729181,270.0
2018-05-10 02:05:10+00:00,5.2849,270.0
2018-05-10 02:05:20+00:00,5.5614285,270.0
2018-05-10 02:05:30+00:00,5.7163243,270.0
2018-05-10 02:05:40+00:00,4.926536,270.0
2018-05-10 02:05:50+00:00,4.872496,270.0
2018-05-10 02:06:00+00:00,5.2953973,270.0
2018-05-10 02:06:10+00:00,6.265787,270.0
2018-05-10 02:06:20+00:00,5.7484627,270.0
2018-05-10 02:06:30+00:00,5.7936387,270.0
2018-05-10 02:06:40+00:00,5.965932,270.0
2018-05-10 02:06:50+00:00,4.887302,270.0
2018-05-10 02:07:00+00:00,5.2659955,270.0
2018-05-10 02:07:10+00:00,6.2176437,270.0
2018-05-10 02:07:20+00:00,6.8859277,270.0
2018-05-10 02:07:30+00:00,4.586835,270.0
2018-05-10 02:07:40+00:00,6.085916,270.0
2018-05-10 02:07:50+00:00,6.469204,270.0
2018-05-10 02:08:00+00:00,6.4467745,270.0
2018-05-10 02:08:10+00:00,5.8436503,270.0
2018-05-10 02:08:20+00:00,6.394019,270.0
2018-05-10 02:08:30+00:00,7.5333333,270.0
2018-05-10 02:08:40+00:00,6.15001,270.0
2018-05-10 02:08:50+00:00,6.4514337,270.0
2018-05-10 02:09:00+00:00,6.0647106,270.0
2018-05-10 02:09:10+00:00,6.237555,270.0
2018-05-10 02:09:20+00:00,6.850902,270.0
2018-05-10 02:09:30+00:00,5.659479,270.0
2018-05-10 02:09:40+00:00,4.6399,270.0
2018-05-10 02:09:50+00:00,5.4465423,270.0
2018-05-10 02:10:00+00:00,5.1044054,270.0
2018-05-10 02:10:10+00:00,5.4914436,270.0
2018-05-10 02:10:20+00:00,6.577775,270.0
2018-05-10 02:10:30+00:00,5.3647294,270.0
2018-05-10 02:10:40+00:00,6.040229,270.0
2018-05-10 02:10:50+00:00,6.2718263,270.0
2018-05-10 02:11:00+00:00,5.7738905,270.0
2018-05-10 02:11:10+00:00,5.693467,270.0
2018-05-10 02:11:20+00:00,6.9562287,270.0
2018-05-10 02:11:30+00:00,5.3722286,270.0
2018-05-10 02:11:40+00:00,4.286045,270.0
2018-05-10 02:11:50+00:00,5.7925487,270.0
2018-05-10 02:12:00+00:00,5.348567,270.0
2018-05-10 02:12:10+00:00,4.9098635,270.0
2018-05-10 02:12:20+00:00,5.9754667,270.0
2018-05-10 02:12:30+00:00,5.541912,270.0
2018-05-10 02:12:40+00:00,6.1582375,270.0
2018-05-10 02:12:50+00:00,5.6294775,270.0
2018-05-10 02:13:00+00:00,5.7235756,270.0
2018-05-10 02:13:10+00:00,5.7809577,270.0
2018-05-10 02:13:20+00:00,5.4614224,270.0
2018-05-10 02:13:30+00:00,5.876603,270.0
2018-05-10 02:13:40+00:00,5.3596706,270.0
2018-05-10 02:13:50+00:00,5.6207557,270.0
2018-05-10 02:14:00+00:00,5.7132244,270.0
2018-05-10 02:14:10+00:00,5.5621266,270.0
2018-05-10 02:14:20+00:00,6.446312,270.0
2018-05-10 02:14:30+00:00,5.487135,270.0
2018-05-10 02:14:40+00:00,4.268464,270.0
2018-05-10 02:14:50+00:00,3.9267266,270.0
2018-05-10 02:15:00+00:00,5.419908,270.0
2018-05-10 02:15:10+00:00,5.39162,270.0
2018-05-10 02:15:20+00:00,5.7894053,270.0
2018-05-10 02:15:30+00:00,5.540529,270.0
2018-05-10 02:15:40+00:00,6.039302,270.0
2018-05-10 02:15:50+00:00,6.055482,270.0
2018-05-10 02:16:00+00:00,5.7563324,270.0
2018-05-10 02:16:10+00:00,7.124059,270.0
2018-05-10 02:16:20+00:00,6.405256,270.0
2018-05-10 02:16:30+00:00,7.379318,270.0
2018-05-10 02:16:40+00:00,4.536276,270.0
2018-05-10 02:16:50+00:00,5.6428485,270.0
2018-05-10 02:17:00+00:00,6.2221475,270.0
2018-05-10 02:17:10+00:00,5.819623,270.0
2018-05-10 02:17:20+00:00,6.139036,270.0
2018-05-10 02:17:30+00:00,6.5409756,270.0
2018-05-10 02:17:40+00:00,5.043582,270.0
2018-05-10 02:17:50+00:00,6.4641314,270.0
2018-05-10 02:18:00+00:00,5.9374127,270.0
2018-05-10 02:18:10+00:00,5.646092,270.0
2018-05-10 02:18:20+00:00,4.9791946,270.0
2018-05-10 02:18:30+00:00,5.460465,270.0
2018-05-10 02:18:40+00:00,5.1142936,270.0
2018-05-10 02:18:50+00:00,6.5775843,270.0
2018-05-10 02:19:00+00:00,5.806917,270.0
2018-05-10 02:19:10+00:00,5.43247,270.0
2018-05-10 02:19:20+00:00,5.9281616,270.0
2018-05-10 02:19:30+00:00,5.5757113,270.0
2018-05-10 02:19:40+00:00,5.755414,270.0
2018-05-10 02:19:50+00:00,7.159966,270.0
2018-05-10 02:20:00+00:00,5.0511103,270.0
2018-05-10 02:20:10+00:00,6.346022,270.0
2018-05-10 02:20:20+00:00,5.120758,270.0
2018-05-10 02:20:30+00:00,7.0286646,270.0
2018-05-10 02:20:40+00:00,5.429689,270.0
2018-05-10 02:20:50+00:00,6.094428,270.0
2018-05-10 02:21:00+00:00,5.7741394,270.0
2018-05-10 02:21:10+00:00,5.1300125,270.0
2018-05-10 02:21:20+00:00,6.0418715,270.0
2018-05-10 02:21:30+00:00,5.525184,270.0
2018-05-10 02:21:40+00:00,6.754473,270.0
2018-05-10 02:21:50+00:00,6.690351,270.0
2018-05-10 02:22:00+00:00,6.182856,270.0
2018-05-10 02:22:10+00:00,6.274209,270.0
2018-05-10 02:22:20+00:00,5.954441,270.0
2018-05-10 02:22:30+00:00,6.3945675,270.0
2018-05-10 02:22:40+00:00,6.541173,270.0
2018-05-10 02:22:50+00:00,5.5049415,270.0
2018-05-10 02:23:00+00:00,5.594693,270.0
2018-05-10 02:23:10+00:00,6.0868163,270.0
2018-05-10 02:23:20+00:00,5.722621,270.0
2018-05-10 02:23:30+00:00,6.3065977,270.0
2018-05-10 02:23:40+00:00,5.897816,270.0
2018-05-10 02:23:50+00:00,6.489593,270.0
2018-05-10 02:24:00+00:00,6.69094,270.0
2018-05-10 02:24:10+00:00,5.301542,270.0
2018-05-10 02:24:20+00:00,6.274222,270.0
2018-05-10 02:24:30+00:00,4.774569,270.0
2018-05-10 02:24:40+00:00,6.162299,270.0
2018-05-10 02:24:50+00:00,6.9423656,270.0
2018-05-10 02:25:00+00:00,5.786203,270.0
2018-05-10 02:25:10+00:00,7.0172296,270.0
2018-05-10 02:25:20+00:00,5.913909,270.0
2018-05-10 02:25:30+00:00,6.2871194,270.0
2018-05-10 02:25:40+00:00,5.0865245,270.0
2018-05-10 02:25:50+00:00,6.42734,270.0
2018-05-10 02:26:00+00:00,5.620703,270.0
2018-05-10 02:26:10+00:00,5.3619995,270.0
2018-05-10 02:26:20+00:00,6.357222,270.0
2018-05-10 02:26:30+00:00,6.861631,270.0
2018-05-10 02:26:40+00:00,5.7124805,270.0
2018-05-10 02:26:50+00:00,6.535139,270.0
2018-05-10 02:27:00+00:00,4.8691425,270.0
2018-05-10 02:27:10+00:00,6.544149,270.0
2018-05-10 02:27:20+00:00,5.3917904,270.0
2018-05-10 02:27:30+00:00,6.242592,270.0
2018-05-10 02:27:40+00:00,5.829063,270.0
2018-05-10 02:27:50+00:00,5.518367,270.0
2018-05-10 02:28:00+00:00,4.8361406,270.0
2018-05-10 02:28:10+00:00,7.126368,270.0
2018-05-10 02:28:20+00:00,5.9873195,270.0
2018-05-10 02:28:30+00:00,4.8128643,270.0
2018-05-10 02:28:40+00:00,6.994453,270.0
2018-05-10 02:28:50+00:00,6.580993,270.0
2018-05-10 02:29:00+00:00,5.4298873,270.0
2018-05-10 02:29:10+00:00,6.2184243,270.0
2018-05-10 02:29:20+00:00,5.716557,270.0
2018-05-10 02:29:30+00:00,5.373787,270.0
2018-05-10 02:29:40+00:00,6.5059347,270.0
2018-05-10 02:29:50+00:00,7.4729986,270.0
2018-05-10 02:30:00+00:00,5.71051,270.0
2018-05-10 02:30:10+00:00,5.56493,270.0
2018-05-10 02:30:20+00:00,7.8753037,270.0
2018-05-10 02:30:30+00:00,7.3829103,270.0
2018-05-10 02:30:40+00:00,6.012586,270.0
2018-05-10 02:30:50+00:00,7.1430387,270.0
2018-05-10 02:31:00+00:00,4.58814,270.0
2018-05-10 02:31:10+00:00,6.5057387,270.0
2018-05-10 02:31:20+00:00,6.4282775,270.0
2018-05-10 02:31:30+00:00,6.979825,270.0
2018-05-10 02:31:40+00:00,6.4833317,270.0
2018-05-10 02:31:50+00:00,6.186953,270.0
2018-05-10 02:32:00+00:00,8.315532,270.0
2018-05-10 02:32:10+00:00,7.4926267,270.0
2018-05-10 02:32:20+00:00,6.4321556,270.0
2018-05-10 02:32:30+00:00,6.3718543,270.0
2018-05-10 02:32:40+00:00,6.4271464,270.0
2018-05-10 02:32:50+00:00,7.599782,270.0
2018-05-10 02:33:00+00:00,5.068724,270.0
2018-05-10 02:33:10+00:00,5.371218,270.0
2018-05-10 02:33:20+00:00,8.091081,270.0
2018-05-10 02:33:30+00:00,7.1412787,270.0
2018-05-10 02:33:40+00:00,6.3232846,270.0
2018-05-10 02:33:50+00:00,6.377959,270.0
2018-05-10 02:34:00+00:00,5.1796184,270.0
2018-05-10 02:34:10+00:00,6.73411,270.0
2018-05-10 02:34:20+00:00,7.8696637,270.0
2018-05-10 02:34:30+00:00,6.541791,270.0
2018-05-10 02:34:40+00:00,6.866887,270.0
2018-05-10 02:34:50+00:00,6.8002605,270.0
2018-05-10 02:35:00+00:00,6.277216,270.0
2018-05-10 02:35:10+00:00,7.2635436,270.0
2018-05-10 02:35:20+00:00,6.3667507,270.0
2018-05-10 02:35:30+00:00,6.7444706,270.0
2018-05-10 02:35:40+00:00,7.325183,270.0
2018-05-10 02:35:50+00:00,6.7600327,270.0
2018-05-10 02:36:00+00:00,7.2973614,270.0
2018-05-10 02:36:10+00:00,5.298711,270.0
2018-05-10 02:36:20+00:00,5.3990774,270.0
2018-05-10 02:36:30+00:00,7.065152,270.0
2018-05-10 02:36:40+00:00,7.344041,270.0
2018-05-10 02:36:50+00:00,6.1542087,270.0
2018-05-10 02:37:00+00:00,7.9426136,270.0
2018-05-10 02:37:10+00:00,6.266362,270.0
2018-05-10 02:37:20+00:00,7.3048506,270.0
2018-05-10 02:37:30+00:00,7.488373,270.0
2018-05-10 02:37:40+00:00,6.0872607,270.0
2018-05-10 02:37:50+00:00,6.4981046,270.0
2018-05-10 02:38:00+00:00,7.469947,270.0
2018-05-10 02:38:10+00:00,7.5355945,270.0
2018-05-10 02:38:20+00:00,6.238946,270.0
2018-05-10 02:38:30+00:00,6.4357414,270.0
2018-05-10 02:38:40+00:00,6.501473,270.0
2018-05-10 02:38:50+00:00,6.4227333,270.0
2018-05-10 02:39:00+00:00,8.405237,270.0
2018-05-10 02:39:10+00:00,7.879749,270.0
2018-05-10 02:39:20+00:00,6.7937984,270.0
2018-05-10 02:39:30+00:00,6.25643,270.0
2018-05-10 02:39:40+00:00,7.364989,270.0
2018-05-10 02:39:50+00:00,7.902613,270.0
2018-05-10 02:40:00+00:00,8.263328,270.0
2018-05-10 02:40:10+00:00,6.7970805,270.0
2018-05-10 02:40:20+00:00,8.357546,270.0
2018-05-10 02:40:30+00:00,7.8381987,270.0
2018-05-10 02:40:40+00:00,7.867377,270.0
2018-05-10 02:40:50+00:00,7.583119,270.0
2018-05-10 02:41:00+00:00,7.7776427,270.0
2018-05-10 02:41:10+00:00,7.254094,270.0
2018-05-10 02:41:20+00:00,6.430794,270.0
2018-05-10 02:41:30+00:00,7.6225586,270.0
2018-05-10 02:41:40+00:00,7.21346,270.0
2018-05-10 02:41:50+00:00,7.9621754,270.0
2018-05-10 02:42:00+00:00,6.5175734,270.0
2018-05-10 02:42:10+00:00,7.020666,270.0
2018-05-10 02:42:20+00:00,7.498241,270.0
2018-05-10 02:42:30+00:00,5.97954,270.0
2018-05-10 02:42:40+00:00,7.972009,270.0
2018-05-10 02:42:50+00:00,6.9094343,270.0
2018-05-10 02:43:00+00:00,8.721322,270.0
2018-05-10 02:43:10+00:00,6.5478587,270.0
2018-05-10 02:43:20+00:00,7.1333156,270.0
2018-05-10 02:43:30+00:00,6.3243237,270.0
2018-05-10 02:43:40+00:00,8.156645,270.0
2018-05-10 02:43:50+00:00,5.105152,270.0
2018-05-10 02:44:00+00:00,5.4012723,270.0
2018-05-10 02:44:10+00:00,7.6191463,270.0
2018-05-10 02:44:20+00:00,7.698239,270.0
2018-05-10 02:44:30+00:00,7.347098,270.0
2018-05-10 02:44:40+00:00,8.546307,270.0
2018-05-10 02:44:50+00:00,8.278008,270.0
2018-05-10 02:45:00+00:00,7.9082465,270.0
2018-05-10 02:45:10+00:00,6.858453,270.0
2018-05-10 02:45:20+00:00,8.646518,270.0
2018-05-10 02:45:30+00:00,7.0412526,270.0
2018-05-10 02:45:40+00:00,8.237978,270.0
2018-05-10 02:45:50+00:00,7.5369287,270.0
2018-05-10 02:46:00+00:00,6.6909814,270.0
2018-05-10 02:46:10+00:00,6.8435283,270.0
2018-05-10 02:46:20+00:00,7.4687524,270.0
2018-05-10 02:46:30+00:00,7.346482,270.0
2018-05-10 02:46:40+00:00,8.129674,270.0
2018-05-10 02:46:50+00:00,8.680417,270.0
2018-05-10 02:47:00+00:00,7.087487,270.0
2018-05-10 02:47:10+00:00,7.9269853,270.0
2018-05-10 02:47:20+00:00,6.7250643,270.0
2018-05-10 02:47:30+00:00,7.0705733,270.0
2018-05-10 02:47:40+00:00,6.632138,270.0
2018-05-10 02:47:50+00:00,7.765858,270.0
2018-05-10 02:48:00+00:00,8.199523,270.0
2018-05-10 02:48:10+00:00,8.334383,270.0
2018-05-10 02:48:20+00:00,5.9680343,270.0
2018-05-10 02:48:30+00:00,8.134438,270.0
2018-05-10 02:48:40+00:00,7.792158,270.0
2018-05-10 02:48:50+00:00,5.947867,270.0
2018-05-10 02:49:00+00:00,8.66342,270.0
2018-05-10 02:49:10+00:00,7.2893815,270.0
2018-05-10 02:49:20+00:00,7.1662107,270.0
2018-05-10 02:49:30+00:00,7.7633834,270.0
2018-05-10 02:49:40+00:00,6.314839,270.0
2018-05-10 02:49:50+00:00,6.952541,270.0
2018-05-10 02:50:00+00:00,7.70547,270.0
2018-05-10 02:50:10+00:00,8.452258,270.0
2018-05-10 02:50:20+00:00,6.2348385,270.0
2018-05-10 02:50:30+00:00,8.481897,270.0
2018-05-10 02:50:40+00:00,7.2837157,270.0
2018-05-10 02:50:50+00:00,7.467944,270.0
2018-05-10 02:51:00+00:00,8.008962,270.0
2018-05-10 02:51:10+00:00,7.2274857,270.0
2018-05-10 02:51:20+00:00,8.501054,270.0
2018-05-10 02:51:30+00:00,7.319812,270.0
2018-05-10 02:51:40+00:00,7.0491347,270.0
2018-05-10 02:51:50+00:00,7.375611,270.0
2018-05-10 02:52:00+00:00,6.6361403,270.0
2018-05-10 02:52:10+00:00,7.7387695,270.0
2018-05-10 02:52:20+00:00,7.8134303,270.0
2018-05-10 02:52:30+00:00,8.299784,270.0
2018-05-10 02:52:40+00:00,7.702265,270.0
2018-05-10 02:52:50+00:00,9.268668,270.0
2018-05-10 02:53:00+00:00,7.754149,270.0
2018-05-10 02:53:10+00:00,7.1393204,270.0
2018-05-10 02:53:20+00:00,8.183178,270.0
2018-05-10 02:53:30+00:00,7.742271,270.0
2018-05-10 02:53:40+00:00,8.96006,270.0
2018-05-10 02:53:50+00:00,7.742997,270.0
2018-05-10 02:54:00+00:00,6.775137,270.0
2018-05-10 02:54:10+00:00,8.335251,270.0
2018-05-10 02:54:20+00:00,7.5288496,270.0
2018-05-10 02:54:30+00:00,6.1884565,270.0
2018-05-10 02:54:40+00:00,7.423358,270.0
2018-05-10 02:54:50+00:00,6.678844,270.0
2018-05-10 02:55:00+00:00,6.4236727,270.0
2018-05-10 02:55:10+00:00,7.2787676,270.0
2018-05-10 02:55:20+00:00,7.8538256,270.0
2018-05-10 02:55:30+00:00,7.460983,270.0
2018-05-10 02:55:40+00:00,9.136126,270.0
2018-05-10 02:55:50+00:00,6.6130433,270.0
2018-05-10 02:56:00+00:00,6.482415,270.0
2018-05-10 02:56:10+00:00,5.8174996,270.0
2018-05-10 02:56:20+00:00,7.746934,270.0
2018-05-10 02:56:30+00:00,7.3191743,270.0
2018-05-10 02:56:40+00:00,7.012029,270.0
2018-05-10 02:56:50+00:00,5.8602176,270.0
2018-05-10 02:57:00+00:00,6.873304,270.0
2018-05-10 02:57:10+00:00,8.807365,270.0
2018-05-10 02:57:20+00:00,6.928524,270.0
2018-05-10 02:57:30+00:00,6.6419487,270.0
2018-05-10 02:57:40+00:00,7.991246,270.0
2018-05-10 02:57:50+00:00,7.95969,270.0
2018-05-10 02:58:00+00:00,7.722362,270.0
2018-05-10 02:58:10+00:00,8.730943,270.0
2018-05-10 02:58:20+00:00,7.6978393,270.0
2018-05-10 02:58:30+00:00,6.9712744,270.0
2018-05-10 02:58:40+00:00,7.613114,270.0
2018-05-10 02:58:50+00:00,8.374884,270.0
2018-05-10 02:59:00+00:00,7.8569303,270.0
2018-05-10 02:59:10+00:00,7.6794734,270.0
2018-05-10 02:59:20+00:00,8.113295,270.0
2018-05-10 02:59:30+00:00,7.2055993,270.0
2018-05-10 02:59:40+00:00,7.6739783,270.0
2018-05-10 02:59:50+00:00,7.6197414,270.0
2018-05-10 03:00:00+00:00,8.573383,270.0
2018-05-10 03:00:10+00:00,6.630807,270.0
2018-05-10 03:00:20+00:00,7.909319,270.0
2018-05-10 03:00:30+00:00,6.5728307,270.0
2018-05-10 03:00:40+00:00,7.7195177,270.0
2018-05-10 03:00:50+00:00,7.3963175,270.0
2018-05-10 03:01:00+00:00,8.557806,270.0
2018-05-10 03:01:10+00:00,7.9047623,270.0
2018-05-10 03:01:20+00:00,6.6949396,270.0
2018-05-10 03:01:30+00:00,8.471019,270.0
2018-05-10 03:01:40+00:00,8.692557,270.0
2018-05-10 03:01:50+00:00,6.816776,270.0
2018-05-10 03:02:00+00:00,7.82918,270.0
2018-05-10 03:02:10+00:00,7.935693,270.0
2018-05-10 03:02:20+00:00,7.3180747,270.0
2018-05-10 03:02:30+00:00,7.3544335,270.0
2018-05-10 03:02:40+00:00,7.9157543,270.0
2018-05-10 03:02:50+00:00,9.456429,270.0
2018-05-10 03:03:00+00:00,7.966703,270.0
2018-05-10 03:03:10+00:00,7.697219,270.0
2018-05-10 03:03:20+00:00,6.98497,270.0
2018-05-10 03:03:30+00:00,6.031166,270.0
2018-05-10 03:03:40+00:00,7.607531,270.0
2018-05-10 03:03:50+00:00,7.133569,270.0
2018-05-10 03:04:00+00:00,7.132235,270.0
2018-05-10 03:04:10+00:00,6.0821543,270.0
2018-05-10 03:04:20+00:00,7.9308434,270.0
2018-05-10 03:04:30+00:00,8.623962,270.0
2018-05-10 03:04:40+00:00,6.585603,270.0
2018-05-10 03:04:50+00:00,7.6787763,270.0
2018-05-10 03:05:00+00:00,7.678219,270.0
2018-05-10 03:05:10+00:00,8.87346,270.0
2018-05-10 03:05:20+00:00,7.966997,270.0
2018-05-10 03:05:30+00:00,6.4759088,270.0
2018-05-10 03:05:40+00:00,7.530632,270.0
2018-05-10 03:05:50+00:00,9.011004,270.0
2018-05-10 03:06:00+00:00,7.8417835,270.0
2018-05-10 03:06:10+00:00,7.7829657,270.0
2018-05-10 03:06:20+00:00,8.205516,270.0
2018-05-10 03:06:30+00:00,8.319523,270.0
2018-05-10 03:06:40+00:00,8.298112,270.0
2018-05-10 03:06:50+00:00,8.3031435,270.0
2018-05-10 03:07:00+00:00,7.610249,270.0
2018-05-10 03:07:10+00:00,7.891492,270.0
2018-05-10 03:07:20+00:00,7.4835076,270.0
2018-05-10 03:07:30+00:00,7.435746,270.0
2018-05-10 03:07:40+00:00,7.0254393,270.0
2018-05-10 03:07:50+00:00,7.290063,270.0
2018-05-10 03:08:00+00:00,8.82354,270.0
2018-05-10 03:08:10+00:00,7.703252,270.0
2018-05-10 03:08:20+00:00,8.273174,270.0
2018-05-10 03:08:30+00:00,8.732484,270.0
2018-05-10 03:08:40+00:00,9.296026,270.0
2018-05-10 03:08:50+00:00,8.48182,270.0
2018-05-10 03:09:00+00:00,8.21655,270.0
2018-05-10 03:09:10+00:00,6.936702,270.0
2018-05-10 03:09:20+00:00,5.6780148,270.0
2018-05-10 03:09:30+00:00,7.6962156,270.0
2018-05-10 03:09:40+00:00,8.124565,270.0
2018-05-10 03:09:50+00:00,8.146618,270.0
2018-05-10 03:10:00+00:00,7.5307026,270.0
2018-05-10 03:10:10+00:00,7.397917,270.0
2018-05-10 03:10:20+00:00,7.2848043,270.0
2018-05-10 03:10:30+00:00,7.6656704,270.0
2018-05-10 03:10:40+00:00,8.675394,270.0
2018-05-10 03:10:50+00:00,7.8078127,270.0
2018-05-10 03:11:00+00:00,9.85234,270.0
2018-05-10 03:11:10+00:00,7.9372506,270.0
2018-05-10 03:11:20+00:00,7.587914,270.0
2018-05-10 03:11:30+00:00,8.784899,270.0
2018-05-10 03:11:40+00:00,8.216942,270.0
2018-05-10 03:11:50+00:00,8.164535,270.0
2018-05-10 03:12:00+00:00,8.579248,270.0
2018-05-10 03:12:10+00:00,8.326583,270.0
2018-05-10 03:12:20+00:00,7.0066943,270.0
2018-05-10 03:12:30+00:00,7.5777597,270.0
2018-05-10 03:12:40+00:00,7.6897426,270.0
2018-05-10 03:12:50+00:00,8.872341,270.0
2018-05-10 03:13:00+00:00,7.9359875,270.0
2018-05-10 03:13:10+00:00,8.42236,270.0
2018-05-10 03:13:20+00:00,7.775656,270.0
2018-05-10 03:13:30+00:00,9.043507,270.0
2018-05-10 03:13:40+00:00,5.5010853,270.0
2018-05-10 03:13:50+00:00,8.306261,270.0
2018-05-10 03:14:00+00:00,7.2925577,270.0
2018-05-10 03:14:10+00:00,7.683849,270.0
2018-05-10 03:14:20+00:00,9.039487,270.0
2018-05-10 03:14:30+00:00,7.5467086,270.0
2018-05-10 03:14:40+00:00,7.196985,270.0
2018-05-10 03:14:50+00:00,8.235626,270.0
2018-05-10 03:15:00+00:00,8.510006,270.0
2018-05-10 03:15:10+00:00,7.1196237,270.0
2018-05-10 03:15:20+00:00,8.533304,270.0
2018-05-10 03:15:30+00:00,7.1698723,270.0
2018-05-10 03:15:40+00:00,9.313436,270.0
2018-05-10 03:15:50+00:00,8.110864,270.0
2018-05-10 03:16:00+00:00,8.244924,270.0
2018-05-10 03:16:10+00:00,8.65604,270.0
2018-05-10 03:16:20+00:00,4.8339887,270.0
2018-05-10 03:16:30+00:00,8.772506,270.0
2018-05-10 03:16:40+00:00,8.810811,270.0
2018-05-10 03:16:50+00:00,8.515691,270.0
2018-05-10 03:17:00+00:00,7.174849,270.0
2018-05-10 03:17:10+00:00,8.459922,270.0
2018-05-10 03:17:20+00:00,8.854718,270.0
2018-05-10 03:17:30+00:00,6.5641546,270.0
2018-05-10 03:17:40+00:00,7.0236506,270.0
2018-05-10 03:17:50+00:00,8.775133,270.0
2018-05-10 03:18:00+00:00,7.908079,270.0
2018-05-10 03:18:10+00:00,9.219186,270.0
2018-05-10 03:18:20+00:00,8.408003,270.0
2018-05-10 03:18:30+00:00,8.723181,270.0
2018-05-10 03:18:40+00:00,8.0603485,270.0
2018-05-10 03:18:50+00:00,8.582533,270.0
2018-05-10 03:19:00+00:00,7.6204367,270.0
2018-05-10 03:19:10+00:00,8.363576,270.0
2018-05-10 03:19:20+00:00,8.64773,270.0
2018-05-10 03:19:30+00:00,7.8273997,270.0
2018-05-10 03:19:40+00:00,9.794487,270.0
2018-05-10 03:19:50+00:00,8.560129,270.0
2018-05-10 03:20:00+00:00,10.011049,270.0
2018-05-10 03:20:10+00:00,9.71304,270.0
2018-05-10 03:20:20+00:00,9.050492,270.0
2018-05-10 03:20:30+00:00,7.7733397,270.0
2018-05-10 03:20:40+00:00,7.6054807,270.0
2018-05-10 03:20:50+00:00,8.123879,270.0
2018-05-10 03:21:00+00:00,8.371161,270.0
2018-05-10 03:21:10+00:00,7.9934974,270.0
2018-05-10 03:21:20+00:00,7.7265596,270.0
2018-05-10 03:21:30+00:00,8.527812,270.0
2018-05-10 03:21:40+00:00,7.2227006,270.0
2018-05-10 03:21:50+00:00,9.617851,270.0
2018-05-10 03:22:00+00:00,8.651294,270.0
2018-05-10 03:22:10+00:00,8.599649,270.0
2018-05-10 03:22:20+00:00,6.9980097,270.0
2018-05-10 03:22:30+00:00,7.7395644,270.0
2018-05-10 03:22:40+00:00,7.2593427,270.0
2018-05-10 03:22:50+00:00,7.2930527,270.0
2018-05-10 03:23:00+00:00,8.539409,270.0
2018-05-10 03:23:10+00:00,9.244818,270.0
2018-05-10 03:23:20+00:00,7.830457,270.0
2018-05-10 03:23:30+00:00,8.105975,270.0
2018-05-10 03:23:40+00:00,8.780594,270.0
2018-05-10 03:23:50+00:00,8.307771,270.0
2018-05-10 03:24:00+00:00,7.014506,270.0
2018-05-10 03:24:10+00:00,7.701528,270.0
2018-05-10 03:24:20+00:00,8.69218,270.0
2018-05-10 03:24:30+00:00,9.003605,270.0
2018-05-10 03:24:40+00:00,8.87527,270.0
2018-05-10 03:24:50+00:00,7.5604405,270.0
2018-05-10 03:25:00+00:00,7.4477835,270.0
2018-05-10 03:25:10+00:00,8.280092,270.0
2018-05-10 03:25:20+00:00,9.717293,270.0
2018-05-10 03:25:30+00:00,7.804279,270.0
2018-05-10 03:25:40+00:00,8.655263,270.0
2018-05-10 03:25:50+00:00,8.058572,270.0
2018-05-10 03:26:00+00:00,8.200493,270.0
2018-05-10 03:26:10+00:00,9.589901,270.0
2018-05-10 03:26:20+00:00,7.7808557,270.0
2018-05-10 03:26:30+00:00,9.020397,270.0
2018-05-10 03:26:40+00:00,7.3394814,270.0
2018-05-10 03:26:50+00:00,9.169987,270.0
2018-05-10 03:27:00+00:00,7.992686,270.0
2018-05-10 03:27:10+00:00,10.253502,270.0
2018-05-10 03:27:20+00:00,9.4678135,270.0
2018-05-10 03:27:30+00:00,8.1034355,270.0
2018-05-10 03:27:40+00:00,7.7407303,270.0
2018-05-10 03:27:50+00:00,8.422667,270.0
2018-05-10 03:28:00+00:00,9.903084,270.0
2018-05-10 03:28:10+00:00,8.098849,270.0
2018-05-10 03:28:20+00:00,7.6021624,270.0
2018-05-10 03:28:30+00:00,9.314084,270.0
2018-05-10 03:28:40+00:00,7.8474216,270.0
2018-05-10 03:28:50+00:00,9.532163,270.0
2018-05-10 03:29:00+00:00,7.5266285,270.0
2018-05-10 03:29:10+00:00,8.115793,270.0
2018-05-10 03:29:20+00:00,8.6546135,270.0
2018-05-10 03:29:30+00:00,9.862888,270.0
2018-05-10 03:29:40+00:00,8.656448,270.0
2018-05-10 03:29:50+00:00,10.163376,270.0
2018-05-10 03:30:00+00:00,9.762279,270.0
2018-05-10 03:30:10+00:00,11.0926695,270.0
2018-05-10 03:30:20+00:00,9.892478,270.0
2018-05-10 03:30:30+00:00,7.949995,270.0
2018-05-10 03:30:40+00:00,8.062312,270.0
2018-05-10 03:30:50+00:00,8.239623,270.0
2018-05-10 03:31:00+00:00,7.8345213,270.0
2018-05-10 03:31:10+00:00,7.616653,270.0
2018-05-10 03:31:20+00:00,8.037437,270.0
2018-05-10 03:31:30+00:00,10.9415045,270.0
2018-05-10 03:31:40+00:00,10.81962,270.0
2018-05-10 03:31:50+00:00,8.9068775,270.0
2018-05-10 03:32:00+00:00,10.660595,270.0
2018-05-10 03:32:10+00:00,8.756479,270.0
2018-05-10 03:32:20+00:00,9.520657,270.0
2018-05-10 03:32:30+00:00,7.7137036,270.0
2018-05-10 03:32:40+00:00,8.966766,270.0
2018-05-10 03:32:50+00:00,8.875052,270.0
2018-05-10 03:33:00+00:00,8.617265,270.0
2018-05-10 03:33:10+00:00,8.752944,270.0
2018-05-10 03:33:20+00:00,9.284449,270.0
2018-05-10 03:33:30+00:00,8.280582,270.0
2018-05-10 03:33:40+00:00,10.285245,270.0
2018-05-10 03:33:50+00:00,8.567505,270.0
2018-05-10 03:34:00+00:00,9.222179,270.0
2018-05-10 03:34:10+00:00,8.3002205,270.0
2018-05-10 03:34:20+00:00,8.012768,270.0
2018-05-10 03:34:30+00:00,9.510358,270.0
2018-05-10 03:34:40+00:00,9.485084,270.0
2018-05-10 03:34:50+00:00,8.805634,270.0
2018-05-10 03:35:00+00:00,9.497575,270.0
2018-05-10 03:35:10+00:00,9.329499,270.0
2018-05-10 03:35:20+00:00,7.401506,270.0
2018-05-10 03:35:30+00:00,9.137872,270.0
2018-05-10 03:35:40+00:00,9.767774,270.0
2018-05-10 03:35:50+00:00,9.433406,270.0
2018-05-10 03:36:00+00:00,9.355833,270.0
2018-05-10 03:36:10+00:00,9.422326,270.0
2018-05-10 03:36:20+00:00,8.914892,270.0
2018-05-10 03:36:30+00:00,9.56475,270.0
2018-05-10 03:36:40+00:00,8.122879,270.0
2018-05-10 03:36:50+00:00,7.9878855,270.0
2018-05-10 03:37:00+00:00,9.547572,270.0
2018-05-10 03:37:10+00:00,10.453314,270.0
2018-05-10 03:37:20+00:00,7.7809434,270.0
2018-05-10 03:37:30+00:00,7.7443037,270.0
2018-05-10 03:37:40+00:00,9.329419,270.0
2018-05-10 03:37:50+00:00,8.05194,270.0
2018-05-10 03:38:00+00:00,7.764552,270.0
2018-05-10 03:38:10+00:00,9.607311,270.0
2018-05-10 03:38:20+00:00,9.694721,270.0
2018-05-10 03:38:30+00:00,8.962754,270.0
2018-05-10 03:38:40+00:00,10.830179,270.0
2018-05-10 03:38:50+00:00,9.886926,270.0
2018-05-10 03:39:00+00:00,8.407278,270.0
2018-05-10 03:39:10+00:00,8.550738,270.0
2018-05-10 03:39:20+00:00,9.948948,270.0
2018-05-10 03:39:30+00:00,10.001972,270.0
2018-05-10 03:39:40+00:00,9.554967,270.0
2018-05-10 03:39:50+00:00,10.042401,270.0
2018-05-10 03:40:00+00:00,8.789676,270.0
2018-05-10 03:40:10+00:00,8.897972,270.0
2018-05-10 03:40:20+00:00,8.637339,270.0
2018-05-10 03:40:30+00:00,8.906357,270.0
2018-05-10 03:40:40+00:00,9.431887,270.0
2018-05-10 03:40:50+00:00,9.472045,270.0
2018-05-10 03:41:00+00:00,8.419584,270.0
2018-05-10 03:41:10+00:00,11.64065,270.0
2018-05-10 03:41:20+00:00,9.852808,270.0
2018-05-10 03:41:30+00:00,9.605065,270.0
2018-05-10 03:41:40+00:00,9.169162,270.0
2018-05-10 03:41:50+00:00,9.008189,270.0
2018-05-10 03:42:00+00:00,10.112501,270.0
2018-05-10 03:42:10+00:00,10.110785,270.0
2018-05-10 03:42:20+00:00,10.721392,270.0
2018-05-10 03:42:30+00:00,10.200741,270.0
2018-05-10 03:42:40+00:00,9.726591,270.0
2018-05-10 03:42:50+00:00,9.014989,270.0
2018-05-10 03:43:00+00:00,10.405002,270.0
2018-05-10 03:43:10+00:00,9.377445,270.0
2018-05-10 03:43:20+00:00,9.153408,270.0
2018-05-10 03:43:30+00:00,8.230983,270.0
2018-05-10 03:43:40+00:00,8.79156,270.0
2018-05-10 03:43:50+00:00,9.085523,270.0
2018-05-10 03:44:00+00:00,9.066081,270.0
2018-05-10 03:44:10+00:00,9.442737,270.0
2018-05-10 03:44:20+00:00,8.072115,270.0
2018-05-10 03:44:30+00:00,9.132066,270.0
2018-05-10 03:44:40+00:00,8.276094,270.0
2018-05-10 03:44:50+00:00,8.736311,270.0
2018-05-10 03:45:00+00:00,10.669568,270.0
2018-05-10 03:45:10+00:00,8.93286,270.0
2018-05-10 03:45:20+00:00,10.160672,270.0
2018-05-10 03:45:30+00:00,10.1935835,270.0
2018-05-10 03:45:40+00:00,8.138151,270.0
2018-05-10 03:45:50+00:00,9.982416,270.0
2018-05-10 03:46:00+00:00,10.790871,270.0
2018-05-10 03:46:10+00:00,9.660263,270.0
2018-05-10 03:46:20+00:00,9.468419,270.0
2018-05-10 03:46:30+00:00,9.733807,270.0
2018-05-10 03:46:40+00:00,9.9459,270.0
2018-05-10 03:46:50+00:00,9.233678,270.0
2018-05-10 03:47:00+00:00,10.270073,270.0
2018-05-10 03:47:10+00:00,9.243312,270.0
2018-05-10 03:47:20+00:00,10.206848,270.0
2018-05-10 03:47:30+00:00,9.0682125,270.0
2018-05-10 03:47:40+00:00,10.293403,270.0
2018-05-10 03:47:50+00:00,9.746467,270.0
2018-05-10 03:48:00+00:00,9.098865,270.0
2018-05-10 03:48:10+00:00,9.645425,270.0
2018-05-10 03:48:20+00:00,9.8605795,270.0
2018-05-10 03:48:30+00:00,10.2756,270.0
2018-05-10 03:48:40+00:00,9.485485,270.0
2018-05-10 03:48:50+00:00,9.155772,270.0
2018-05-10 03:49:00+00:00,10.144483,270.0
2018-05-10 03:49:10+00:00,10.710429,270.0
2018-05-10 03:49:20+00:00,8.7577305,270.0
2018-05-10 03:49:30+00:00,10.067995,270.0
2018-05-10 03:49:40+00:00,9.742146,270.0
2018-05-10 03:49:50+00:00,8.259611,270.0
2018-05-10 03:50:00+00:00,8.65889,270.0
2018-05-10 03:50:10+00:00,8.130848,270.0
2018-05-10 03:50:20+00:00,11.05472,270.0
2018-05-10 03:50:30+00:00,9.847369,270.0
2018-05-10 03:50:40+00:00,10.039221,270.0
2018-05-10 03:50:50+00:00,10.8651,270.0
2018-05-10 03:51:00+00:00,10.82649,270.0
2018-05-10 03:51:10+00:00,9.386918,270.0
2018-05-10 03:51:20+00:00,9.845127,270.0
2018-05-10 03:51:30+00:00,8.613503,270.0
2018-05-10 03:51:40+00:00,11.072733,270.0
2018-05-10 03:51:50+00:00,10.728321,270.0
2018-05-10 03:52:00+00:00,9.471958,270.0
2018-05-10 03:52:10+00:00,8.149345,270.0
2018-05-10 03:52:20+00:00,8.582452,270.0
2018-05-10 03:52:30+00:00,11.4826,270.0
2018-05-10 03:52:40+00:00,9.862619,270.0
2018-05-10 03:52:50+00:00,9.507048,270.0
2018-05-10 03:53:00+00:00,10.546864,270.0
2018-05-10 03:53:10+00:00,8.417026,270.0
2018-05-10 03:53:20+00:00,10.78673,270.0
2018-05-10 03:53:30+00:00,11.697442,270.0
2018-05-10 03:53:40+00:00,11.100442,270.0
2018-05-10 03:53:50+00:00,10.566601,270.0
2018-05-10 03:54:00+00:00,10.087303,270.0
2018-05-10 03:54:10+00:00,9.856564,270.0
2018-05-10 03:54:20+00:00,9.660899,270.0
2018-05-10 03:54:30+00:00,10.612859,270.0
2018-05-10 03:54:40+00:00,11.728551,270.0
2018-05-10 03:54:50+00:00,10.437567,270.0
2018-05-10 03:55:00+00:00,10.820324,270.0
2018-05-10 03:55:10+00:00,9.959025,270.0
2018-05-10 03:55:20+00:00,10.406763,270.0
2018-05-10 03:55:30+00:00,9.961141,270.0
2018-05-10 03:55:40+00:00,11.458607,270.0
2018-05-10 03:55:50+00:00,11.463144,270.0
2018-05-10 03:56:00+00:00,11.244611,270.0
2018-05-10 03:56:10+00:00,9.813012,270.0
2018-05-10 03:56:20+00:00,8.719862,270.0
2018-05-10 03:56:30+00:00,9.911582,270.0
2018-05-10 03:56:40+00:00,11.012918,270.0
2018-05-10 03:56:50+00:00,11.077965,270.0
2018-05-10 03:57:00+00:00,11.408664,270.0
2018-05-10 03:57:10+00:00,11.58586,270.0
2018-05-10 03:57:20+00:00,8.985902,270.0
2018-05-10 03:57:30+00:00,10.7792845,270.0
2018-05-10 03:57:40+00:00,11.071834,270.0
2018-05-10 03:57:50+00:00,11.59186,270.0
2018-05-10 03:58:00+00:00,10.391569,270.0
2018-05-10 03:58:10+00:00,9.716502,270.0
2018-05-10 03:58:20+00:00,11.033944,270.0
2018-05-10 03:58:30+00:00,10.880656,270.0
2018-05-10 03:58:40+00:00,10.381433,270.0
2018-05-10 03:58:50+00:00,10.599608,270.0
2018-05-10 03:59:00+00:00,11.019134,270.0
2018-05-10 03:59:10+00:00,10.988827,270.0
2018-05-10 03:59:20+00:00,11.486462,270.0
2018-05-10 03:59:30+00:00,10.067487,270.0
2018-05-10 03:59:40+00:00,10.975193,270.0
2018-05-10 03:59:50+00:00,9.576923,270.0
2018-05-10 04:00:00+00:00,10.4673395,270.0
2018-05-10 04:00:10+00:00,9.40185,270.0
2018-05-10 04:00:20+00:00,11.581996,270.0
2018-05-10 04:00:30+00:00,9.565814,270.0
2018-05-10 04:00:40+00:00,10.060458,270.0
2018-05-10 04:00:50+00:00,9.932597,270.0
2018-05-10 04:01:00+00:00,8.755363,270.0
2018-05-10 04:01:10+00:00,12.057918,270.0
2018-05-10 04:01:20+00:00,9.977429,270.0
2018-05-10 04:01:30+00:00,10.116432,270.0
2018-05-10 04:01:40+00:00,11.180494,270.0
2018-05-10 04:01:50+00:00,10.957948,270.0
2018-05-10 04:02:00+00:00,10.408529,270.0
2018-05-10 04:02:10+00:00,10.797063,270.0
2018-05-10 04:02:20+00:00,9.964793,270.0
2018-05-10 04:02:30+00:00,10.558844,270.0
2018-05-10 04:02:40+00:00,9.023455,270.0
2018-05-10 04:02:50+00:00,10.901848,270.0
2018-05-10 04:03:00+00:00,9.493561,270.0
2018-05-10 04:03:10+00:00,11.393534,270.0
2018-05-10 04:03:20+00:00,10.742142,270.0
2018-05-10 04:03:30+00:00,10.3686,270.0
2018-05-10 04:03:40+00:00,11.298055,270.0
2018-05-10 04:03:50+00:00,12.212353,270.0
2018-05-10 04:04:00+00:00,11.305481,270.0
2018-05-10 04:04:10+00:00,11.354537,270.0
2018-05-10 04:04:20+00:00,11.597856,270.0
2018-05-10 04:04:30+00:00,11.78718,270.0
2018-05-10 04:04:40+00:00,10.942212,270.0
2018-05-10 04:04:50+00:00,12.124983,270.0
2018-05-10 04:05:00+00:00,11.387914,270.0
2018-05-10 04:05:10+00:00,11.46973,270.0
2018-05-10 04:05:20+00:00,11.655006,270.0
2018-05-10 04:05:30+00:00,10.89881,270.0
2018-05-10 04:05:40+00:00,9.558727,270.0
2018-05-10 04:05:50+00:00,10.388313,270.0
2018-05-10 04:06:00+00:00,11.7860155,270.0
2018-05-10 04:06:10+00:00,10.967862,270.0
2018-05-10 04:06:20+00:00,11.442499,270.0
2018-05-10 04:06:30+00:00,10.260738,270.0
2018-05-10 04:06:40+00:00,9.981271,270.0
2018-05-10 04:06:50+00:00,8.846534,270.0
2018-05-10 04:07:00+00:00,10.55969,270.0
2018-05-10 04:07:10+00:00,12.08321,270.0
2018-05-10 04:07:20+00:00,12.595349,270.0
2018-05-10 04:07:30+00:00,11.4689,270.0
2018-05-10 04:07:40+00:00,9.656204,270.0
2018-05-10 04:07:50+00:00,12.474009,270.0
2018-05-10 04:08:00+00:00,10.064533,270.0
2018-05-10 04:08:10+00:00,12.393699,270.0
2018-05-10 04:08:20+00:00,11.770601,270.0
2018-05-10 04:08:30+00:00,9.92061,270.0
2018-05-10 04:08:40+00:00,10.801991,270.0
2018-05-10 04:08:50+00:00,9.721713,270.0
2018-05-10 04:09:00+00:00,9.716874,270.0
2018-05-10 04:09:10+00:00,12.014901,270.0
2018-05-10 04:09:20+00:00,10.779747,270.0
2018-05-10 04:09:30+00:00,11.226115,270.0
2018-05-10 04:09:40+00:00,11.272024,270.0
2018-05-10 04:09:50+00:00,11.410058,270.0
2018-05-10 04:10:00+00:00,11.083172,270.0
2018-05-10 04:10:10+00:00,10.949103,270.0
2018-05-10 04:10:20+00:00,12.4352045,270.0
2018-05-10 04:10:30+00:00,12.707485,270.0
2018-05-10 04:10:40+00:00,13.315961,270.0
2018-05-10 04:10:50+00:00,11.136039,270.0
2018-05-10 04:11:00+00:00,10.578457,270.0
2018-05-10 04:11:10+00:00,13.107789,270.0
2018-05-10 04:11:20+00:00,10.059729,270.0
2018-05-10 04:11:30+00:00,12.004307,270.0
2018-05-10 04:11:40+00:00,10.6754,270.0
2018-05-10 04:11:50+00:00,12.085882,270.0
2018-05-10 04:12:00+00:00,10.866462,270.0
2018-05-10 04:12:10+00:00,11.147871,270.0
2018-05-10 04:12:20+00:00,9.645693,270.0
2018-05-10 04:12:30+00:00,11.903642,270.0
2018-05-10 04:12:40+00:00,11.159825,270.0
2018-05-10 04:12:50+00:00,12.531016,270.0
2018-05-10 04:13:00+00:00,10.361121,270.0
2018-05-10 04:13:10+00:00,9.641613,270.0
2018-05-10 04:13:20+00:00,10.832018,270.0
2018-05-10 04:13:30+00:00,12.584059,270.0
2018-05-10 04:13:40+00:00,11.505151,270.0
2018-05-10 04:13:50+00:00,9.194252,270.0
2018-05-10 04:14:00+00:00,10.482704,270.0
2018-05-10 04:14:10+00:00,12.084566,270.0
2018-05-10 04:14:20+00:00,11.241707,270.0
2018-05-10 04:14:30+00:00,11.467093,270.0
2018-05-10 04:14:40+00:00,10.984312,270.0
2018-05-10 04:14:50+00:00,11.317273,270.0
2018-05-10 04:15:00+00:00,10.002299,270.0
2018-05-10 04:15:10+00:00,10.763208,270.0
2018-05-10 04:15:20+00:00,10.253221,270.0
2018-05-10 04:15:30+00:00,12.2237015,270.0
2018-05-10 04:15:40+00:00,12.629199,270.0
2018-05-10 04:15:50+00:00,13.012717,270.0
2018-05-10 04:16:00+00:00,10.217211,270.0
2018-05-10 04:16:10+00:00,12.483503,270.0
2018-05-10 04:16:20+00:00,9.984728,270.0
2018-05-10 04:16:30+00:00,11.455238,270.0
2018-05-10 04:16:40+00:00,11.439395,270.0
2018-05-10 04:16:50+00:00,10.171216,270.0
2018-05-10 04:17:00+00:00,12.491892,270.0
2018-05-10 04:17:10+00:00,10.430098,270.0
2018-05-10 04:17:20+00:00,9.611585,270.0
2018-05-10 04:17:30+00:00,13.542702,270.0
2018-05-10 04:17:40+00:00,11.150286,270.0
2018-05-10 04:17:50+00:00,11.324404,270.0
2018-05-10 04:18:00+00:00,11.499712,270.0
2018-05-10 04:18:10+00:00,11.056403,270.0
2018-05-10 04:18:20+00:00,11.781466,270.0
2018-05-10 04:18:30+00:00,11.110069,270.0
2018-05-10 04:18:40+00:00,9.879647,270.0
2018-05-10 04:18:50+00:00,10.764427,270.0
2018-05-10 04:19:00+00:00,12.551115,270.0
2018-05-10 04:19:10+00:00,10.751836,270.0
2018-05-10 04:19:20+00:00,10.863508,270.0
2018-05-10 04:19:30+00:00,11.588009,270.0
2018-05-10 04:19:40+00:00,11.318047,270.0
2018-05-10 04:19:50+00:00,10.350502,270.0
2018-05-10 04:20:00+00:00,11.380687,270.0
2018-05-10 04:20:10+00:00,10.963529,270.0
2018-05-10 04:20:20+00:00,13.071517,270.0
2018-05-10 04:20:30+00:00,11.061253,270.0
2018-05-10 04:20:40+00:00,11.178694,270.0
2018-05-10 04:20:50+00:00,10.16598,270.0
2018-05-10 04:21:00+00:00,12.694603,270.0
2018-05-10 04:21:10+00:00,11.12307,270.0
2018-05-10 04:21:20+00:00,9.937929,270.0
2018-05-10 04:21:30+00:00,10.356223,270.0
2018-05-10 04:21:40+00:00,10.647121,270.0
2018-05-10 04:21:50+00:00,11.740929,270.0
2018-05-10 04:22:00+00:00,11.250518,270.0
2018-05-10 04:22:10+00:00,12.03567,270.0
2018-05-10 04:22:20+00:00,11.482567,270.0
2018-05-10 04:22:30+00:00,10.037958,270.0
2018-05-10 04:22:40+00:00,10.148026,270.0
2018-05-10 04:22:50+00:00,12.170971,270.0
2018-05-10 04:23:00+00:00,10.90759,270.0
2018-05-10 04:23:10+00:00,13.269528,270.0
2018-05-10 04:23:20+00:00,12.014938,270.0
2018-05-10 04:23:30+00:00,11.163865,270.0
2018-05-10 04:23:40+00:00,10.941244,270.0
2018-05-10 04:23:50+00:00,12.185543,270.0
2018-05-10 04:24:00+00:00,13.421367,270.0
2018-05-10 04:24:10+00:00,11.721681,270.0
2018-05-10 04:24:20+00:00,12.667426,270.0
2018-05-10 04:24:30+00:00,12.098974,270.0
2018-05-10 04:24:40+00:00,12.593996,270.0
2018-05-10 04:24:50+00:00,12.1161,270.0
2018-05-10 04:25:00+00:00,13.386094,270.0
2018-05-10 04:25:10+00:00,10.607056,270.0
2018-05-10 04:25:20+00:00,12.340983,270.0
2018-05-10 04:25:30+00:00,11.161242,270.0
2018-05-10 04:25:40+00:00,11.594226,270.0
2018-05-10 04:25:50+00:00,11.201113,270.0
2018-05-10 04:26:00+00:00,12.149365,270.0
2018-05-10 04:26:10+00:00,11.906055,270.0
2018-05-10 04:26:20+00:00,10.919053,270.0
2018-05-10 04:26:30+00:00,9.30838,270.0
2018-05-10 04:26:40+00:00,12.269829,270.0
2018-05-10 04:26:50+00:00,13.3411455,270.0
2018-05-10 04:27:00+00:00,13.168409,270.0
2018-05-10 04:27:10+00:00,10.494553,270.0
2018-05-10 04:27:20+00:00,12.155143,270.0
2018-05-10 04:27:30+00:00,10.165518,270.0
2018-05-10 04:27:40+00:00,10.2603035,270.0
2018-05-10 04:27:50+00:00,11.796941,270.0
2018-05-10 04:28:00+00:00,11.724141,270.0
2018-05-10 04:28:10+00:00,12.19825,270.0
2018-05-10 04:28:20+00:00,12.836241,270.0
2018-05-10 04:28:30+00:00,8.680814,270.0
2018-05-10 04:28:40+00:00,11.80344,270.0
2018-05-10 04:28:50+00:00,11.638037,270.0
2018-05-10 04:29:00+00:00,12.825982,270.0
2018-05-10 04:29:10+00:00,13.658881,270.0
2018-05-10 04:29:20+00:00,13.1782465,270.0
2018-05-10 04:29:30+00:00,11.7280445,270.0
2018-05-10 04:29:40+00:00,11.822028,270.0
2018-05-10 04:29:50+00:00,10.963013,270.0
2018-05-10 04:30:00+00:00,10.220066,270.0
2018-05-10 04:30:10+00:00,10.673142,270.0
2018-05-10 04:30:20+00:00,12.429145,270.0
2018-05-10 04:30:30+00:00,12.918083,270.0
2018-05-10 04:30:40+00:00,11.965359,270.0
2018-05-10 04:30:50+00:00,11.4679785,270.0
2018-05-10 04:31:00+00:00,12.066574,270.0
2018-05-10 04:31:10+00:00,12.391684,270.0
2018-05-10 04:31:20+00:00,13.338203,270.0
2018-05-10 04:31:30+00:00,11.392549,270.0
2018-05-10 04:31:40+00:00,12.13898,270.0
2018-05-10 04:31:50+00:00,11.977523,270.0
2018-05-10 04:32:00+00:00,12.7283745,270.0
2018-05-10 04:32:10+00:00,11.344963,270.0
2018-05-10 04:32:20+00:00,11.555631,270.0
2018-05-10 04:32:30+00:00,10.896739,270.0
2018-05-10 04:32:40+00:00,11.640085,270.0
2018-05-10 04:32:50+00:00,11.669315,270.0
2018-05-10 04:33:00+00:00,12.076847,270.0
2018-05-10 04:33:10+00:00,11.418594,270.0
2018-05-10 04:33:20+00:00,11.628552,270.0
2018-05-10 04:33:30+00:00,12.002046,270.0
2018-05-10 04:33:40+00:00,12.077668,270.0
2018-05-10 04:33:50+00:00,12.523925,270.0
2018-05-10 04:34:00+00:00,12.7990465,270.0
2018-05-10 04:34:10+00:00,12.698044,270.0
2018-05-10 04:34:20+00:00,12.804497,270.0
2018-05-10 04:34:30+00:00,10.813038,270.0
2018-05-10 04:34:40+00:00,10.512554,270.0
2018-05-10 04:34:50+00:00,12.503056,270.0
2018-05-10 04:35:00+00:00,12.707802,270.0
2018-05-10 04:35:10+00:00,12.362769,270.0
2018-05-10 04:35:20+00:00,10.898307,270.0
2018-05-10 04:35:30+00:00,11.405517,270.0
2018-05-10 04:35:40+00:00,11.5830555,270.0
2018-05-10 04:35:50+00:00,11.0139675,270.0
2018-05-10 04:36:00+00:00,11.165194,270.0
2018-05-10 04:36:10+00:00,14.113354,270.0
2018-05-10 04:36:20+00:00,12.048745,270.0
2018-05-10 04:36:30+00:00,11.443151,270.0
2018-05-10 04:36:40+00:00,12.330597,270.0
2018-05-10 04:36:50+00:00,14.598145,270.0
2018-05-10 04:37:00+00:00,12.558779,270.0
2018-05-10 04:37:10+00:00,11.365323,270.0
2018-05-10 04:37:20+00:00,12.878944,270.0
2018-05-10 04:37:30+00:00,11.53624,270.0
2018-05-10 04:37:40+00:00,12.213972,270.0
2018-05-10 04:37:50+00:00,12.0259075,270.0
2018-05-10 04:38:00+00:00,14.128815,270.0
2018-05-10 04:38:10+00:00,12.950269,270.0
2018-05-10 04:38:20+00:00,14.298868,270.0
2018-05-10 04:38:30+00:00,14.887954,270.0
2018-05-10 04:38:40+00:00,11.885094,270.0
2018-05-10 04:38:50+00:00,11.46688,270.0
2018-05-10 04:39:00+00:00,12.797014,270.0
2018-05-10 04:39:10+00:00,13.442432,270.0
2018-05-10 04:39:20+00:00,11.906304,270.0
2018-05-10 04:39:30+00:00,11.979308,270.0
2018-05-10 04:39:40+00:00,12.205692,270.0
2018-05-10 04:39:50+00:00,13.592206,270.0
2018-05-10 04:40:00+00:00,12.523408,270.0
2018-05-10 04:40:10+00:00,12.733689,270.0
2018-05-10 04:40:20+00:00,12.24746,270.0
2018-05-10 04:40:30+00:00,11.339488,270.0
2018-05-10 04:40:40+00:00,15.189643,270.0
2018-05-10 04:40:50+00:00,13.487793,270.0
2018-05-10 04:41:00+00:00,14.215625,270.0
2018-05-10 04:41:10+00:00,12.715693,270.0
2018-05-10 04:41:20+00:00,11.730792,270.0
2018-05-10 04:41:30+00:00,11.8951235,270.0
2018-05-10 04:41:40+00:00,13.296013,270.0
2018-05-10 04:41:50+00:00,13.186845,270.0
2018-05-10 04:42:00+00:00,13.1182995,270.0
2018-05-10 04:42:10+00:00,12.464857,270.0
2018-05-10 04:42:20+00:00,10.865426,270.0
2018-05-10 04:42:30+00:00,12.281016,270.0
2018-05-10 04:42:40+00:00,11.159586,270.0
2018-05-10 04:42:50+00:00,12.285929,270.0
2018-05-10 04:43:00+00:00,11.967735,270.0
2018-05-10 04:43:10+00:00,12.800648,270.0
2018-05-10 04:43:20+00:00,12.547262,270.0
2018-05-10 04:43:30+00:00,12.278264,270.0
2018-05-10 04:43:40+00:00,12.834732,270.0
2018-05-10 04:43:50+00:00,11.308923,270.0
2018-05-10 04:44:00+00:00,12.307743,270.0
2018-05-10 04:44:10+00:00,13.2158,270.0
2018-05-10 04:44:20+00:00,12.284756,270.0
2018-05-10 04:44:30+00:00,15.129371,270.0
2018-05-10 04:44:40+00:00,12.086481,270.0
2018-05-10 04:44:50+00:00,10.25421,270.0
2018-05-10 04:45:00+00:00,13.184177,270.0
2018-05-10 04:45:10+00:00,13.143549,270.0
2018-05-10 04:45:20+00:00,11.844753,270.0
2018-05-10 04:45:30+00:00,12.192776,270.0
2018-05-10 04:45:40+00:00,13.217087,270.0
2018-05-10 04:45:50+00:00,11.153052,270.0
2018-05-10 04:46:00+00:00,12.414214,270.0
2018-05-10 04:46:10+00:00,13.923928,270.0
2018-05-10 04:46:20+00:00,12.274448,270.0
2018-05-10 04:46:30+00:00,13.942415,270.0
2018-05-10 04:46:40+00:00,14.245833,270.0
2018-05-10 04:46:50+00:00,11.691457,270.0
2018-05-10 04:47:00+00:00,13.0538645,270.0
2018-05-10 04:47:10+00:00,13.197545,270.0
2018-05-10 04:47:20+00:00,12.2872095,270.0
2018-05-10 04:47:30+00:00,11.044517,270.0
2018-05-10 04:47:40+00:00,13.418038,270.0
2018-05-10 04:47:50+00:00,13.400799,270.0
2018-05-10 04:48:00+00:00,11.956942,270.0
2018-05-10 04:48:10+00:00,12.284687,270.0
2018-05-10 04:48:20+00:00,9.9804,270.0
2018-05-10 04:48:30+00:00,12.009645,270.0
2018-05-10 04:48:40+00:00,13.608956,270.0
2018-05-10 04:48:50+00:00,10.96246,270.0
2018-05-10 04:49:00+00:00,12.715869,270.0
2018-05-10 04:49:10+00:00,11.905453,270.0
2018-05-10 04:49:20+00:00,13.173821,270.0
2018-05-10 04:49:30+00:00,11.141023,270.0
2018-05-10 04:49:40+00:00,14.546888,270.0
2018-05-10 04:49:50+00:00,12.333999,270.0
2018-05-10 04:50:00+00:00,11.671713,270.0
2018-05-10 04:50:10+00:00,11.338189,270.0
2018-05-10 04:50:20+00:00,11.285299,270.0
2018-05-10 04:50:30+00:00,12.857433,270.0
2018-05-10 04:50:40+00:00,13.1146755,270.0
2018-05-10 04:50:50+00:00,11.714208,270.0
2018-05-10 04:51:00+00:00,13.4190855,270.0
2018-05-10 04:51:10+00:00,12.456473,270.0
2018-05-10 04:51:20+00:00,14.50622,270.0
2018-05-10 04:51:30+00:00,12.481852,270.0
2018-05-10 04:51:40+00:00,12.4608755,270.0
2018-05-10 04:51:50+00:00,12.230889,270.0
2018-05-10 04:52:00+00:00,14.395848,270.0
2018-05-10 04:52:10+00:00,13.674562,270.0
2018-05-10 04:52:20+00:00,14.015514,270.0
2018-05-10 04:52:30+00:00,12.3046875,270.0
2018-05-10 04:52:40+00:00,11.721631,270.0
2018-05-10 04:52:50+00:00,13.821832,270.0
2018-05-10 04:53:00+00:00,12.271526,270.0
2018-05-10 04:53:10+00:00,13.706567,270.0
2018-05-10 04:53:20+00:00,12.96395,270.0
2018-05-10 04:53:30+00:00,11.715163,270.0
2018-05-10 04:53:40+00:00,12.872399,270.0
2018-05-10 04:53:50+00:00,13.095804,270.0
2018-05-10 04:54:00+00:00,10.967364,270.0
2018-05-10 04:54:10+00:00,12.828838,270.0
2018-05-10 04:54:20+00:00,12.603762,270.0
2018-05-10 04:54:30+00:00,12.639814,270.0
2018-05-10 04:54:40+00:00,13.104862,270.0
2018-05-10 04:54:50+00:00,12.767731,270.0
2018-05-10 04:55:00+00:00,11.680191,270.0
2018-05-10 04:55:10+00:00,13.327919,270.0
2018-05-10 04:55:20+00:00,12.2353115,270.0
2018-05-10 04:55:30+00:00,11.26739,270.0
2018-05-10 04:55:40+00:00,10.791162,270.0
2018-05-10 04:55:50+00:00,13.784548,270.0
2018-05-10 04:56:00+00:00,15.529962,270.0
2018-05-10 04:56:10+00:00,10.612331,270.0
2018-05-10 04:56:20+00:00,13.142159,270.0
2018-05-10 04:56:30+00:00,12.325356,270.0
2018-05-10 04:56:40+00:00,12.574717,270.0
2018-05-10 04:56:50+00:00,13.995247,270.0
2018-05-10 04:57:00+00:00,12.575915,270.0
2018-05-10 04:57:10+00:00,13.954017,270.0
2018-05-10 04:57:20+00:00,13.689134,270.0
2018-05-10 04:57:30+00:00,13.730162,270.0
2018-05-10 04:57:40+00:00,13.637433,270.0
2018-05-10 04:57:50+00:00,14.183502,270.0
2018-05-10 04:58:00+00:00,12.591105,270.0
2018-05-10 04:58:10+00:00,11.769434,270.0
2018-05-10 04:58:20+00:00,12.604403,270.0
2018-05-10 04:58:30+00:00,13.041705,270.0
2018-05-10 04:58:40+00:00,13.034924,270.0
2018-05-10 04:58:50+00:00,13.014951,270.0
2018-05-10 04:59:00+00:00,11.931378,270.0
2018-05-10 04:59:10+00:00,12.791212,270.0
2018-05-10 04:59:20+00:00,14.065429,270.0
2018-05-10 04:59:30+00:00,11.378668,270.0
2018-05-10 04:59:40+00:00,13.762589,270.0
2018-05-10 04:59:50+00:00,13.670759,270.0
2018-05-10 05:00:00+00:00,11.233867,270.0
2018-05-10 05:00:10+00:00,12.281452,270.0
2018-05-10 05:00:20+00:00,12.865818,270.0
2018-05-10 05:00:30+00:00,12.351955,270.0
2018-05-10 05:00:40+00:00,11.123058,270.0
2018-05-10 05:00:50+00:00,10.335803,270.0
2018-05-10 05:01:00+00:00,12.87034,270.0
2018-05-10 05:01:10+00:00,12.772867,270.0
2018-05-10 05:01:20+00:00,13.746362,270.0
2018-05-10 05:01:30+00:00,11.060511,270.0
2018-05-10 05:01:40+00:00,13.792881,270.0
2018-05-10 05:01:50+00:00,11.862233,270.0
2018-05-10 05:02:00+00:00,13.164052,270.0
2018-05-10 05:02:10+00:00,13.367965,270.0
2018-05-10 05:02:20+00:00,13.126482,270.0
2018-05-10 05:02:30+00:00,12.022679,270.0
2018-05-10 05:02:40+00:00,11.661494,270.0
2018-05-10 05:02:50+00:00,13.729641,270.0
2018-05-10 05:03:00+00:00,13.345903,270.0
2018-05-10 05:03:10+00:00,12.663745,270.0
2018-05-10 05:03:20+00:00,11.88989,270.0
2018-05-10 05:03:30+00:00,12.543972,270.0
2018-05-10 05:03:40+00:00,12.908113,270.0
2018-05-10 05:03:50+00:00,14.851203,270.0
2018-05-10 05:04:00+00:00,11.616243,270.0
2018-05-10 05:04:10+00:00,12.090006,270.0
2018-05-10 05:04:20+00:00,12.688783,270.0
2018-05-10 05:04:30+00:00,12.30904,270.0
2018-05-10 05:04:40+00:00,13.009184,270.0
2018-05-10 05:04:50+00:00,9.900337,270.0
2018-05-10 05:05:00+00:00,13.46955,270.0
2018-05-10 05:05:10+00:00,13.300845,270.0
2018-05-10 05:05:20+00:00,14.080816,270.0
2018-05-10 05:05:30+00:00,13.666187,270.0
2018-05-10 05:05:40+00:00,12.887913,270.0
2018-05-10 05:05:50+00:00,11.756879,270.0
2018-05-10 05:06:00+00:00,10.408139,270.0
2018-05-10 05:06:10+00:00,12.561451,270.0
2018-05-10 05:06:20+00:00,13.7774,270.0
2018-05-10 05:06:30+00:00,11.640376,270.0
2018-05-10 05:06:40+00:00,12.190231,270.0
2018-05-10 05:06:50+00:00,12.096896,270.0
2018-05-10 05:07:00+00:00,11.62673,270.0
2018-05-10 05:07:10+00:00,12.413921,270.0
2018-05-10 05:07:20+00:00,14.10554,270.0
2018-05-10 05:07:30+00:00,13.538142,270.0
2018-05-10 05:07:40+00:00,14.844241,270.0
2018-05-10 05:07:50+00:00,13.788375,270.0
2018-05-10 05:08:00+00:00,13.205947,270.0
2018-05-10 05:08:10+00:00,12.983541,270.0
2018-05-10 05:08:20+00:00,12.469015,270.0
2018-05-10 05:08:30+00:00,11.635689,270.0
2018-05-10 05:08:40+00:00,14.073239,270.0
2018-05-10 05:08:50+00:00,12.59242,270.0
2018-05-10 05:09:00+00:00,12.003587,270.0
2018-05-10 05:09:10+00:00,14.509671,270.0
2018-05-10 05:09:20+00:00,12.313945,270.0
2018-05-10 05:09:30+00:00,15.458322,270.0
2018-05-10 05:09:40+00:00,11.884873,270.0
2018-05-10 05:09:50+00:00,13.059027,270.0
2018-05-10 05:10:00+00:00,10.168501,270.0
2018-05-10 05:10:10+00:00,11.603707,270.0
2018-05-10 05:10:20+00:00,13.513817,270.0
2018-05-10 05:10:30+00:00,12.538665,270.0
2018-05-10 05:10:40+00:00,14.914836,270.0
2018-05-10 05:10:50+00:00,12.477195,270.0
2018-05-10 05:11:00+00:00,11.513942,270.0
2018-05-10 05:11:10+00:00,14.546683,270.0
2018-05-10 05:11:20+00:00,11.908275,270.0
2018-05-10 05:11:30+00:00,12.377594,270.0
2018-05-10 05:11:40+00:00,14.55055,270.0
2018-05-10 05:11:50+00:00,12.513341,270.0
2018-05-10 05:12:00+00:00,12.493672,270.0
2018-05-10 05:12:10+00:00,12.605877,270.0
2018-05-10 05:12:20+00:00,13.511215,270.0
2018-05-10 05:12:30+00:00,14.145089,270.0
2018-05-10 05:12:40+00:00,12.857032,270.0
2018-05-10 05:12:50+00:00,13.969541,270.0
2018-05-10 05:13:00+00:00,12.772577,270.0
2018-05-10 05:13:10+00:00,12.510438,270.0
2018-05-10 05:13:20+00:00,12.958572,270.0
2018-05-10 05:13:30+00:00,13.836311,270.0
2018-05-10 05:13:40+00:00,15.375325,270.0
2018-05-10 05:13:50+00:00,13.794689,270.0
2018-05-10 05:14:00+00:00,13.920438,270.0
2018-05-10 05:14:10+00:00,14.107781,270.0
2018-05-10 05:14:20+00:00,12.634464,270.0
2018-05-10 05:14:30+00:00,13.370711,270.0
2018-05-10 05:14:40+00:00,11.738448,270.0
2018-05-10 05:14:50+00:00,14.5061035,270.0
2018-05-10 05:15:00+00:00,10.864697,270.0
2018-05-10 05:15:10+00:00,12.370519,270.0
2018-05-10 05:15:20+00:00,13.322676,270.0
2018-05-10 05:15:30+00:00,12.86232,270.0
2018-05-10 05:15:40+00:00,12.968011,270.0
2018-05-10 05:15:50+00:00,12.987826,270.0
2018-05-10 05:16:00+00:00,12.551635,270.0
2018-05-10 05:16:10+00:00,13.129215,270.0
2018-05-10 05:16:20+00:00,13.476931,270.0
2018-05-10 05:16:30+00:00,14.811394,270.0
2018-05-10 05:16:40+00:00,12.818154,270.0
2018-05-10 05:16:50+00:00,13.057984,270.0
2018-05-10 05:17:00+00:00,14.743799,270.0
2018-05-10 05:17:10+00:00,13.687221,270.0
2018-05-10 05:17:20+00:00,13.830945,270.0
2018-05-10 05:17:30+00:00,13.41026,270.0
2018-05-10 05:17:40+00:00,11.988396,270.0
2018-05-10 05:17:50+00:00,11.235394,270.0
2018-05-10 05:18:00+00:00,13.338451,270.0
2018-05-10 05:18:10+00:00,13.603193,270.0
2018-05-10 05:18:20+00:00,15.165407,270.0
2018-05-10 05:18:30+00:00,13.2818,270.0
2018-05-10 05:18:40+00:00,15.035598,270.0
2018-05-10 05:18:50+00:00,12.231847,270.0
2018-05-10 05:19:00+00:00,14.144568,270.0
2018-05-10 05:19:10+00:00,13.481521,270.0
2018-05-10 05:19:20+00:00,13.660761,270.0
2018-05-10 05:19:30+00:00,13.848997,270.0
2018-05-10 05:19:40+00:00,14.128553,270.0
2018-05-10 05:19:50+00:00,13.113144,270.0
2018-05-10 05:20:00+00:00,12.388622,270.0
2018-05-10 05:20:10+00:00,13.172599,270.0
2018-05-10 05:20:20+00:00,12.318215,270.0
2018-05-10 05:20:30+00:00,14.323335,270.0
2018-05-10 05:20:40+00:00,14.661107,270.0
2018-05-10 05:20:50+00:00,14.864742,270.0
2018-05-10 05:21:00+00:00,12.998342,270.0
2018-05-10 05:21:10+00:00,11.9729185,270.0
2018-05-10 05:21:20+00:00,13.502676,270.0
2018-05-10 05:21:30+00:00,11.574856,270.0
2018-05-10 05:21:40+00:00,11.899859,270.0
2018-05-10 05:21:50+00:00,13.163878,270.0
2018-05-10 05:22:00+00:00,14.339988,270.0
2018-05-10 05:22:10+00:00,15.719123,270.0
2018-05-10 05:22:20+00:00,15.21866,270.0
2018-05-10 05:22:30+00:00,12.772251,270.0
2018-05-10 05:22:40+00:00,13.668166,270.0
2018-05-10 05:22:50+00:00,14.003564,270.0
2018-05-10 05:23:00+00:00,14.223476,270.0
2018-05-10 05:23:10+00:00,12.008838,270.0
2018-05-10 05:23:20+00:00,13.969654,270.0
2018-05-10 05:23:30+00:00,11.671004,270.0
2018-05-10 05:23:40+00:00,14.120179,270.0
2018-05-10 05:23:50+00:00,13.870166,270.0
2018-05-10 05:24:00+00:00,13.664538,270.0
2018-05-10 05:24:10+00:00,13.546954,270.0
2018-05-10 05:24:20+00:00,14.818736,270.0
2018-05-10 05:24:30+00:00,13.787705,270.0
2018-05-10 05:24:40+00:00,12.368734,270.0
2018-05-10 05:24:50+00:00,12.228741,270.0
2018-05-10 05:25:00+00:00,13.148233,270.0
2018-05-10 05:25:10+00:00,15.064487,270.0
2018-05-10 05:25:20+00:00,15.427833,270.0
2018-05-10 05:25:30+00:00,13.685365,270.0
2018-05-10 05:25:40+00:00,10.745289,270.0
2018-05-10 05:25:50+00:00,13.464131,270.0
2018-05-10 05:26:00+00:00,14.031398,270.0
2018-05-10 05:26:10+00:00,12.307886,270.0
2018-05-10 05:26:20+00:00,11.995364,270.0
2018-05-10 05:26:30+00:00,13.621884,270.0
2018-05-10 05:26:40+00:00,11.407488,270.0
2018-05-10 05:26:50+00:00,13.678609,270.0
2018-05-10 05:27:00+00:00,12.107873,270.0
2018-05-10 05:27:10+00:00,13.198764,270.0
2018-05-10 05:27:20+00:00,11.562554,270.0
2018-05-10 05:27:30+00:00,15.013668,270.0
2018-05-10 05:27:40+00:00,14.325506,270.0
2018-05-10 05:27:50+00:00,12.633578,270.0
2018-05-10 05:28:00+00:00,15.426019,270.0
2018-05-10 05:28:10+00:00,13.07143,270.0
2018-05-10 05:28:20+00:00,14.261827,270.0
2018-05-10 05:28:30+00:00,13.036323,270.0
2018-05-10 05:28:40+00:00,13.871116,270.0
2018-05-10 05:28:50+00:00,12.053162,270.0
2018-05-10 05:29:00+00:00,16.193594,270.0
2018-05-10 05:29:10+00:00,14.178633,270.0
2018-05-10 05:29:20+00:00,12.5513115,270.0
2018-05-10 05:29:30+00:00,11.929013,270.0
2018-05-10 05:29:40+00:00,13.264732,270.0
2018-05-10 05:29:50+00:00,14.024625,270.0
2018-05-10 05:30:00+00:00,13.116741,270.0
2018-05-10 05:30:10+00:00,11.8334,270.0
2018-05-10 05:30:20+00:00,13.913806,270.0
2018-05-10 05:30:30+00:00,11.005625,270.0
2018-05-10 05:30:40+00:00,13.596369,270.0
2018-05-10 05:30:50+00:00,11.39212,270.0
2018-05-10 05:31:00+00:00,14.0485115,270.0
2018-05-10 05:31:10+00:00,13.078002,270.0
2018-05-10 05:31:20+00:00,15.206652,270.0
2018-05-10 05:31:30+00:00,14.086166,270.0
2018-05-10 05:31:40+00:00,12.668857,270.0
2018-05-10 05:31:50+00:00,14.821195,270.0
2018-05-10 05:32:00+00:00,13.470903,270.0
2018-05-10 05:32:10+00:00,11.766925,270.0
2018-05-10 05:32:20+00:00,12.574553,270.0
2018-05-10 05:32:30+00:00,13.242106,270.0
2018-05-10 05:32:40+00:00,11.9960785,270.0
2018-05-10 05:32:50+00:00,14.0319805,270.0
2018-05-10 05:33:00+00:00,12.537435,270.0
2018-05-10 05:33:10+00:00,13.902151,270.0
2018-05-10 05:33:20+00:00,13.365265,270.0
2018-05-10 05:33:30+00:00,13.36742,270.0
2018-05-10 05:33:40+00:00,13.889812,270.0
2018-05-10 05:33:50+00:00,14.084133,270.0
2018-05-10 05:34:00+00:00,13.35976,270.0
2018-05-10 05:34:10+00:00,12.836793,270.0
2018-05-10 05:34:20+00:00,12.467953,270.0
2018-05-10 05:34:30+00:00,12.467006,270.0
2018-05-10 05:34:40+00:00,13.957681,270.0
2018-05-10 05:34:50+00:00,13.910032,270.0
2018-05-10 05:35:00+00:00,13.178805,270.0
2018-05-10 05:35:10+00:00,12.105166,270.0
2018-05-10 05:35:20+00:00,13.13224,270.0
2018-05-10 05:35:30+00:00,14.368412,270.0
2018-05-10 05:35:40+00:00,16.030317,270.0
2018-05-10 05:35:50+00:00,13.746819,270.0
2018-05-10 05:36:00+00:00,13.353337,270.0
2018-05-10 05:36:10+00:00,12.990209,270.0
2018-05-10 05:36:20+00:00,12.364341,270.0
2018-05-10 05:36:30+00:00,14.756265,270.0
2018-05-10 05:36:40+00:00,14.4543085,270.0
2018-05-10 05:36:50+00:00,12.87622,270.0
2018-05-10 05:37:00+00:00,13.264269,270.0
2018-05-10 05:37:10+00:00,13.487502,270.0
2018-05-10 05:37:20+00:00,15.555125,270.0
2018-05-10 05:37:30+00:00,14.968665,270.0
2018-05-10 05:37:40+00:00,13.225045,270.0
2018-05-10 05:37:50+00:00,14.755933,270.0
2018-05-10 05:38:00+00:00,11.291946,270.0
2018-05-10 05:38:10+00:00,13.57069,270.0
2018-05-10 05:38:20+00:00,13.38028,270.0
2018-05-10 05:38:30+00:00,15.137385,270.0
2018-05-10 05:38:40+00:00,11.146492,270.0
2018-05-10 05:38:50+00:00,11.701295,270.0
2018-05-10 05:39:00+00:00,12.983804,270.0
2018-05-10 05:39:10+00:00,13.566315,270.0
2018-05-10 05:39:20+00:00,12.485117,270.0
2018-05-10 05:39:30+00:00,15.393419,270.0
2018-05-10 05:39:40+00:00,15.717262,270.0
2018-05-10 05:39:50+00:00,14.460144,270.0
2018-05-10 05:40:00+00:00,12.460372,270.0
2018-05-10 05:40:10+00:00,12.8494835,270.0
2018-05-10 05:40:20+00:00,13.318885,270.0
2018-05-10 05:40:30+00:00,12.574359,270.0
2018-05-10 05:40:40+00:00,13.514447,270.0
2018-05-10 05:40:50+00:00,15.559378,270.0
2018-05-10 05:41:00+00:00,14.524976,270.0
2018-05-10 05:41:10+00:00,13.465983,270.0
2018-05-10 05:41:20+00:00,12.011524,270.0
2018-05-10 05:41:30+00:00,13.561396,270.0
2018-05-10 05:41:40+00:00,13.565848,270.0
2018-05-10 05:41:50+00:00,12.608996,270.0
2018-05-10 05:42:00+00:00,12.2464075,270.0
2018-05-10 05:42:10+00:00,14.689434,270.0
2018-05-10 05:42:20+00:00,13.54176,270.0
2018-05-10 05:42:30+00:00,13.5434675,270.0
2018-05-10 05:42:40+00:00,12.575816,270.0
2018-05-10 05:42:50+00:00,11.933598,270.0
2018-05-10 05:43:00+00:00,11.7882595,270.0
2018-05-10 05:43:10+00:00,14.685208,270.0
2018-05-10 05:43:20+00:00,13.573727,270.0
2018-05-10 05:43:30+00:00,12.481191,270.0
2018-05-10 05:43:40+00:00,11.027163,270.0
2018-05-10 05:43:50+00:00,15.961536,270.0
2018-05-10 05:44:00+00:00,14.48571,270.0
2018-05-10 05:44:10+00:00,14.726977,270.0
2018-05-10 05:44:20+00:00,12.273917,270.0
2018-05-10 05:44:30+00:00,13.1302395,270.0
2018-05-10 05:44:40+00:00,13.315039,270.0
2018-05-10 05:44:50+00:00,14.185301,270.0
2018-05-10 05:45:00+00:00,14.501499,270.0
2018-05-10 05:45:10+00:00,14.257842,270.0
2018-05-10 05:45:20+00:00,11.262354,270.0
2018-05-10 05:45:30+00:00,13.547676,270.0
2018-05-10 05:45:40+00:00,15.39931,270.0
2018-05-10 05:45:50+00:00,14.730955,270.0
2018-05-10 05:46:00+00:00,13.369023,270.0
2018-05-10 05:46:10+00:00,13.057751,270.0
2018-05-10 05:46:20+00:00,12.92989,270.0
2018-05-10 05:46:30+00:00,12.806889,270.0
2018-05-10 05:46:40+00:00,13.574983,270.0
2018-05-10 05:46:50+00:00,14.920183,270.0
2018-05-10 05:47:00+00:00,13.780492,270.0
2018-05-10 05:47:10+00:00,12.350694,270.0
2018-05-10 05:47:20+00:00,13.415007,270.0
2018-05-10 05:47:30+00:00,13.427543,270.0
2018-05-10 05:47:40+00:00,13.834115,270.0
2018-05-10 05:47:50+00:00,11.967068,270.0
2018-05-10 05:48:00+00:00,14.78473,270.0
2018-05-10 05:48:10+00:00,15.419929,270.0
2018-05-10 05:48:20+00:00,15.502975,270.0
2018-05-10 05:48:30+00:00,12.662268,270.0
2018-05-10 05:48:40+00:00,14.427295,270.0
2018-05-10 05:48:50+00:00,11.755596,270.0
2018-05-10 05:49:00+00:00,13.54539,270.0
2018-05-10 05:49:10+00:00,12.25012,270.0
2018-05-10 05:49:20+00:00,12.032983,270.0
2018-05-10 05:49:30+00:00,13.315145,270.0
2018-05-10 05:49:40+00:00,13.933484,270.0
2018-05-10 05:49:50+00:00,12.324733,270.0
2018-05-10 05:50:00+00:00,13.271904,270.0
2018-05-10 05:50:10+00:00,14.012699,270.0
2018-05-10 05:50:20+00:00,15.22055,270.0
2018-05-10 05:50:30+00:00,15.400233,270.0
2018-05-10 05:50:40+00:00,12.994183,270.0
2018-05-10 05:50:50+00:00,14.800286,270.0
2018-05-10 05:51:00+00:00,14.273037,270.0
2018-05-10 05:51:10+00:00,13.275331,270.0
2018-05-10 05:51:20+00:00,15.533808,270.0
2018-05-10 05:51:30+00:00,13.801341,270.0
2018-05-10 05:51:40+00:00,12.149102,270.0
2018-05-10 05:51:50+00:00,13.499128,270.0
2018-05-10 05:52:00+00:00,13.351823,270.0
2018-05-10 05:52:10+00:00,14.680112,270.0
2018-05-10 05:52:20+00:00,14.422907,270.0
2018-05-10 05:52:30+00:00,13.698342,270.0
2018-05-10 05:52:40+00:00,14.948488,270.0
2018-05-10 05:52:50+00:00,12.674134,270.0
2018-05-10 05:53:00+00:00,13.195019,270.0
2018-05-10 05:53:10+00:00,14.00921,270.0
2018-05-10 05:53:20+00:00,14.420302,270.0
2018-05-10 05:53:30+00:00,13.518444,270.0
2018-05-10 05:53:40+00:00,13.798089,270.0
2018-05-10 05:53:50+00:00,14.434629,270.0
2018-05-10 05:54:00+00:00,15.297255,270.0
2018-05-10 05:54:10+00:00,15.508736,270.0
2018-05-10 05:54:20+00:00,13.045228,270.0
2018-05-10 05:54:30+00:00,12.557567,270.0
2018-05-10 05:54:40+00:00,13.3666525,270.0
2018-05-10 05:54:50+00:00,14.540851,270.0
2018-05-10 05:55:00+00:00,12.893516,270.0
2018-05-10 05:55:10+00:00,15.232987,270.0
2018-05-10 05:55:20+00:00,13.450807,270.0
2018-05-10 05:55:30+00:00,15.291612,270.0
2018-05-10 05:55:40+00:00,11.008675,270.0
2018-05-10 05:55:50+00:00,12.485386,270.0
2018-05-10 05:56:00+00:00,15.273709,270.0
2018-05-10 05:56:10+00:00,13.6523,270.0
2018-05-10 05:56:20+00:00,15.507567,270.0
2018-05-10 05:56:30+00:00,12.490994,270.0
2018-05-10 05:56:40+00:00,13.074256,270.0
2018-05-10 05:56:50+00:00,13.824589,270.0
2018-05-10 05:57:00+00:00,13.644191,270.0
2018-05-10 05:57:10+00:00,16.000217,270.0
2018-05-10 05:57:20+00:00,13.401296,270.0
2018-05-10 05:57:30+00:00,12.90803,270.0
2018-05-10 05:57:40+00:00,15.527382,270.0
2018-05-10 05:57:50+00:00,14.116087,270.0
2018-05-10 05:58:00+00:00,15.435778,270.0
2018-05-10 05:58:10+00:00,15.184048,270.0
2018-05-10 05:58:20+00:00,15.292441,270.0
2018-05-10 05:58:30+00:00,14.076218,270.0
2018-05-10 05:58:40+00:00,13.654438,270.0
2018-05-10 05:58:50+00:00,13.11193,270.0
2018-05-10 05:59:00+00:00,13.497626,270.0
2018-05-10 05:59:10+00:00,15.79525,270.0
2018-05-10 05:59:20+00:00,14.560606,270.0
2018-05-10 05:59:30+00:00,14.149145,270.0
2018-05-10 05:59:40+00:00,14.688134,270.0
2018-05-10 05:59:50+00:00,12.851882,270.0
2018-05-10 06:00:00+00:00,13.223733,270.0
2018-05-10 06:00:10+00:00,14.13995,270.0
2018-05-10 06:00:20+00:00,12.2213745,270.0
2018-05-10 06:00:30+00:00,15.089221,270.0
2018-05-10 06:00:40+00:00,11.693632,270.0
2018-05-10 06:00:50+00:00,13.679156,270.0
2018-05-10 06:01:00+00:00,14.7887,270.0
2018-05-10 06:01:10+00:00,13.529983,270.0
2018-05-10 06:01:20+00:00,12.339205,270.0
2018-05-10 06:01:30+00:00,13.79342,270.0
2018-05-10 06:01:40+00:00,14.957018,270.0
2018-05-10 06:01:50+00:00,14.4219475,270.0
2018-05-10 06:02:00+00:00,14.06629,270.0
2018-05-10 06:02:10+00:00,12.623399,270.0
2018-05-10 06:02:20+00:00,14.912102,270.0
2018-05-10 06:02:30+00:00,13.761709,270.0
2018-05-10 06:02:40+00:00,12.805119,270.0
2018-05-10 06:02:50+00:00,14.223806,270.0
2018-05-10 06:03:00+00:00,14.003214,270.0
2018-05-10 06:03:10+00:00,14.550895,270.0
2018-05-10 06:03:20+00:00,15.119948,270.0
2018-05-10 06:03:30+00:00,14.696669,270.0
2018-05-10 06:03:40+00:00,14.891296,270.0
2018-05-10 06:03:50+00:00,13.850188,270.0
2018-05-10 06:04:00+00:00,12.102548,270.0
2018-05-10 06:04:10+00:00,13.611625,270.0
2018-05-10 06:04:20+00:00,14.934733,270.0
2018-05-10 06:04:30+00:00,15.003491,270.0
2018-05-10 06:04:40+00:00,12.86484,270.0
2018-05-10 06:04:50+00:00,15.578158,270.0
2018-05-10 06:05:00+00:00,12.899377,270.0
2018-05-10 06:05:10+00:00,15.689826,270.0
2018-05-10 06:05:20+00:00,14.166382,270.0
2018-05-10 06:05:30+00:00,15.47558,270.0
2018-05-10 06:05:40+00:00,14.524391,270.0
2018-05-10 06:05:50+00:00,14.140766,270.0
2018-05-10 06:06:00+00:00,14.081649,270.0
2018-05-10 06:06:10+00:00,12.53868,270.0
2018-05-10 06:06:20+00:00,15.30449,270.0
2018-05-10 06:06:30+00:00,14.704231,270.0
2018-05-10 06:06:40+00:00,14.33704,270.0
2018-05-10 06:06:50+00:00,13.398742,270.0
2018-05-10 06:07:00+00:00,16.449524,270.0
2018-05-10 06:07:10+00:00,15.732811,270.0
2018-05-10 06:07:20+00:00,13.832476,270.0
2018-05-10 06:07:30+00:00,12.124621,270.0
2018-05-10 06:07:40+00:00,14.984624,270.0
2018-05-10 06:07:50+00:00,14.022227,270.0
2018-05-10 06:08:00+00:00,14.520447,270.0
2018-05-10 06:08:10+00:00,13.121898,270.0
2018-05-10 06:08:20+00:00,11.656342,270.0
2018-05-10 06:08:30+00:00,14.852367,270.0
2018-05-10 06:08:40+00:00,13.861858,270.0
2018-05-10 06:08:50+00:00,15.356514,270.0
2018-05-10 06:09:00+00:00,15.153861,270.0
2018-05-10 06:09:10+00:00,14.834289,270.0
2018-05-10 06:09:20+00:00,12.448761,270.0
2018-05-10 06:09:30+00:00,13.94817,270.0
2018-05-10 06:09:40+00:00,15.319374,270.0
2018-05-10 06:09:50+00:00,11.772093,270.0
2018-05-10 06:10:00+00:00,13.170934,270.0
2018-05-10 06:10:10+00:00,13.21743,270.0
2018-05-10 06:10:20+00:00,15.455535,270.0
2018-05-10 06:10:30+00:00,12.7351465,270.0
2018-05-10 06:10:40+00:00,15.333958,270.0
2018-05-10 06:10:50+00:00,15.005512,270.0
2018-05-10 06:11:00+00:00,13.95647,270.0
2018-05-10 06:11:10+00:00,14.529596,270.0
2018-05-10 06:11:20+00:00,12.562278,270.0
2018-05-10 06:11:30+00:00,13.648991,270.0
2018-05-10 06:11:40+00:00,14.592423,270.0
2018-05-10 06:11:50+00:00,13.889491,270.0
2018-05-10 06:12:00+00:00,14.616333,270.0
2018-05-10 06:12:10+00:00,13.321696,270.0
2018-05-10 06:12:20+00:00,15.392699,270.0
2018-05-10 06:12:30+00:00,14.863189,270.0
2018-05-10 06:12:40+00:00,14.598282,270.0
2018-05-10 06:12:50+00:00,12.207511,270.0
2018-05-10 06:13:00+00:00,12.328525,270.0
2018-05-10 06:13:10+00:00,13.691064,270.0
2018-05-10 06:13:20+00:00,16.235392,270.0
2018-05-10 06:13:30+00:00,13.665471,270.0
2018-05-10 06:13:40+00:00,14.639241,270.0
2018-05-10 06:13:50+00:00,13.6997175,270.0
2018-05-10 06:14:00+00:00,13.022441,270.0
2018-05-10 06:14:10+00:00,13.175547,270.0
2018-05-10 06:14:20+00:00,13.712475,270.0
2018-05-10 06:14:30+00:00,11.985841,270.0
2018-05-10 06:14:40+00:00,15.901878,270.0
2018-05-10 06:14:50+00:00,14.909616,270.0
2018-05-10 06:15:00+00:00,12.647934,270.0
2018-05-10 06:15:10+00:00,13.509195,270.0
2018-05-10 06:15:20+00:00,14.560771,270.0
2018-05-10 06:15:30+00:00,13.668798,270.0
2018-05-10 06:15:40+00:00,15.12808,270.0
2018-05-10 06:15:50+00:00,13.792224,270.0
2018-05-10 06:16:00+00:00,14.3752365,270.0
2018-05-10 06:16:10+00:00,14.1953,270.0
2018-05-10 06:16:20+00:00,13.611763,270.0
2018-05-10 06:16:30+00:00,13.478266,270.0
2018-05-10 06:16:40+00:00,13.744525,270.0
2018-05-10 06:16:50+00:00,13.80117,270.0
2018-05-10 06:17:00+00:00,16.684145,270.0
2018-05-10 06:17:10+00:00,12.206862,270.0
2018-05-10 06:17:20+00:00,14.14482,270.0
2018-05-10 06:17:30+00:00,16.0664,270.0
2018-05-10 06:17:40+00:00,12.568557,270.0
2018-05-10 06:17:50+00:00,13.509214,270.0
2018-05-10 06:18:00+00:00,14.644248,270.0
2018-05-10 06:18:10+00:00,12.17939,270.0
2018-05-10 06:18:20+00:00,12.934071,270.0
2018-05-10 06:18:30+00:00,13.063813,270.0
2018-05-10 06:18:40+00:00,14.220915,270.0
2018-05-10 06:18:50+00:00,14.517308,270.0
2018-05-10 06:19:00+00:00,13.696586,270.0
2018-05-10 06:19:10+00:00,14.90613,270.0
2018-05-10 06:19:20+00:00,14.015544,270.0
2018-05-10 06:19:30+00:00,15.254947,270.0
2018-05-10 06:19:40+00:00,16.331673,270.0
2018-05-10 06:19:50+00:00,13.160644,270.0
2018-05-10 06:20:00+00:00,14.164529,270.0
2018-05-10 06:20:10+00:00,14.252276,270.0
2018-05-10 06:20:20+00:00,15.473977,270.0
2018-05-10 06:20:30+00:00,12.628561,270.0
2018-05-10 06:20:40+00:00,15.325887,270.0
2018-05-10 06:20:50+00:00,12.010808,270.0
2018-05-10 06:21:00+00:00,13.931219,270.0
2018-05-10 06:21:10+00:00,13.128172,270.0
2018-05-10 06:21:20+00:00,14.440893,270.0
2018-05-10 06:21:30+00:00,12.859089,270.0
2018-05-10 06:21:40+00:00,16.679525,270.0
2018-05-10 06:21:50+00:00,14.537611,270.0
2018-05-10 06:22:00+00:00,14.752987,270.0
2018-05-10 06:22:10+00:00,13.396843,270.0
2018-05-10 06:22:20+00:00,15.382253,270.0
2018-05-10 06:22:30+00:00,16.369097,270.0
2018-05-10 06:22:40+00:00,15.8365755,270.0
2018-05-10 06:22:50+00:00,14.406215,270.0
2018-05-10 06:23:00+00:00,14.446307,270.0
2018-05-10 06:23:10+00:00,12.285735,270.0
2018-05-10 06:23:20+00:00,13.267139,270.0
2018-05-10 06:23:30+00:00,14.695099,270.0
2018-05-10 06:23:40+00:00,12.385588,270.0
2018-05-10 06:23:50+00:00,14.669414,270.0
2018-05-10 06:24:00+00:00,16.454203,270.0
2018-05-10 06:24:10+00:00,13.133696,270.0
2018-05-10 06:24:20+00:00,14.540578,270.0
2018-05-10 06:24:30+00:00,15.525572,270.0
2018-05-10 06:24:40+00:00,14.760299,270.0
2018-05-10 06:24:50+00:00,14.5162735,270.0
2018-05-10 06:25:00+00:00,14.235998,270.0
2018-05-10 06:25:10+00:00,15.929058,270.0
2018-05-10 06:25:20+00:00,15.03163,270.0
2018-05-10 06:25:30+00:00,14.631027,270.0
2018-05-10 06:25:40+00:00,13.555597,270.0
2018-05-10 06:25:50+00:00,14.761596,270.0
2018-05-10 06:26:00+00:00,13.633133,270.0
2018-05-10 06:26:10+00:00,15.056589,270.0
2018-05-10 06:26:20+00:00,14.235246,270.0
2018-05-10 06:26:30+00:00,12.427384,270.0
2018-05-10 06:26:40+00:00,13.847495,270.0
2018-05-10 06:26:50+00:00,14.569525,270.0
2018-05-10 06:27:00+00:00,14.404747,270.0
2018-05-10 06:27:10+00:00,13.346604,270.0
2018-05-10 06:27:20+00:00,14.214582,270.0
2018-05-10 06:27:30+00:00,14.312581,270.0
2018-05-10 06:27:40+00:00,15.133454,270.0
2018-05-10 06:27:50+00:00,14.622328,270.0
2018-05-10 06:28:00+00:00,15.465452,270.0
2018-05-10 06:28:10+00:00,15.774442,270.0
2018-05-10 06:28:20+00:00,15.782891,270.0
2018-05-10 06:28:30+00:00,14.7223625,270.0
2018-05-10 06:28:40+00:00,13.994576,270.0
2018-05-10 06:28:50+00:00,12.6142235,270.0
2018-05-10 06:29:00+00:00,14.89531,270.0
2018-05-10 06:29:10+00:00,14.438702,270.0
2018-05-10 06:29:20+00:00,14.367013,270.0
2018-05-10 06:29:30+00:00,13.720373,270.0
2018-05-10 06:29:40+00:00,13.292551,270.0
2018-05-10 06:29:50+00:00,13.7006035,270.0
2018-05-10 06:30:00+00:00,13.518923,270.0
2018-05-10 06:30:10+00:00,14.799058,270.0
2018-05-10 06:30:20+00:00,12.611192,270.0
2018-05-10 06:30:30+00:00,14.2624855,270.0
2018-05-10 06:30:40+00:00,14.299619,270.0
2018-05-10 06:30:50+00:00,14.913454,270.0
2018-05-10 06:31:00+00:00,14.110693,270.0
2018-05-10 06:31:10+00:00,13.671075,270.0
2018-05-10 06:31:20+00:00,12.595198,270.0
2018-05-10 06:31:30+00:00,13.497716,270.0
2018-05-10 06:31:40+00:00,15.299942,270.0
2018-05-10 06:31:50+00:00,14.442267,270.0
2018-05-10 06:32:00+00:00,14.834038,270.0
2018-05-10 06:32:10+00:00,12.629551,270.0
2018-05-10 06:32:20+00:00,16.286036,270.0
2018-05-10 06:32:30+00:00,15.070136,270.0
2018-05-10 06:32:40+00:00,13.410378,270.0
2018-05-10 06:32:50+00:00,14.790273,270.0
2018-05-10 06:33:00+00:00,13.715184,270.0
2018-05-10 06:33:10+00:00,14.335544,270.0
2018-05-10 06:33:20+00:00,13.846407,270.0
2018-05-10 06:33:30+00:00,13.8524065,270.0
2018-05-10 06:33:40+00:00,13.114837,270.0
2018-05-10 06:33:50+00:00,14.289824,270.0
2018-05-10 06:34:00+00:00,13.944989,270.0
2018-05-10 06:34:10+00:00,14.067554,270.0
2018-05-10 06:34:20+00:00,14.454784,270.0
2018-05-10 06:34:30+00:00,12.510626,270.0
2018-05-10 06:34:40+00:00,14.070711,270.0
2018-05-10 06:34:50+00:00,13.593614,270.0
2018-05-10 06:35:00+00:00,12.813337,270.0
2018-05-10 06:35:10+00:00,14.024255,270.0
2018-05-10 06:35:20+00:00,16.7237,270.0
2018-05-10 06:35:30+00:00,13.541912,270.0
2018-05-10 06:35:40+00:00,12.880416,270.0
2018-05-10 06:35:50+00:00,14.600323,270.0
2018-05-10 06:36:00+00:00,13.836125,270.0
2018-05-10 06:36:10+00:00,14.0502205,270.0
2018-05-10 06:36:20+00:00,14.353792,270.0
2018-05-10 06:36:30+00:00,15.196912,270.0
2018-05-10 06:36:40+00:00,15.765105,270.0
2018-05-10 06:36:50+00:00,14.546347,270.0
2018-05-10 06:37:00+00:00,14.489028,270.0
2018-05-10 06:37:10+00:00,14.620491,270.0
2018-05-10 06:37:20+00:00,14.113948,270.0
2018-05-10 06:37:30+00:00,13.768632,270.0
2018-05-10 06:37:40+00:00,13.858121,270.0
2018-05-10 06:37:50+00:00,13.682716,270.0
2018-05-10 06:38:00+00:00,13.3713255,270.0
2018-05-10 06:38:10+00:00,13.707474,270.0
2018-05-10 06:38:20+00:00,14.524773,270.0
2018-05-10 06:38:30+00:00,12.775264,270.0
2018-05-10 06:38:40+00:00,14.806398,270.0
2018-05-10 06:38:50+00:00,12.481892,270.0
2018-05-10 06:39:00+00:00,15.439632,270.0
2018-05-10 06:39:10+00:00,14.51346,270.0
2018-05-10 06:39:20+00:00,10.334574,270.0
2018-05-10 06:39:30+00:00,11.79162,270.0
2018-05-10 06:39:40+00:00,12.879822,270.0
2018-05-10 06:39:50+00:00,14.8767605,270.0
2018-05-10 06:40:00+00:00,15.498888,270.0
2018-05-10 06:40:10+00:00,14.493518,270.0
2018-05-10 06:40:20+00:00,15.036176,270.0
2018-05-10 06:40:30+00:00,12.051539,270.0
2018-05-10 06:40:40+00:00,13.402762,270.0
2018-05-10 06:40:50+00:00,13.430147,270.0
2018-05-10 06:41:00+00:00,13.705629,270.0
2018-05-10 06:41:10+00:00,10.283292,270.0
2018-05-10 06:41:20+00:00,14.454689,270.0
2018-05-10 06:41:30+00:00,12.829553,270.0
2018-05-10 06:41:40+00:00,15.720541,270.0
2018-05-10 06:41:50+00:00,12.554525,270.0
2018-05-10 06:42:00+00:00,11.571702,270.0
2018-05-10 06:42:10+00:00,11.586299,270.0
2018-05-10 06:42:20+00:00,14.268214,270.0
2018-05-10 06:42:30+00:00,12.825819,270.0
2018-05-10 06:42:40+00:00,13.736075,270.0
2018-05-10 06:42:50+00:00,14.51176,270.0
2018-05-10 06:43:00+00:00,12.239824,270.0
2018-05-10 06:43:10+00:00,13.756933,270.0
2018-05-10 06:43:20+00:00,11.626951,270.0
2018-05-10 06:43:30+00:00,13.605132,270.0
2018-05-10 06:43:40+00:00,13.459448,270.0
2018-05-10 06:43:50+00:00,14.522773,270.0
2018-05-10 06:44:00+00:00,16.155895,270.0
2018-05-10 06:44:10+00:00,14.147321,270.0
2018-05-10 06:44:20+00:00,13.789366,270.0
2018-05-10 06:44:30+00:00,12.14821,270.0
2018-05-10 06:44:40+00:00,11.903474,270.0
2018-05-10 06:44:50+00:00,14.811336,270.0
2018-05-10 06:45:00+00:00,12.314766,270.0
2018-05-10 06:45:10+00:00,13.471908,270.0
2018-05-10 06:45:20+00:00,13.70799,270.0
2018-05-10 06:45:30+00:00,13.1500225,270.0
2018-05-10 06:45:40+00:00,13.274435,270.0
2018-05-10 06:45:50+00:00,13.952789,270.0
2018-05-10 06:46:00+00:00,13.629937,270.0
2018-05-10 06:46:10+00:00,13.562296,270.0
2018-05-10 06:46:20+00:00,15.468658,270.0
2018-05-10 06:46:30+00:00,14.381797,270.0
2018-05-10 06:46:40+00:00,14.87663,270.0
2018-05-10 06:46:50+00:00,14.020226,270.0
2018-05-10 06:47:00+00:00,12.969609,270.0
2018-05-10 06:47:10+00:00,13.950114,270.0
2018-05-10 06:47:20+00:00,16.950151,270.0
2018-05-10 06:47:30+00:00,13.762974,270.0
2018-05-10 06:47:40+00:00,13.896626,270.0
2018-05-10 06:47:50+00:00,14.640744,270.0
2018-05-10 06:48:00+00:00,13.683727,270.0
2018-05-10 06:48:10+00:00,12.829457,270.0
2018-05-10 06:48:20+00:00,12.684685,270.0
2018-05-10 06:48:30+00:00,14.125258,270.0
2018-05-10 06:48:40+00:00,13.736483,270.0
2018-05-10 06:48:50+00:00,13.688316,270.0
2018-05-10 06:49:00+00:00,14.226992,270.0
2018-05-10 06:49:10+00:00,12.23595,270.0
2018-05-10 06:49:20+00:00,13.578133,270.0
2018-05-10 06:49:30+00:00,15.137187,270.0
2018-05-10 06:49:40+00:00,13.382648,270.0
2018-05-10 06:49:50+00:00,12.426572,270.0
2018-05-10 06:50:00+00:00,14.091836,270.0
2018-05-10 06:50:10+00:00,15.5747795,270.0
2018-05-10 06:50:20+00:00,13.275903,270.0
2018-05-10 06:50:30+00:00,13.942069,270.0
2018-05-10 06:50:40+00:00,13.604823,270.0
2018-05-10 06:50:50+00:00,14.531564,270.0
2018-05-10 06:51:00+00:00,14.666075,270.0
2018-05-10 06:51:10+00:00,14.625073,270.0
2018-05-10 06:51:20+00:00,14.221128,270.0
2018-05-10 06:51:30+00:00,14.662865,270.0
2018-05-10 06:51:40+00:00,13.5141,270.0
2018-05-10 06:51:50+00:00,14.470184,270.0
2018-05-10 06:52:00+00:00,13.393525,270.0
2018-05-10 06:52:10+00:00,14.448465,270.0
2018-05-10 06:52:20+00:00,13.75849,270.0
2018-05-10 06:52:30+00:00,13.66738,270.0
2018-05-10 06:52:40+00:00,15.628488,270.0
2018-05-10 06:52:50+00:00,12.441742,270.0
2018-05-10 06:53:00+00:00,12.382858,270.0
2018-05-10 06:53:10+00:00,15.688662,270.0
2018-05-10 06:53:20+00:00,15.184527,270.0
2018-05-10 06:53:30+00:00,15.550941,270.0
2018-05-10 06:53:40+00:00,13.437149,270.0
2018-05-10 06:53:50+00:00,13.064279,270.0
2018-05-10 06:54:00+00:00,16.088623,270.0
2018-05-10 06:54:10+00:00,14.945995,270.0
2018-05-10 06:54:20+00:00,14.540117,270.0
2018-05-10 06:54:30+00:00,12.517427,270.0
2018-05-10 06:54:40+00:00,14.289871,270.0
2018-05-10 06:54:50+00:00,14.904712,270.0
2018-05-10 06:55:00+00:00,14.574839,270.0
2018-05-10 06:55:10+00:00,15.128041,270.0
2018-05-10 06:55:20+00:00,13.984001,270.0
2018-05-10 06:55:30+00:00,12.557522,270.0
2018-05-10 06:55:40+00:00,14.1965885,270.0
2018-05-10 06:55:50+00:00,15.396839,270.0
2018-05-10 06:56:00+00:00,12.623189,270.0
2018-05-10 06:56:10+00:00,13.538782,270.0
2018-05-10 06:56:20+00:00,12.540248,270.0
2018-05-10 06:56:30+00:00,13.901646,270.0
2018-05-10 06:56:40+00:00,13.9726,270.0
2018-05-10 06:56:50+00:00,13.142308,270.0
2018-05-10 06:57:00+00:00,14.948186,270.0
2018-05-10 06:57:10+00:00,15.214975,270.0
2018-05-10 06:57:20+00:00,13.462667,270.0
2018-05-10 06:57:30+00:00,13.72789,270.0
2018-05-10 06:57:40+00:00,12.144844,270.0
2018-05-10 06:57:50+00:00,16.077717,270.0
2018-05-10 06:58:00+00:00,14.224702,270.0
2018-05-10 06:58:10+00:00,13.272724,270.0
2018-05-10 06:58:20+00:00,14.733648,270.0
2018-05-10 06:58:30+00:00,14.999372,270.0
2018-05-10 06:58:40+00:00,13.1119995,270.0
2018-05-10 06:58:50+00:00,13.265134,270.0
2018-05-10 06:59:00+00:00,13.623776,270.0
2018-05-10 06:59:10+00:00,14.0114,270.0
2018-05-10 06:59:20+00:00,13.778402,270.0
2018-05-10 06:59:30+00:00,11.252263,270.0
2018-05-10 06:59:40+00:00,13.929053,270.0
2018-05-10 06:59:50+00:00,14.529277,270.0
2018-05-10 07:00:00+00:00,12.498767,270.0
2018-05-10 07:00:10+00:00,13.271209,270.0
2018-05-10 07:00:20+00:00,12.074704,270.0
2018-05-10 07:00:30+00:00,13.944133,270.0
2018-05-10 07:00:40+00:00,14.811037,270.0
2018-05-10 07:00:50+00:00,16.078224,270.0
2018-05-10 07:01:00+00:00,13.131855,270.0
2018-05-10 07:01:10+00:00,14.051547,270.0
2018-05-10 07:01:20+00:00,13.553328,270.0
2018-05-10 07:01:30+00:00,16.50708,270.0
2018-05-10 07:01:40+00:00,14.45403,270.0
2018-05-10 07:01:50+00:00,12.696677,270.0
2018-05-10 07:02:00+00:00,12.887758,270.0
2018-05-10 07:02:10+00:00,13.545241,270.0
2018-05-10 07:02:20+00:00,14.159157,270.0
2018-05-10 07:02:30+00:00,13.368084,270.0
2018-05-10 07:02:40+00:00,11.852734,270.0
2018-05-10 07:02:50+00:00,13.290771,270.0
2018-05-10 07:03:00+00:00,14.50833,270.0
2018-05-10 07:03:10+00:00,13.864518,270.0
2018-05-10 07:03:20+00:00,13.376477,270.0
2018-05-10 07:03:30+00:00,13.335343,270.0
2018-05-10 07:03:40+00:00,14.003038,270.0
2018-05-10 07:03:50+00:00,12.921787,270.0
2018-05-10 07:04:00+00:00,12.7003145,270.0
2018-05-10 07:04:10+00:00,14.651687,270.0
2018-05-10 07:04:20+00:00,13.90838,270.0
2018-05-10 07:04:30+00:00,13.411852,270.0
2018-05-10 07:04:40+00:00,12.432204,270.0
2018-05-10 07:04:50+00:00,13.994167,270.0
2018-05-10 07:05:00+00:00,13.0189905,270.0
2018-05-10 07:05:10+00:00,12.08322,270.0
2018-05-10 07:05:20+00:00,12.007981,270.0
2018-05-10 07:05:30+00:00,13.96724,270.0
2018-05-10 07:05:40+00:00,14.5113535,270.0
2018-05-10 07:05:50+00:00,13.416856,270.0
2018-05-10 07:06:00+00:00,13.826312,270.0
2018-05-10 07:06:10+00:00,14.347081,270.0
2018-05-10 07:06:20+00:00,14.437014,270.0
2018-05-10 07:06:30+00:00,13.174765,270.0
2018-05-10 07:06:40+00:00,12.424736,270.0
2018-05-10 07:06:50+00:00,14.671157,270.0
2018-05-10 07:07:00+00:00,13.824823,270.0
2018-05-10 07:07:10+00:00,14.810439,270.0
2018-05-10 07:07:20+00:00,14.072921,270.0
2018-05-10 07:07:30+00:00,13.192247,270.0
2018-05-10 07:07:40+00:00,12.156732,270.0
2018-05-10 07:07:50+00:00,13.48809,270.0
2018-05-10 07:08:00+00:00,15.103634,270.0
2018-05-10 07:08:10+00:00,14.386936,270.0
2018-05-10 07:08:20+00:00,13.300856,270.0
2018-05-10 07:08:30+00:00,13.13695,270.0
2018-05-10 07:08:40+00:00,15.445853,270.0
2018-05-10 07:08:50+00:00,12.341953,270.0
2018-05-10 07:09:00+00:00,12.825862,270.0
2018-05-10 07:09:10+00:00,14.491931,270.0
2018-05-10 07:09:20+00:00,13.473204,270.0
2018-05-10 07:09:30+00:00,14.252691,270.0
2018-05-10 07:09:40+00:00,14.428309,270.0
2018-05-10 07:09:50+00:00,15.145872,270.0
2018-05-10 07:10:00+00:00,13.089817,270.0
2018-05-10 07:10:10+00:00,14.150648,270.0
2018-05-10 07:10:20+00:00,15.391621,270.0
2018-05-10 07:10:30+00:00,14.056578,270.0
2018-05-10 07:10:40+00:00,15.124488,270.0
2018-05-10 07:10:50+00:00,14.107523,270.0
2018-05-10 07:11:00+00:00,12.495047,270.0
2018-05-10 07:11:10+00:00,14.324761,270.0
2018-05-10 07:11:20+00:00,12.676141,270.0
2018-05-10 07:11:30+00:00,13.825972,270.0
2018-05-10 07:11:40+00:00,13.645749,270.0
2018-05-10 07:11:50+00:00,12.303161,270.0
2018-05-10 07:12:00+00:00,12.347263,270.0
2018-05-10 07:12:10+00:00,13.084741,270.0
2018-05-10 07:12:20+00:00,14.855161,270.0
2018-05-10 07:12:30+00:00,13.694809,270.0
2018-05-10 07:12:40+00:00,13.067045,270.0
2018-05-10 07:12:50+00:00,16.184351,270.0
2018-05-10 07:13:00+00:00,13.556457,270.0
2018-05-10 07:13:10+00:00,13.548892,270.0
2018-05-10 07:13:20+00:00,14.543179,270.0
2018-05-10 07:13:30+00:00,12.913988,270.0
2018-05-10 07:13:40+00:00,14.807217,270.0
2018-05-10 07:13:50+00:00,13.578996,270.0
2018-05-10 07:14:00+00:00,13.722143,270.0
2018-05-10 07:14:10+00:00,13.683264,270.0
2018-05-10 07:14:20+00:00,13.341862,270.0
2018-05-10 07:14:30+00:00,12.8671055,270.0
2018-05-10 07:14:40+00:00,14.329645,270.0
2018-05-10 07:14:50+00:00,13.682051,270.0
2018-05-10 07:15:00+00:00,12.177081,270.0
2018-05-10 07:15:10+00:00,11.244002,270.0
2018-05-10 07:15:20+00:00,15.065399,270.0
2018-05-10 07:15:30+00:00,15.985958,270.0
2018-05-10 07:15:40+00:00,13.204997,270.0
2018-05-10 07:15:50+00:00,14.901735,270.0
2018-05-10 07:16:00+00:00,13.375357,270.0
2018-05-10 07:16:10+00:00,11.834043,270.0
2018-05-10 07:16:20+00:00,11.701873,270.0
2018-05-10 07:16:30+00:00,12.61793,270.0
2018-05-10 07:16:40+00:00,13.356022,270.0
2018-05-10 07:16:50+00:00,13.991937,270.0
2018-05-10 07:17:00+00:00,13.205087,270.0
2018-05-10 07:17:10+00:00,13.535122,270.0
2018-05-10 07:17:20+00:00,14.698734,270.0
2018-05-10 07:17:30+00:00,15.334561,270.0
2018-05-10 07:17:40+00:00,15.470049,270.0
2018-05-10 07:17:50+00:00,14.00074,270.0
2018-05-10 07:18:00+00:00,14.079482,270.0
2018-05-10 07:18:10+00:00,14.11495,270.0
2018-05-10 07:18:20+00:00,16.019915,270.0
2018-05-10 07:18:30+00:00,16.164566,270.0
2018-05-10 07:18:40+00:00,13.104052,270.0
2018-05-10 07:18:50+00:00,13.728167,270.0
2018-05-10 07:19:00+00:00,12.115637,270.0
2018-05-10 07:19:10+00:00,14.01182,270.0
2018-05-10 07:19:20+00:00,14.829011,270.0
2018-05-10 07:19:30+00:00,14.059682,270.0
2018-05-10 07:19:40+00:00,14.131992,270.0
2018-05-10 07:19:50+00:00,13.040951,270.0
2018-05-10 07:20:00+00:00,10.331139,270.0
2018-05-10 07:20:10+00:00,16.806713,270.0
2018-05-10 07:20:20+00:00,13.6438,270.0
2018-05-10 07:20:30+00:00,14.189806,270.0
2018-05-10 07:20:40+00:00,13.057934,270.0
2018-05-10 07:20:50+00:00,15.795457,270.0
2018-05-10 07:21:00+00:00,12.9134,270.0
2018-05-10 07:21:10+00:00,14.852242,270.0
2018-05-10 07:21:20+00:00,14.842873,270.0
2018-05-10 07:21:30+00:00,12.895187,270.0
2018-05-10 07:21:40+00:00,12.86495,270.0
2018-05-10 07:21:50+00:00,12.405579,270.0
2018-05-10 07:22:00+00:00,15.133363,270.0
2018-05-10 07:22:10+00:00,15.292224,270.0
2018-05-10 07:22:20+00:00,12.968347,270.0
2018-05-10 07:22:30+00:00,14.556552,270.0
2018-05-10 07:22:40+00:00,13.25602,270.0
2018-05-10 07:22:50+00:00,13.40378,270.0
2018-05-10 07:23:00+00:00,13.754084,270.0
2018-05-10 07:23:10+00:00,12.708724,270.0
2018-05-10 07:23:20+00:00,16.285202,270.0
2018-05-10 07:23:30+00:00,14.797921,270.0
2018-05-10 07:23:40+00:00,13.071781,270.0
2018-05-10 07:23:50+00:00,14.777787,270.0
2018-05-10 07:24:00+00:00,13.067867,270.0
2018-05-10 07:24:10+00:00,15.354798,270.0
2018-05-10 07:24:20+00:00,11.327398,270.0
2018-05-10 07:24:30+00:00,15.545539,270.0
2018-05-10 07:24:40+00:00,13.09536,270.0
2018-05-10 07:24:50+00:00,13.308178,270.0
2018-05-10 07:25:00+00:00,15.570377,270.0
2018-05-10 07:25:10+00:00,15.84826,270.0
2018-05-10 07:25:20+00:00,11.4133625,270.0
2018-05-10 07:25:30+00:00,14.000478,270.0
2018-05-10 07:25:40+00:00,13.202065,270.0
2018-05-10 07:25:50+00:00,14.479822,270.0
2018-05-10 07:26:00+00:00,11.657177,270.0
2018-05-10 07:26:10+00:00,14.541559,270.0
2018-05-10 07:26:20+00:00,13.4283,270.0
2018-05-10 07:26:30+00:00,14.150367,270.0
2018-05-10 07:26:40+00:00,14.915929,270.0
2018-05-10 07:26:50+00:00,13.725439,270.0
2018-05-10 07:27:00+00:00,12.91499,270.0
2018-05-10 07:27:10+00:00,10.440946,270.0
2018-05-10 07:27:20+00:00,12.905537,270.0
2018-05-10 07:27:30+00:00,14.790436,270.0
2018-05-10 07:27:40+00:00,15.295662,270.0
2018-05-10 07:27:50+00:00,14.307432,270.0
2018-05-10 07:28:00+00:00,13.59663,270.0
2018-05-10 07:28:10+00:00,13.5975685,270.0
2018-05-10 07:28:20+00:00,13.825128,270.0
2018-05-10 07:28:30+00:00,11.849962,270.0
2018-05-10 07:28:40+00:00,15.057834,270.0
2018-05-10 07:28:50+00:00,13.543348,270.0
2018-05-10 07:29:00+00:00,12.973763,270.0
2018-05-10 07:29:10+00:00,14.286651,270.0
2018-05-10 07:29:20+00:00,13.189577,270.0
2018-05-10 07:29:30+00:00,11.427162,270.0
2018-05-10 07:29:40+00:00,14.213803,270.0
2018-05-10 07:29:50+00:00,13.179951,270.0
2018-05-10 07:30:00+00:00,13.1170225,270.0
2018-05-10 07:30:10+00:00,12.133706,270.0
2018-05-10 07:30:20+00:00,10.378973,270.0
2018-05-10 07:30:30+00:00,14.683458,270.0
2018-05-10 07:30:40+00:00,14.284365,270.0
2018-05-10 07:30:50+00:00,14.513253,270.0
2018-05-10 07:31:00+00:00,14.753965,270.0
2018-05-10 07:31:10+00:00,14.485064,270.0
2018-05-10 07:31:20+00:00,11.761234,270.0
2018-05-10 07:31:30+00:00,13.588321,270.0
2018-05-10 07:31:40+00:00,11.105199,270.0
2018-05-10 07:31:50+00:00,16.924992,270.0
2018-05-10 07:32:00+00:00,13.024366,270.0
2018-05-10 07:32:10+00:00,13.823366,270.0
2018-05-10 07:32:20+00:00,13.758551,270.0
2018-05-10 07:32:30+00:00,11.977519,270.0
2018-05-10 07:32:40+00:00,13.877552,270.0
2018-05-10 07:32:50+00:00,13.79354,270.0
2018-05-10 07:33:00+00:00,14.551411,270.0
2018-05-10 07:33:10+00:00,14.078076,270.0
2018-05-10 07:33:20+00:00,13.691422,270.0
2018-05-10 07:33:30+00:00,14.437586,270.0
2018-05-10 07:33:40+00:00,14.233449,270.0
2018-05-10 07:33:50+00:00,13.497609,270.0
2018-05-10 07:34:00+00:00,11.251182,270.0
2018-05-10 07:34:10+00:00,12.798571,270.0
2018-05-10 07:34:20+00:00,14.924976,270.0
2018-05-10 07:34:30+00:00,11.312861,270.0
2018-05-10 07:34:40+00:00,12.290612,270.0
2018-05-10 07:34:50+00:00,12.525567,270.0
2018-05-10 07:35:00+00:00,12.563444,270.0
2018-05-10 07:35:10+00:00,13.958801,270.0
2018-05-10 07:35:20+00:00,13.765839,270.0
2018-05-10 07:35:30+00:00,12.305522,270.0
2018-05-10 07:35:40+00:00,14.618071,270.0
2018-05-10 07:35:50+00:00,15.062528,270.0
2018-05-10 07:36:00+00:00,13.076396,270.0
2018-05-10 07:36:10+00:00,13.261439,270.0
2018-05-10 07:36:20+00:00,12.179632,270.0
2018-05-10 07:36:30+00:00,12.094402,270.0
2018-05-10 07:36:40+00:00,12.5567,270.0
2018-05-10 07:36:50+00:00,12.303635,270.0
2018-05-10 07:37:00+00:00,13.433846,270.0
2018-05-10 07:37:10+00:00,11.372597,270.0
2018-05-10 07:37:20+00:00,14.418613,270.0
2018-05-10 07:37:30+00:00,12.252997,270.0
2018-05-10 07:37:40+00:00,16.360111,270.0
2018-05-10 07:37:50+00:00,13.751721,270.0
2018-05-10 07:38:00+00:00,13.081877,270.0
2018-05-10 07:38:10+00:00,13.991039,270.0
2018-05-10 07:38:20+00:00,12.5273075,270.0
2018-05-10 07:38:30+00:00,13.84997,270.0
2018-05-10 07:38:40+00:00,15.564306,270.0
2018-05-10 07:38:50+00:00,13.794851,270.0
2018-05-10 07:39:00+00:00,12.355332,270.0
2018-05-10 07:39:10+00:00,13.300253,270.0
2018-05-10 07:39:20+00:00,12.864491,270.0
2018-05-10 07:39:30+00:00,12.195142,270.0
2018-05-10 07:39:40+00:00,14.374972,270.0
2018-05-10 07:39:50+00:00,14.220576,270.0
2018-05-10 07:40:00+00:00,13.444955,270.0
2018-05-10 07:40:10+00:00,13.502006,270.0
2018-05-10 07:40:20+00:00,13.898806,270.0
2018-05-10 07:40:30+00:00,13.013129,270.0
2018-05-10 07:40:40+00:00,12.199729,270.0
2018-05-10 07:40:50+00:00,14.698095,270.0
2018-05-10 07:41:00+00:00,15.363554,270.0
2018-05-10 07:41:10+00:00,14.5358515,270.0
2018-05-10 07:41:20+00:00,14.773088,270.0
2018-05-10 07:41:30+00:00,14.581474,270.0
2018-05-10 07:41:40+00:00,13.789218,270.0
2018-05-10 07:41:50+00:00,11.004036,270.0
2018-05-10 07:42:00+00:00,11.732345,270.0
2018-05-10 07:42:10+00:00,15.523915,270.0
2018-05-10 07:42:20+00:00,11.129999,270.0
2018-05-10 07:42:30+00:00,14.16031,270.0
2018-05-10 07:42:40+00:00,13.0026245,270.0
2018-05-10 07:42:50+00:00,13.244931,270.0
2018-05-10 07:43:00+00:00,14.905957,270.0
2018-05-10 07:43:10+00:00,15.274488,270.0
2018-05-10 07:43:20+00:00,15.5238,270.0
2018-05-10 07:43:30+00:00,10.935017,270.0
2018-05-10 07:43:40+00:00,13.495396,270.0
2018-05-10 07:43:50+00:00,12.378566,270.0
2018-05-10 07:44:00+00:00,12.121409,270.0
2018-05-10 07:44:10+00:00,12.689927,270.0
2018-05-10 07:44:20+00:00,14.876126,270.0
2018-05-10 07:44:30+00:00,12.574205,270.0
2018-05-10 07:44:40+00:00,14.074495,270.0
2018-05-10 07:44:50+00:00,13.245737,270.0
2018-05-10 07:45:00+00:00,15.045919,270.0
2018-05-10 07:45:10+00:00,13.7684145,270.0
2018-05-10 07:45:20+00:00,12.640303,270.0
2018-05-10 07:45:30+00:00,15.408769,270.0
2018-05-10 07:45:40+00:00,13.508336,270.0
2018-05-10 07:45:50+00:00,13.4535,270.0
2018-05-10 07:46:00+00:00,13.580643,270.0
2018-05-10 07:46:10+00:00,14.181385,270.0
2018-05-10 07:46:20+00:00,13.656897,270.0
2018-05-10 07:46:30+00:00,13.943212,270.0
2018-05-10 07:46:40+00:00,14.071932,270.0
2018-05-10 07:46:50+00:00,13.336072,270.0
2018-05-10 07:47:00+00:00,14.106068,270.0
2018-05-10 07:47:10+00:00,15.720766,270.0
2018-05-10 07:47:20+00:00,13.541235,270.0
2018-05-10 07:47:30+00:00,12.568191,270.0
2018-05-10 07:47:40+00:00,13.438565,270.0
2018-05-10 07:47:50+00:00,13.909687,270.0
2018-05-10 07:48:00+00:00,13.841142,270.0
2018-05-10 07:48:10+00:00,14.603204,270.0
2018-05-10 07:48:20+00:00,13.29557,270.0
2018-05-10 07:48:30+00:00,15.040804,270.0
2018-05-10 07:48:40+00:00,14.472829,270.0
2018-05-10 07:48:50+00:00,14.055229,270.0
2018-05-10 07:49:00+00:00,12.415987,270.0
2018-05-10 07:49:10+00:00,15.1435585,270.0
2018-05-10 07:49:20+00:00,13.718034,270.0
2018-05-10 07:49:30+00:00,14.1394,270.0
2018-05-10 07:49:40+00:00,13.070109,270.0
2018-05-10 07:49:50+00:00,13.462263,270.0
2018-05-10 07:50:00+00:00,14.564103,270.0
2018-05-10 07:50:10+00:00,14.314769,270.0
2018-05-10 07:50:20+00:00,14.263807,270.0
2018-05-10 07:50:30+00:00,13.81201,270.0
2018-05-10 07:50:40+00:00,14.153657,270.0
2018-05-10 07:50:50+00:00,13.351217,270.0
2018-05-10 07:51:00+00:00,14.539338,270.0
2018-05-10 07:51:10+00:00,12.733894,270.0
2018-05-10 07:51:20+00:00,13.889452,270.0
2018-05-10 07:51:30+00:00,14.404455,270.0
2018-05-10 07:51:40+00:00,15.490512,270.0
2018-05-10 07:51:50+00:00,13.513129,270.0
2018-05-10 07:52:00+00:00,13.43555,270.0
2018-05-10 07:52:10+00:00,13.870842,270.0
2018-05-10 07:52:20+00:00,14.803099,270.0
2018-05-10 07:52:30+00:00,12.685634,270.0
2018-05-10 07:52:40+00:00,13.163634,270.0
2018-05-10 07:52:50+00:00,12.889649,270.0
2018-05-10 07:53:00+00:00,15.022391,270.0
2018-05-10 07:53:10+00:00,15.79672,270.0
2018-05-10 07:53:20+00:00,15.835728,270.0
2018-05-10 07:53:30+00:00,14.868337,270.0
2018-05-10 07:53:40+00:00,16.13268,270.0
2018-05-10 07:53:50+00:00,12.384411,270.0
2018-05-10 07:54:00+00:00,11.693527,270.0
2018-05-10 07:54:10+00:00,14.471232,270.0
2018-05-10 07:54:20+00:00,14.459864,270.0
2018-05-10 07:54:30+00:00,12.425259,270.0
2018-05-10 07:54:40+00:00,13.0281515,270.0
2018-05-10 07:54:50+00:00,10.99306,270.0
2018-05-10 07:55:00+00:00,12.1517725,270.0
2018-05-10 07:55:10+00:00,13.740162,270.0
2018-05-10 07:55:20+00:00,14.397379,270.0
2018-05-10 07:55:30+00:00,14.042763,270.0
2018-05-10 07:55:40+00:00,14.149919,270.0
2018-05-10 07:55:50+00:00,15.381689,270.0
2018-05-10 07:56:00+00:00,13.5503845,270.0
2018-05-10 07:56:10+00:00,14.106399,270.0
2018-05-10 07:56:20+00:00,13.268857,270.0
2018-05-10 07:56:30+00:00,14.987179,270.0
2018-05-10 07:56:40+00:00,12.889336,270.0
2018-05-10 07:56:50+00:00,16.194542,270.0
2018-05-10 07:57:00+00:00,14.651727,270.0
2018-05-10 07:57:10+00:00,13.510181,270.0
2018-05-10 07:57:20+00:00,13.087738,270.0
2018-05-10 07:57:30+00:00,11.462776,270.0
2018-05-10 07:57:40+00:00,13.05972,270.0
2018-05-10 07:57:50+00:00,13.491887,270.0
2018-05-10 07:58:00+00:00,14.157952,270.0
2018-05-10 07:58:10+00:00,13.738221,270.0
2018-05-10 07:58:20+00:00,12.144296,270.0
2018-05-10 07:58:30+00:00,12.749118,270.0
2018-05-10 07:58:40+00:00,13.355012,270.0
2018-05-10 07:58:50+00:00,12.881943,270.0
2018-05-10 07:59:00+00:00,11.805886,270.0
2018-05-10 07:59:10+00:00,13.45338,270.0
2018-05-10 07:59:20+00:00,14.676384,270.0
2018-05-10 07:59:30+00:00,14.276475,270.0
2018-05-10 07:59:40+00:00,13.067365,270.0
2018-05-10 07:59:50+00:00,13.838266,270.0
2018-05-10 08:00:00+00:00,11.57885,270.0
2018-05-10 08:00:10+00:00,14.363592,270.0
2018-05-10 08:00:20+00:00,14.989961,270.0
2018-05-10 08:00:30+00:00,13.636572,270.0
2018-05-10 08:00:40+00:00,14.461628,270.0
2018-05-10 08:00:50+00:00,14.139375,270.0
2018-05-10 08:01:00+00:00,13.779643,270.0
2018-05-10 08:01:10+00:00,12.801642,270.0
2018-05-10 08:01:20+00:00,12.348809,270.0
2018-05-10 08:01:30+00:00,13.714892,270.0
2018-05-10 08:01:40+00:00,12.878646,270.0
2018-05-10 08:01:50+00:00,12.255723,270.0
2018-05-10 08:02:00+00:00,12.762332,270.0
2018-05-10 08:02:10+00:00,12.752453,270.0
2018-05-10 08:02:20+00:00,14.110579,270.0
2018-05-10 08:02:30+00:00,12.364055,270.0
2018-05-10 08:02:40+00:00,13.224578,270.0
2018-05-10 08:02:50+00:00,14.696386,270.0
2018-05-10 08:03:00+00:00,13.6209345,270.0
2018-05-10 08:03:10+00:00,12.387812,270.0
2018-05-10 08:03:20+00:00,16.368359,270.0
2018-05-10 08:03:30+00:00,13.079243,270.0
2018-05-10 08:03:40+00:00,15.360909,270.0
2018-05-10 08:03:50+00:00,14.132848,270.0
2018-05-10 08:04:00+00:00,14.58697,270.0
2018-05-10 08:04:10+00:00,12.355112,270.0
2018-05-10 08:04:20+00:00,12.160141,270.0
2018-05-10 08:04:30+00:00,13.414572,270.0
2018-05-10 08:04:40+00:00,14.799794,270.0
2018-05-10 08:04:50+00:00,12.492881,270.0
2018-05-10 08:05:00+00:00,13.502434,270.0
2018-05-10 08:05:10+00:00,13.768117,270.0
2018-05-10 08:05:20+00:00,13.6708765,270.0
2018-05-10 08:05:30+00:00,12.683272,270.0
2018-05-10 08:05:40+00:00,13.92927,270.0
2018-05-10 08:05:50+00:00,12.654446,270.0
2018-05-10 08:06:00+00:00,13.274515,270.0
2018-05-10 08:06:10+00:00,15.817214,270.0
2018-05-10 08:06:20+00:00,15.605014,270.0
2018-05-10 08:06:30+00:00,12.7689905,270.0
2018-05-10 08:06:40+00:00,12.906682,270.0
2018-05-10 08:06:50+00:00,12.966303,270.0
2018-05-10 08:07:00+00:00,13.825356,270.0
2018-05-10 08:07:10+00:00,14.897432,270.0
2018-05-10 08:07:20+00:00,15.870197,270.0
2018-05-10 08:07:30+00:00,13.391569,270.0
2018-05-10 08:07:40+00:00,13.126826,270.0
2018-05-10 08:07:50+00:00,12.49917,270.0
2018-05-10 08:08:00+00:00,12.696082,270.0
2018-05-10 08:08:10+00:00,13.858105,270.0
2018-05-10 08:08:20+00:00,13.926525,270.0
2018-05-10 08:08:30+00:00,14.001422,270.0
2018-05-10 08:08:40+00:00,14.294019,270.0
2018-05-10 08:08:50+00:00,14.676084,270.0
2018-05-10 08:09:00+00:00,11.825317,270.0
2018-05-10 08:09:10+00:00,12.682444,270.0
2018-05-10 08:09:20+00:00,13.626614,270.0
2018-05-10 08:09:30+00:00,13.630892,270.0
2018-05-10 08:09:40+00:00,15.279158,270.0
2018-05-10 08:09:50+00:00,14.4346075,270.0
2018-05-10 08:10:00+00:00,13.126357,270.0
2018-05-10 08:10:10+00:00,14.522601,270.0
2018-05-10 08:10:20+00:00,13.062644,270.0
2018-05-10 08:10:30+00:00,13.125577,270.0
2018-05-10 08:10:40+00:00,14.700651,270.0
2018-05-10 08:10:50+00:00,14.333598,270.0
2018-05-10 08:11:00+00:00,12.637,270.0
2018-05-10 08:11:10+00:00,14.468012,270.0
2018-05-10 08:11:20+00:00,13.149159,270.0
2018-05-10 08:11:30+00:00,12.195237,270.0
2018-05-10 08:11:40+00:00,14.967472,270.0
2018-05-10 08:11:50+00:00,13.209428,270.0
2018-05-10 08:12:00+00:00,13.116668,270.0
2018-05-10 08:12:10+00:00,13.337969,270.0
2018-05-10 08:12:20+00:00,12.694498,270.0
2018-05-10 08:12:30+00:00,14.2073555,270.0
2018-05-10 08:12:40+00:00,15.227607,270.0
2018-05-10 08:12:50+00:00,13.215918,270.0
2018-05-10 08:13:00+00:00,12.761355,270.0
2018-05-10 08:13:10+00:00,13.474559,270.0
2018-05-10 08:13:20+00:00,13.892742,270.0
2018-05-10 08:13:30+00:00,13.971289,270.0
2018-05-10 08:13:40+00:00,13.415042,270.0
2018-05-10 08:13:50+00:00,11.315361,270.0
2018-05-10 08:14:00+00:00,15.620306,270.0
2018-05-10 08:14:10+00:00,14.678752,270.0
2018-05-10 08:14:20+00:00,15.419525,270.0
2018-05-10 08:14:30+00:00,13.904171,270.0
2018-05-10 08:14:40+00:00,13.032592,270.0
2018-05-10 08:14:50+00:00,13.722856,270.0
2018-05-10 08:15:00+00:00,13.259475,270.0
2018-05-10 08:15:10+00:00,11.746537,270.0
2018-05-10 08:15:20+00:00,12.856722,270.0
2018-05-10 08:15:30+00:00,13.240691,270.0
2018-05-10 08:15:40+00:00,13.727262,270.0
2018-05-10 08:15:50+00:00,14.652611,270.0
2018-05-10 08:16:00+00:00,15.646603,270.0
2018-05-10 08:16:10+00:00,13.729371,270.0
2018-05-10 08:16:20+00:00,15.1305895,270.0
2018-05-10 08:16:30+00:00,13.5547905,270.0
2018-05-10 08:16:40+00:00,13.06244,270.0
2018-05-10 08:16:50+00:00,13.263597,270.0
2018-05-10 08:17:00+00:00,13.985902,270.0
2018-05-10 08:17:10+00:00,14.306965,270.0
2018-05-10 08:17:20+00:00,13.558758,270.0
2018-05-10 08:17:30+00:00,13.263041,270.0
2018-05-10 08:17:40+00:00,14.769361,270.0
2018-05-10 08:17:50+00:00,11.807455,270.0
2018-05-10 08:18:00+00:00,10.942217,270.0
2018-05-10 08:18:10+00:00,15.25015,270.0
2018-05-10 08:18:20+00:00,14.247596,270.0
2018-05-10 08:18:30+00:00,14.6955595,270.0
2018-05-10 08:18:40+00:00,13.215099,270.0
2018-05-10 08:18:50+00:00,13.195878,270.0
2018-05-10 08:19:00+00:00,13.038078,270.0
2018-05-10 08:19:10+00:00,12.207741,270.0
2018-05-10 08:19:20+00:00,12.5587,270.0
2018-05-10 08:19:30+00:00,14.955823,270.0
2018-05-10 08:19:40+00:00,13.645172,270.0
2018-05-10 08:19:50+00:00,14.040651,270.0
2018-05-10 08:20:00+00:00,13.529617,270.0
2018-05-10 08:20:10+00:00,14.145157,270.0
2018-05-10 08:20:20+00:00,14.363946,270.0
2018-05-10 08:20:30+00:00,12.365576,270.0
2018-05-10 08:20:40+00:00,12.963321,270.0
2018-05-10 08:20:50+00:00,13.740519,270.0
2018-05-10 08:21:00+00:00,15.482335,270.0
2018-05-10 08:21:10+00:00,14.9396,270.0
2018-05-10 08:21:20+00:00,12.682119,270.0
2018-05-10 08:21:30+00:00,11.646363,270.0
2018-05-10 08:21:40+00:00,12.623131,270.0
2018-05-10 08:21:50+00:00,12.643205,270.0
2018-05-10 08:22:00+00:00,14.04393,270.0
2018-05-10 08:22:10+00:00,13.837462,270.0
2018-05-10 08:22:20+00:00,12.976805,270.0
2018-05-10 08:22:30+00:00,13.216842,270.0
2018-05-10 08:22:40+00:00,12.063118,270.0
2018-05-10 08:22:50+00:00,12.186883,270.0
2018-05-10 08:23:00+00:00,13.15549,270.0
2018-05-10 08:23:10+00:00,11.363212,270.0
2018-05-10 08:23:20+00:00,14.198862,270.0
2018-05-10 08:23:30+00:00,10.931721,270.0
2018-05-10 08:23:40+00:00,12.754284,270.0
2018-05-10 08:23:50+00:00,13.022619,270.0
2018-05-10 08:24:00+00:00,14.444415,270.0
2018-05-10 08:24:10+00:00,13.695682,270.0
2018-05-10 08:24:20+00:00,14.758995,270.0
2018-05-10 08:24:30+00:00,13.027599,270.0
2018-05-10 08:24:40+00:00,13.971551,270.0
2018-05-10 08:24:50+00:00,14.239956,270.0
2018-05-10 08:25:00+00:00,14.069906,270.0
2018-05-10 08:25:10+00:00,13.844742,270.0
2018-05-10 08:25:20+00:00,14.225011,270.0
2018-05-10 08:25:30+00:00,11.449934,270.0
2018-05-10 08:25:40+00:00,14.453634,270.0
2018-05-10 08:25:50+00:00,13.577966,270.0
2018-05-10 08:26:00+00:00,12.821073,270.0
2018-05-10 08:26:10+00:00,13.502475,270.0
2018-05-10 08:26:20+00:00,11.194315,270.0
2018-05-10 08:26:30+00:00,12.080404,270.0
2018-05-10 08:26:40+00:00,12.0303545,270.0
2018-05-10 08:26:50+00:00,12.312861,270.0
2018-05-10 08:27:00+00:00,13.40993,270.0
2018-05-10 08:27:10+00:00,15.370815,270.0
2018-05-10 08:27:20+00:00,14.489523,270.0
2018-05-10 08:27:30+00:00,14.704591,270.0
2018-05-10 08:27:40+00:00,14.340984,270.0
2018-05-10 08:27:50+00:00,14.231685,270.0
2018-05-10 08:28:00+00:00,12.842629,270.0
2018-05-10 08:28:10+00:00,11.279144,270.0
2018-05-10 08:28:20+00:00,14.352253,270.0
2018-05-10 08:28:30+00:00,12.527777,270.0
2018-05-10 08:28:40+00:00,13.38986,270.0
2018-05-10 08:28:50+00:00,11.217072,270.0
2018-05-10 08:29:00+00:00,13.645909,270.0
2018-05-10 08:29:10+00:00,11.738516,270.0
2018-05-10 08:29:20+00:00,13.001662,270.0
2018-05-10 08:29:30+00:00,13.629809,270.0
2018-05-10 08:29:40+00:00,13.251875,270.0
2018-05-10 08:29:50+00:00,14.156798,270.0
2018-05-10 08:30:00+00:00,13.496787,270.0
2018-05-10 08:30:10+00:00,12.05668,270.0
2018-05-10 08:30:20+00:00,14.589991,270.0
2018-05-10 08:30:30+00:00,12.413253,270.0
2018-05-10 08:30:40+00:00,13.139926,270.0
2018-05-10 08:30:50+00:00,14.343043,270.0
2018-05-10 08:31:00+00:00,13.281425,270.0
2018-05-10 08:31:10+00:00,13.827557,270.0
2018-05-10 08:31:20+00:00,15.248227,270.0
2018-05-10 08:31:30+00:00,13.471098,270.0
2018-05-10 08:31:40+00:00,12.977421,270.0
2018-05-10 08:31:50+00:00,13.202192,270.0
2018-05-10 08:32:00+00:00,14.207016,270.0
2018-05-10 08:32:10+00:00,14.722475,270.0
2018-05-10 08:32:20+00:00,13.372523,270.0
2018-05-10 08:32:30+00:00,13.220344,270.0
2018-05-10 08:32:40+00:00,12.758193,270.0
2018-05-10 08:32:50+00:00,13.765958,270.0
2018-05-10 08:33:00+00:00,13.639913,270.0
2018-05-10 08:33:10+00:00,10.972093,270.0
2018-05-10 08:33:20+00:00,13.343253,270.0
2018-05-10 08:33:30+00:00,15.0346,270.0
2018-05-10 08:33:40+00:00,12.13143,270.0
2018-05-10 08:33:50+00:00,14.116624,270.0
2018-05-10 08:34:00+00:00,13.638712,270.0
2018-05-10 08:34:10+00:00,14.251434,270.0
2018-05-10 08:34:20+00:00,13.63207,270.0
2018-05-10 08:34:30+00:00,14.497004,270.0
2018-05-10 08:34:40+00:00,14.973894,270.0
2018-05-10 08:34:50+00:00,14.686351,270.0
2018-05-10 08:35:00+00:00,12.613548,270.0
2018-05-10 08:35:10+00:00,13.600692,270.0
2018-05-10 08:35:20+00:00,12.278023,270.0
2018-05-10 08:35:30+00:00,13.640408,270.0
2018-05-10 08:35:40+00:00,12.375047,270.0
2018-05-10 08:35:50+00:00,14.373303,270.0
2018-05-10 08:36:00+00:00,11.851072,270.0
2018-05-10 08:36:10+00:00,13.620724,270.0
2018-05-10 08:36:20+00:00,13.528118,270.0
2018-05-10 08:36:30+00:00,14.821023,270.0
2018-05-10 08:36:40+00:00,13.454608,270.0
2018-05-10 08:36:50+00:00,14.477786,270.0
2018-05-10 08:37:00+00:00,15.214677,270.0
2018-05-10 08:37:10+00:00,13.041528,270.0
2018-05-10 08:37:20+00:00,14.986506,270.0
2018-05-10 08:37:30+00:00,12.830554,270.0
2018-05-10 08:37:40+00:00,12.911505,270.0
2018-05-10 08:37:50+00:00,12.615099,270.0
2018-05-10 08:38:00+00:00,13.403077,270.0
2018-05-10 08:38:10+00:00,14.786562,270.0
2018-05-10 08:38:20+00:00,12.611938,270.0
2018-05-10 08:38:30+00:00,13.349901,270.0
2018-05-10 08:38:40+00:00,13.969659,270.0
2018-05-10 08:38:50+00:00,13.742908,270.0
2018-05-10 08:39:00+00:00,14.404152,270.0
2018-05-10 08:39:10+00:00,14.568048,270.0
2018-05-10 08:39:20+00:00,13.464938,270.0
2018-05-10 08:39:30+00:00,11.879393,270.0
2018-05-10 08:39:40+00:00,13.350082,270.0
2018-05-10 08:39:50+00:00,14.653351,270.0
2018-05-10 08:40:00+00:00,12.762237,270.0
2018-05-10 08:40:10+00:00,12.81505,270.0
2018-05-10 08:40:20+00:00,13.84749,270.0
2018-05-10 08:40:30+00:00,10.809838,270.0
2018-05-10 08:40:40+00:00,10.746557,270.0
2018-05-10 08:40:50+00:00,13.478758,270.0
2018-05-10 08:41:00+00:00,11.575357,270.0
2018-05-10 08:41:10+00:00,14.149712,270.0
2018-05-10 08:41:20+00:00,12.324519,270.0
2018-05-10 08:41:30+00:00,14.540472,270.0
2018-05-10 08:41:40+00:00,13.6037445,270.0
2018-05-10 08:41:50+00:00,13.022415,270.0
2018-05-10 08:42:00+00:00,13.903824,270.0
2018-05-10 08:42:10+00:00,11.318888,270.0
2018-05-10 08:42:20+00:00,12.30517,270.0
2018-05-10 08:42:30+00:00,12.662028,270.0
2018-05-10 08:42:40+00:00,11.601488,270.0
2018-05-10 08:42:50+00:00,14.579141,270.0
2018-05-10 08:43:00+00:00,13.193579,270.0
2018-05-10 08:43:10+00:00,12.770906,270.0
2018-05-10 08:43:20+00:00,10.680586,270.0
2018-05-10 08:43:30+00:00,13.971887,270.0
2018-05-10 08:43:40+00:00,14.995433,270.0
2018-05-10 08:43:50+00:00,13.228017,270.0
2018-05-10 08:44:00+00:00,13.023139,270.0
2018-05-10 08:44:10+00:00,14.449785,270.0
2018-05-10 08:44:20+00:00,12.25126,270.0
2018-05-10 08:44:30+00:00,12.208851,270.0
2018-05-10 08:44:40+00:00,10.604032,270.0
2018-05-10 08:44:50+00:00,12.55584,270.0
2018-05-10 08:45:00+00:00,12.1100645,270.0
2018-05-10 08:45:10+00:00,13.3265505,270.0
2018-05-10 08:45:20+00:00,12.345883,270.0
2018-05-10 08:45:30+00:00,13.915226,270.0
2018-05-10 08:45:40+00:00,12.443283,270.0
2018-05-10 08:45:50+00:00,13.564515,270.0
2018-05-10 08:46:00+00:00,12.235178,270.0
2018-05-10 08:46:10+00:00,13.147957,270.0
2018-05-10 08:46:20+00:00,13.757681,270.0
2018-05-10 08:46:30+00:00,12.465745,270.0
2018-05-10 08:46:40+00:00,13.155923,270.0
2018-05-10 08:46:50+00:00,11.989801,270.0
2018-05-10 08:47:00+00:00,13.323292,270.0
2018-05-10 08:47:10+00:00,13.651239,270.0
2018-05-10 08:47:20+00:00,12.3268175,270.0
2018-05-10 08:47:30+00:00,12.475393,270.0
2018-05-10 08:47:40+00:00,13.5715,270.0
2018-05-10 08:47:50+00:00,13.608373,270.0
2018-05-10 08:48:00+00:00,13.445614,270.0
2018-05-10 08:48:10+00:00,13.195985,270.0
2018-05-10 08:48:20+00:00,11.831727,270.0
2018-05-10 08:48:30+00:00,11.7614565,270.0
2018-05-10 08:48:40+00:00,13.293132,270.0
2018-05-10 08:48:50+00:00,13.15624,270.0
2018-05-10 08:49:00+00:00,11.195709,270.0
2018-05-10 08:49:10+00:00,13.661711,270.0
2018-05-10 08:49:20+00:00,12.541475,270.0
2018-05-10 08:49:30+00:00,12.570694,270.0
2018-05-10 08:49:40+00:00,13.076143,270.0
2018-05-10 08:49:50+00:00,12.859387,270.0
2018-05-10 08:50:00+00:00,11.437839,270.0
2018-05-10 08:50:10+00:00,13.871459,270.0
2018-05-10 08:50:20+00:00,14.379824,270.0
2018-05-10 08:50:30+00:00,11.703647,270.0
2018-05-10 08:50:40+00:00,11.398304,270.0
2018-05-10 08:50:50+00:00,14.461708,270.0
2018-05-10 08:51:00+00:00,15.2326355,270.0
2018-05-10 08:51:10+00:00,12.422148,270.0
2018-05-10 08:51:20+00:00,14.331983,270.0
2018-05-10 08:51:30+00:00,13.860499,270.0
2018-05-10 08:51:40+00:00,12.6124735,270.0
2018-05-10 08:51:50+00:00,15.999469,270.0
2018-05-10 08:52:00+00:00,12.217723,270.0
2018-05-10 08:52:10+00:00,13.1883,270.0
2018-05-10 08:52:20+00:00,14.128797,270.0
2018-05-10 08:52:30+00:00,13.527325,270.0
2018-05-10 08:52:40+00:00,13.040493,270.0
2018-05-10 08:52:50+00:00,12.101496,270.0
2018-05-10 08:53:00+00:00,12.136325,270.0
2018-05-10 08:53:10+00:00,13.073846,270.0
2018-05-10 08:53:20+00:00,12.616726,270.0
2018-05-10 08:53:30+00:00,11.7248535,270.0
2018-05-10 08:53:40+00:00,13.547378,270.0
2018-05-10 08:53:50+00:00,12.691043,270.0
2018-05-10 08:54:00+00:00,12.461021,270.0
2018-05-10 08:54:10+00:00,12.180135,270.0
2018-05-10 08:54:20+00:00,11.64216,270.0
2018-05-10 08:54:30+00:00,11.34404,270.0
2018-05-10 08:54:40+00:00,15.246529,270.0
2018-05-10 08:54:50+00:00,13.342918,270.0
2018-05-10 08:55:00+00:00,10.978514,270.0
2018-05-10 08:55:10+00:00,11.834878,270.0
2018-05-10 08:55:20+00:00,13.169785,270.0
2018-05-10 08:55:30+00:00,12.223066,270.0
2018-05-10 08:55:40+00:00,12.576115,270.0
2018-05-10 08:55:50+00:00,13.677159,270.0
2018-05-10 08:56:00+00:00,13.516725,270.0
2018-05-10 08:56:10+00:00,14.266398,270.0
2018-05-10 08:56:20+00:00,12.463849,270.0
2018-05-10 08:56:30+00:00,12.381217,270.0
2018-05-10 08:56:40+00:00,14.324675,270.0
2018-05-10 08:56:50+00:00,14.167441,270.0
2018-05-10 08:57:00+00:00,13.117498,270.0
2018-05-10 08:57:10+00:00,13.809402,270.0
2018-05-10 08:57:20+00:00,12.826776,270.0
2018-05-10 08:57:30+00:00,12.689955,270.0
2018-05-10 08:57:40+00:00,15.7226715,270.0
2018-05-10 08:57:50+00:00,13.12044,270.0
2018-05-10 08:58:00+00:00,11.419817,270.0
2018-05-10 08:58:10+00:00,13.524322,270.0
2018-05-10 08:58:20+00:00,13.369917,270.0
2018-05-10 08:58:30+00:00,13.28807,270.0
2018-05-10 08:58:40+00:00,12.202254,270.0
2018-05-10 08:58:50+00:00,12.540491,270.0
2018-05-10 08:59:00+00:00,12.295723,270.0
2018-05-10 08:59:10+00:00,11.565087,270.0
2018-05-10 08:59:20+00:00,11.54731,270.0
2018-05-10 08:59:30+00:00,12.480971,270.0
2018-05-10 08:59:40+00:00,12.333686,270.0
2018-05-10 08:59:50+00:00,12.29942,270.0
2018-05-10 09:00:00+00:00,12.426566,270.0
2018-05-10 09:00:10+00:00,13.458512,270.0
2018-05-10 09:00:20+00:00,12.4882555,270.0
2018-05-10 09:00:30+00:00,12.071437,270.0
2018-05-10 09:00:40+00:00,14.335534,270.0
2018-05-10 09:00:50+00:00,14.226047,270.0
2018-05-10 09:01:00+00:00,12.913654,270.0
2018-05-10 09:01:10+00:00,12.863569,270.0
2018-05-10 09:01:20+00:00,12.274244,270.0
2018-05-10 09:01:30+00:00,10.006954,270.0
2018-05-10 09:01:40+00:00,11.032526,270.0
2018-05-10 09:01:50+00:00,11.508249,270.0
2018-05-10 09:02:00+00:00,11.604575,270.0
2018-05-10 09:02:10+00:00,12.9317,270.0
2018-05-10 09:02:20+00:00,13.0993595,270.0
2018-05-10 09:02:30+00:00,14.010839,270.0
2018-05-10 09:02:40+00:00,12.590167,270.0
2018-05-10 09:02:50+00:00,12.947612,270.0
2018-05-10 09:03:00+00:00,12.1102495,270.0
2018-05-10 09:03:10+00:00,12.351454,270.0
2018-05-10 09:03:20+00:00,14.2615385,270.0
2018-05-10 09:03:30+00:00,11.381344,270.0
2018-05-10 09:03:40+00:00,12.557653,270.0
2018-05-10 09:03:50+00:00,11.695064,270.0
2018-05-10 09:04:00+00:00,15.077913,270.0
2018-05-10 09:04:10+00:00,12.9140215,270.0
2018-05-10 09:04:20+00:00,13.466611,270.0
2018-05-10 09:04:30+00:00,12.406841,270.0
2018-05-10 09:04:40+00:00,12.648163,270.0
2018-05-10 09:04:50+00:00,13.443385,270.0
2018-05-10 09:05:00+00:00,12.065658,270.0
2018-05-10 09:05:10+00:00,15.110366,270.0
2018-05-10 09:05:20+00:00,11.93043,270.0
2018-05-10 09:05:30+00:00,14.309632,270.0
2018-05-10 09:05:40+00:00,13.862616,270.0
2018-05-10 09:05:50+00:00,11.646045,270.0
2018-05-10 09:06:00+00:00,13.789018,270.0
2018-05-10 09:06:10+00:00,14.868556,270.0
2018-05-10 09:06:20+00:00,13.674473,270.0
2018-05-10 09:06:30+00:00,12.370574,270.0
2018-05-10 09:06:40+00:00,12.88957,270.0
2018-05-10 09:06:50+00:00,13.850435,270.0
2018-05-10 09:07:00+00:00,14.388356,270.0
2018-05-10 09:07:10+00:00,13.028352,270.0
2018-05-10 09:07:20+00:00,12.88823,270.0
2018-05-10 09:07:30+00:00,13.710482,270.0
2018-05-10 09:07:40+00:00,14.589263,270.0
2018-05-10 09:07:50+00:00,13.96344,270.0
2018-05-10 09:08:00+00:00,11.441812,270.0
2018-05-10 09:08:10+00:00,13.161729,270.0
2018-05-10 09:08:20+00:00,12.671882,270.0
2018-05-10 09:08:30+00:00,13.133015,270.0
2018-05-10 09:08:40+00:00,13.123331,270.0
2018-05-10 09:08:50+00:00,11.227417,270.0
2018-05-10 09:09:00+00:00,14.861663,270.0
2018-05-10 09:09:10+00:00,11.573999,270.0
2018-05-10 09:09:20+00:00,13.289705,270.0
2018-05-10 09:09:30+00:00,12.770475,270.0
2018-05-10 09:09:40+00:00,12.139016,270.0
2018-05-10 09:09:50+00:00,14.140899,270.0
2018-05-10 09:10:00+00:00,14.169536,270.0
2018-05-10 09:10:10+00:00,14.485057,270.0
2018-05-10 09:10:20+00:00,13.279145,270.0
2018-05-10 09:10:30+00:00,10.405553,270.0
2018-05-10 09:10:40+00:00,12.954411,270.0
2018-05-10 09:10:50+00:00,12.127701,270.0
2018-05-10 09:11:00+00:00,11.867253,270.0
2018-05-10 09:11:10+00:00,11.647669,270.0
2018-05-10 09:11:20+00:00,10.36875,270.0
2018-05-10 09:11:30+00:00,13.306989,270.0
2018-05-10 09:11:40+00:00,12.193933,270.0
2018-05-10 09:11:50+00:00,13.877348,270.0
2018-05-10 09:12:00+00:00,14.609968,270.0
2018-05-10 09:12:10+00:00,11.117492,270.0
2018-05-10 09:12:20+00:00,12.665264,270.0
2018-05-10 09:12:30+00:00,12.473368,270.0
2018-05-10 09:12:40+00:00,12.378315,270.0
2018-05-10 09:12:50+00:00,13.589932,270.0
2018-05-10 09:13:00+00:00,12.524588,270.0
2018-05-10 09:13:10+00:00,12.321619,270.0
2018-05-10 09:13:20+00:00,13.9769535,270.0
2018-05-10 09:13:30+00:00,13.29891,270.0
2018-05-10 09:13:40+00:00,14.352379,270.0
2018-05-10 09:13:50+00:00,12.699413,270.0
2018-05-10 09:14:00+00:00,13.463367,270.0
2018-05-10 09:14:10+00:00,15.479516,270.0
2018-05-10 09:14:20+00:00,13.454019,270.0
2018-05-10 09:14:30+00:00,12.4364805,270.0
2018-05-10 09:14:40+00:00,14.137976,270.0
2018-05-10 09:14:50+00:00,13.192833,270.0
2018-05-10 09:15:00+00:00,11.46572,270.0
2018-05-10 09:15:10+00:00,12.20658,270.0
2018-05-10 09:15:20+00:00,11.679116,270.0
2018-05-10 09:15:30+00:00,12.414243,270.0
2018-05-10 09:15:40+00:00,14.595882,270.0
2018-05-10 09:15:50+00:00,14.208093,270.0
2018-05-10 09:16:00+00:00,11.507097,270.0
2018-05-10 09:16:10+00:00,11.678437,270.0
2018-05-10 09:16:20+00:00,11.127915,270.0
2018-05-10 09:16:30+00:00,14.378969,270.0
2018-05-10 09:16:40+00:00,14.053553,270.0
2018-05-10 09:16:50+00:00,12.00756,270.0
2018-05-10 09:17:00+00:00,13.932535,270.0
2018-05-10 09:17:10+00:00,14.145779,270.0
2018-05-10 09:17:20+00:00,13.195918,270.0
2018-05-10 09:17:30+00:00,11.627775,270.0
2018-05-10 09:17:40+00:00,14.803283,270.0
2018-05-10 09:17:50+00:00,13.864563,270.0
2018-05-10 09:18:00+00:00,13.177541,270.0
2018-05-10 09:18:10+00:00,12.308256,270.0
2018-05-10 09:18:20+00:00,14.316138,270.0
2018-05-10 09:18:30+00:00,13.111084,270.0
2018-05-10 09:18:40+00:00,12.650449,270.0
2018-05-10 09:18:50+00:00,12.675909,270.0
2018-05-10 09:19:00+00:00,14.296622,270.0
2018-05-10 09:19:10+00:00,12.915035,270.0
2018-05-10 09:19:20+00:00,13.262023,270.0
2018-05-10 09:19:30+00:00,12.261128,270.0
2018-05-10 09:19:40+00:00,13.679179,270.0
2018-05-10 09:19:50+00:00,11.280557,270.0
2018-05-10 09:20:00+00:00,12.0546,270.0
2018-05-10 09:20:10+00:00,13.330411,270.0
2018-05-10 09:20:20+00:00,12.813234,270.0
2018-05-10 09:20:30+00:00,13.612518,270.0
2018-05-10 09:20:40+00:00,12.420651,270.0
2018-05-10 09:20:50+00:00,12.803186,270.0
2018-05-10 09:21:00+00:00,13.547659,270.0
2018-05-10 09:21:10+00:00,14.827245,270.0
2018-05-10 09:21:20+00:00,12.975644,270.0
2018-05-10 09:21:30+00:00,14.037373,270.0
2018-05-10 09:21:40+00:00,13.197258,270.0
2018-05-10 09:21:50+00:00,11.827573,270.0
2018-05-10 09:22:00+00:00,14.265022,270.0
2018-05-10 09:22:10+00:00,14.86113,270.0
2018-05-10 09:22:20+00:00,12.438782,270.0
2018-05-10 09:22:30+00:00,12.452673,270.0
2018-05-10 09:22:40+00:00,14.231703,270.0
2018-05-10 09:22:50+00:00,12.549743,270.0
2018-05-10 09:23:00+00:00,13.160305,270.0
2018-05-10 09:23:10+00:00,14.034372,270.0
2018-05-10 09:23:20+00:00,14.05494,270.0
2018-05-10 09:23:30+00:00,12.840853,270.0
2018-05-10 09:23:40+00:00,15.78193,270.0
2018-05-10 09:23:50+00:00,15.260262,270.0
2018-05-10 09:24:00+00:00,12.4252615,270.0
2018-05-10 09:24:10+00:00,13.032792,270.0
2018-05-10 09:24:20+00:00,12.168322,270.0
2018-05-10 09:24:30+00:00,13.505995,270.0
2018-05-10 09:24:40+00:00,12.563113,270.0
2018-05-10 09:24:50+00:00,13.25701,270.0
2018-05-10 09:25:00+00:00,13.304396,270.0
2018-05-10 09:25:10+00:00,12.669075,270.0
2018-05-10 09:25:20+00:00,14.08287,270.0
2018-05-10 09:25:30+00:00,12.756524,270.0
2018-05-10 09:25:40+00:00,12.152683,270.0
2018-05-10 09:25:50+00:00,13.386686,270.0
2018-05-10 09:26:00+00:00,11.536497,270.0
2018-05-10 09:26:10+00:00,11.995011,270.0
2018-05-10 09:26:20+00:00,14.349779,270.0
2018-05-10 09:26:30+00:00,12.000864,270.0
2018-05-10 09:26:40+00:00,13.01342,270.0
2018-05-10 09:26:50+00:00,14.143485,270.0
2018-05-10 09:27:00+00:00,12.432788,270.0
2018-05-10 09:27:10+00:00,11.53512,270.0
2018-05-10 09:27:20+00:00,14.046624,270.0
2018-05-10 09:27:30+00:00,14.952369,270.0
2018-05-10 09:27:40+00:00,13.089288,270.0
2018-05-10 09:27:50+00:00,13.355777,270.0
2018-05-10 09:28:00+00:00,11.012192,270.0
2018-05-10 09:28:10+00:00,12.15054,270.0
2018-05-10 09:28:20+00:00,13.981165,270.0
2018-05-10 09:28:30+00:00,13.536201,270.0
2018-05-10 09:28:40+00:00,11.323978,270.0
2018-05-10 09:28:50+00:00,11.952697,270.0
2018-05-10 09:29:00+00:00,13.333271,270.0
2018-05-10 09:29:10+00:00,11.274055,270.0
2018-05-10 09:29:20+00:00,12.625251,270.0
2018-05-10 09:29:30+00:00,13.144746,270.0
2018-05-10 09:29:40+00:00,13.565076,270.0
2018-05-10 09:29:50+00:00,14.437323,270.0
2018-05-10 09:30:00+00:00,12.075317,270.0
2018-05-10 09:30:10+00:00,13.135659,270.0
2018-05-10 09:30:20+00:00,13.599708,270.0
2018-05-10 09:30:30+00:00,13.886605,270.0
2018-05-10 09:30:40+00:00,13.0816345,270.0
2018-05-10 09:30:50+00:00,13.366462,270.0
2018-05-10 09:31:00+00:00,14.988785,270.0
2018-05-10 09:31:10+00:00,14.392513,270.0
2018-05-10 09:31:20+00:00,12.496353,270.0
2018-05-10 09:31:30+00:00,12.208281,270.0
2018-05-10 09:31:40+00:00,15.024046,270.0
2018-05-10 09:31:50+00:00,13.0413265,270.0
2018-05-10 09:32:00+00:00,11.102983,270.0
2018-05-10 09:32:10+00:00,12.947827,270.0
2018-05-10 09:32:20+00:00,13.462755,270.0
2018-05-10 09:32:30+00:00,11.336412,270.0
2018-05-10 09:32:40+00:00,12.266859,270.0
2018-05-10 09:32:50+00:00,13.796805,270.0
2018-05-10 09:33:00+00:00,13.299699,270.0
2018-05-10 09:33:10+00:00,13.782943,270.0
2018-05-10 09:33:20+00:00,14.484711,270.0
2018-05-10 09:33:30+00:00,11.830622,270.0
2018-05-10 09:33:40+00:00,11.977614,270.0
2018-05-10 09:33:50+00:00,14.672747,270.0
2018-05-10 09:34:00+00:00,13.794598,270.0
2018-05-10 09:34:10+00:00,13.167375,270.0
2018-05-10 09:34:20+00:00,13.207582,270.0
2018-05-10 09:34:30+00:00,13.820985,270.0
2018-05-10 09:34:40+00:00,12.438148,270.0
2018-05-10 09:34:50+00:00,13.548181,270.0
2018-05-10 09:35:00+00:00,13.866803,270.0
2018-05-10 09:35:10+00:00,13.111904,270.0
2018-05-10 09:35:20+00:00,13.111934,270.0
2018-05-10 09:35:30+00:00,12.556268,270.0
2018-05-10 09:35:40+00:00,15.593512,270.0
2018-05-10 09:35:50+00:00,14.403512,270.0
2018-05-10 09:36:00+00:00,14.088975,270.0
2018-05-10 09:36:10+00:00,14.371416,270.0
2018-05-10 09:36:20+00:00,11.8133745,270.0
2018-05-10 09:36:30+00:00,10.914782,270.0
2018-05-10 09:36:40+00:00,12.694148,270.0
2018-05-10 09:36:50+00:00,14.339546,270.0
2018-05-10 09:37:00+00:00,12.746695,270.0
2018-05-10 09:37:10+00:00,11.169024,270.0
2018-05-10 09:37:20+00:00,13.773061,270.0
2018-05-10 09:37:30+00:00,13.352412,270.0
2018-05-10 09:37:40+00:00,15.737091,270.0
2018-05-10 09:37:50+00:00,14.65965,270.0
2018-05-10 09:38:00+00:00,14.793244,270.0
2018-05-10 09:38:10+00:00,12.22616,270.0
2018-05-10 09:38:20+00:00,13.5905,270.0
2018-05-10 09:38:30+00:00,14.202432,270.0
2018-05-10 09:38:40+00:00,12.948414,270.0
2018-05-10 09:38:50+00:00,12.094638,270.0
2018-05-10 09:39:00+00:00,13.635852,270.0
2018-05-10 09:39:10+00:00,13.794011,270.0
2018-05-10 09:39:20+00:00,14.233835,270.0
2018-05-10 09:39:30+00:00,13.193429,270.0
2018-05-10 09:39:40+00:00,13.466175,270.0
2018-05-10 09:39:50+00:00,12.16052,270.0
2018-05-10 09:40:00+00:00,13.561244,270.0
2018-05-10 09:40:10+00:00,14.053013,270.0
2018-05-10 09:40:20+00:00,13.141638,270.0
2018-05-10 09:40:30+00:00,13.168712,270.0
2018-05-10 09:40:40+00:00,11.36822,270.0
2018-05-10 09:40:50+00:00,12.898757,270.0
2018-05-10 09:41:00+00:00,13.596066,270.0
2018-05-10 09:41:10+00:00,13.3903475,270.0
2018-05-10 09:41:20+00:00,13.358358,270.0
2018-05-10 09:41:30+00:00,12.899973,270.0
2018-05-10 09:41:40+00:00,13.131193,270.0
2018-05-10 09:41:50+00:00,11.834783,270.0
2018-05-10 09:42:00+00:00,15.984936,270.0
2018-05-10 09:42:10+00:00,12.932295,270.0
2018-05-10 09:42:20+00:00,12.642875,270.0
2018-05-10 09:42:30+00:00,13.085104,270.0
2018-05-10 09:42:40+00:00,13.320958,270.0
2018-05-10 09:42:50+00:00,11.176727,270.0
2018-05-10 09:43:00+00:00,12.554434,270.0
2018-05-10 09:43:10+00:00,12.197691,270.0
2018-05-10 09:43:20+00:00,12.70707,270.0
2018-05-10 09:43:30+00:00,14.096361,270.0
2018-05-10 09:43:40+00:00,15.154204,270.0
2018-05-10 09:43:50+00:00,13.013423,270.0
2018-05-10 09:44:00+00:00,12.645078,270.0
2018-05-10 09:44:10+00:00,12.294324,270.0
2018-05-10 09:44:20+00:00,13.046105,270.0
2018-05-10 09:44:30+00:00,14.778282,270.0
2018-05-10 09:44:40+00:00,15.800335,270.0
2018-05-10 09:44:50+00:00,11.416243,270.0
2018-05-10 09:45:00+00:00,13.226189,270.0
2018-05-10 09:45:10+00:00,12.497829,270.0
2018-05-10 09:45:20+00:00,12.234913,270.0
2018-05-10 09:45:30+00:00,14.926027,270.0
2018-05-10 09:45:40+00:00,12.89493,270.0
2018-05-10 09:45:50+00:00,10.858676,270.0
2018-05-10 09:46:00+00:00,13.612582,270.0
2018-05-10 09:46:10+00:00,13.17584,270.0
2018-05-10 09:46:20+00:00,12.002216,270.0
2018-05-10 09:46:30+00:00,13.461456,270.0
2018-05-10 09:46:40+00:00,12.547885,270.0
2018-05-10 09:46:50+00:00,12.908745,270.0
2018-05-10 09:47:00+00:00,13.812214,270.0
2018-05-10 09:47:10+00:00,14.130036,270.0
2018-05-10 09:47:20+00:00,13.904298,270.0
2018-05-10 09:47:30+00:00,12.266163,270.0
2018-05-10 09:47:40+00:00,11.961344,270.0
2018-05-10 09:47:50+00:00,13.052122,270.0
2018-05-10 09:48:00+00:00,12.794582,270.0
2018-05-10 09:48:10+00:00,13.603298,270.0
2018-05-10 09:48:20+00:00,15.275156,270.0
2018-05-10 09:48:30+00:00,12.409477,270.0
2018-05-10 09:48:40+00:00,11.232371,270.0
2018-05-10 09:48:50+00:00,12.957926,270.0
2018-05-10 09:49:00+00:00,12.723358,270.0
2018-05-10 09:49:10+00:00,13.554066,270.0
2018-05-10 09:49:20+00:00,12.732518,270.0
2018-05-10 09:49:30+00:00,15.000088,270.0
2018-05-10 09:49:40+00:00,13.321771,270.0
2018-05-10 09:49:50+00:00,14.307509,270.0
2018-05-10 09:50:00+00:00,13.870692,270.0
2018-05-10 09:50:10+00:00,14.067593,270.0
2018-05-10 09:50:20+00:00,12.3159685,270.0
2018-05-10 09:50:30+00:00,12.500242,270.0
2018-05-10 09:50:40+00:00,14.220665,270.0
2018-05-10 09:50:50+00:00,11.10472,270.0
2018-05-10 09:51:00+00:00,12.595733,270.0
2018-05-10 09:51:10+00:00,12.10406,270.0
2018-05-10 09:51:20+00:00,14.036842,270.0
2018-05-10 09:51:30+00:00,15.218506,270.0
2018-05-10 09:51:40+00:00,13.121006,270.0
2018-05-10 09:51:50+00:00,13.512731,270.0
2018-05-10 09:52:00+00:00,12.59479,270.0
2018-05-10 09:52:10+00:00,11.935845,270.0
2018-05-10 09:52:20+00:00,11.369968,270.0
2018-05-10 09:52:30+00:00,14.858488,270.0
2018-05-10 09:52:40+00:00,14.973983,270.0
2018-05-10 09:52:50+00:00,12.500568,270.0
2018-05-10 09:53:00+00:00,12.139506,270.0
2018-05-10 09:53:10+00:00,12.509733,270.0
2018-05-10 09:53:20+00:00,12.361088,270.0
2018-05-10 09:53:30+00:00,12.585794,270.0
2018-05-10 09:53:40+00:00,13.181992,270.0
2018-05-10 09:53:50+00:00,13.310616,270.0
2018-05-10 09:54:00+00:00,12.060462,270.0
2018-05-10 09:54:10+00:00,13.814688,270.0
2018-05-10 09:54:20+00:00,13.759042,270.0
2018-05-10 09:54:30+00:00,14.916796,270.0
2018-05-10 09:54:40+00:00,12.465576,270.0
2018-05-10 09:54:50+00:00,14.275328,270.0
2018-05-10 09:55:00+00:00,13.869251,270.0
2018-05-10 09:55:10+00:00,11.443513,270.0
2018-05-10 09:55:20+00:00,13.924299,270.0
2018-05-10 09:55:30+00:00,15.608875,270.0
2018-05-10 09:55:40+00:00,11.73661,270.0
2018-05-10 09:55:50+00:00,14.709282,270.0
2018-05-10 09:56:00+00:00,15.982143,270.0
2018-05-10 09:56:10+00:00,12.356864,270.0
2018-05-10 09:56:20+00:00,13.758987,270.0
2018-05-10 09:56:30+00:00,13.276003,270.0
2018-05-10 09:56:40+00:00,13.942793,270.0
2018-05-10 09:56:50+00:00,12.716351,270.0
2018-05-10 09:57:00+00:00,13.128812,270.0
2018-05-10 09:57:10+00:00,10.878489,270.0
2018-05-10 09:57:20+00:00,13.304084,270.0
2018-05-10 09:57:30+00:00,12.725112,270.0
2018-05-10 09:57:40+00:00,15.564674,270.0
2018-05-10 09:57:50+00:00,14.15462,270.0
2018-05-10 09:58:00+00:00,13.647651,270.0
2018-05-10 09:58:10+00:00,11.908436,270.0
2018-05-10 09:58:20+00:00,14.269815,270.0
2018-05-10 09:58:30+00:00,12.281711,270.0
2018-05-10 09:58:40+00:00,13.532815,270.0
2018-05-10 09:58:50+00:00,14.125774,270.0
2018-05-10 09:59:00+00:00,14.872344,270.0
2018-05-10 09:59:10+00:00,12.302069,270.0
2018-05-10 09:59:20+00:00,10.975914,270.0
2018-05-10 09:59:30+00:00,14.593307,270.0
2018-05-10 09:59:40+00:00,13.943957,270.0
2018-05-10 09:59:50+00:00,13.107828,270.0
2018-05-10 10:00:00+00:00,13.565332,270.0
2018-05-10 10:00:10+00:00,13.321436,270.0
2018-05-10 10:00:20+00:00,14.354112,270.0
2018-05-10 10:00:30+00:00,13.888267,270.0
2018-05-10 10:00:40+00:00,13.290407,270.0
2018-05-10 10:00:50+00:00,14.370311,270.0
2018-05-10 10:01:00+00:00,13.3230715,270.0
2018-05-10 10:01:10+00:00,14.099254,270.0
2018-05-10 10:01:20+00:00,12.414218,270.0
2018-05-10 10:01:30+00:00,13.290622,270.0
2018-05-10 10:01:40+00:00,12.769526,270.0
2018-05-10 10:01:50+00:00,13.936754,270.0
2018-05-10 10:02:00+00:00,12.389726,270.0
2018-05-10 10:02:10+00:00,13.148145,270.0
2018-05-10 10:02:20+00:00,14.010907,270.0
2018-05-10 10:02:30+00:00,12.244272,270.0
2018-05-10 10:02:40+00:00,12.02417,270.0
2018-05-10 10:02:50+00:00,16.193756,270.0
2018-05-10 10:03:00+00:00,13.622934,270.0
2018-05-10 10:03:10+00:00,12.486762,270.0
2018-05-10 10:03:20+00:00,13.833698,270.0
2018-05-10 10:03:30+00:00,11.374581,270.0
2018-05-10 10:03:40+00:00,14.154453,270.0
2018-05-10 10:03:50+00:00,15.298498,270.0
2018-05-10 10:04:00+00:00,13.502757,270.0
2018-05-10 10:04:10+00:00,14.073627,270.0
2018-05-10 10:04:20+00:00,12.089386,270.0
2018-05-10 10:04:30+00:00,12.169344,270.0
2018-05-10 10:04:40+00:00,14.756213,270.0
2018-05-10 10:04:50+00:00,12.799927,270.0
2018-05-10 10:05:00+00:00,14.823403,270.0
2018-05-10 10:05:10+00:00,13.536118,270.0
2018-05-10 10:05:20+00:00,10.804529,270.0
2018-05-10 10:05:30+00:00,11.914053,270.0
2018-05-10 10:05:40+00:00,14.244757,270.0
2018-05-10 10:05:50+00:00,14.68958,270.0
2018-05-10 10:06:00+00:00,13.455933,270.0
2018-05-10 10:06:10+00:00,12.868195,270.0
2018-05-10 10:06:20+00:00,12.86192,270.0
2018-05-10 10:06:30+00:00,13.028598,270.0
2018-05-10 10:06:40+00:00,13.953065,270.0
2018-05-10 10:06:50+00:00,12.599856,270.0
2018-05-10 10:07:00+00:00,11.474198,270.0
2018-05-10 10:07:10+00:00,12.573931,270.0
2018-05-10 10:07:20+00:00,13.597073,270.0
2018-05-10 10:07:30+00:00,15.648035,270.0
2018-05-10 10:07:40+00:00,13.612921,270.0
2018-05-10 10:07:50+00:00,13.371139,270.0
2018-05-10 10:08:00+00:00,13.147757,270.0
2018-05-10 10:08:10+00:00,14.302039,270.0
2018-05-10 10:08:20+00:00,12.172148,270.0
2018-05-10 10:08:30+00:00,13.661648,270.0
2018-05-10 10:08:40+00:00,13.119085,270.0
2018-05-10 10:08:50+00:00,15.000338,270.0
2018-05-10 10:09:00+00:00,14.111915,270.0
2018-05-10 10:09:10+00:00,13.916791,270.0
2018-05-10 10:09:20+00:00,14.024467,270.0
2018-05-10 10:09:30+00:00,15.2664385,270.0
2018-05-10 10:09:40+00:00,13.8608675,270.0
2018-05-10 10:09:50+00:00,14.406758,270.0
2018-05-10 10:10:00+00:00,12.401804,270.0
2018-05-10 10:10:10+00:00,13.38627,270.0
2018-05-10 10:10:20+00:00,13.846744,270.0
2018-05-10 10:10:30+00:00,13.704293,270.0
2018-05-10 10:10:40+00:00,12.662539,270.0
2018-05-10 10:10:50+00:00,14.117147,270.0
2018-05-10 10:11:00+00:00,13.202683,270.0
2018-05-10 10:11:10+00:00,12.066808,270.0
2018-05-10 10:11:20+00:00,13.3551035,270.0
2018-05-10 10:11:30+00:00,13.509917,270.0
2018-05-10 10:11:40+00:00,14.053032,270.0
2018-05-10 10:11:50+00:00,12.057788,270.0
2018-05-10 10:12:00+00:00,10.644497,270.0
2018-05-10 10:12:10+00:00,14.416934,270.0
2018-05-10 10:12:20+00:00,15.860285,270.0
2018-05-10 10:12:30+00:00,11.511183,270.0
2018-05-10 10:12:40+00:00,12.826977,270.0
2018-05-10 10:12:50+00:00,12.954479,270.0
2018-05-10 10:13:00+00:00,14.1173315,270.0
2018-05-10 10:13:10+00:00,13.604184,270.0
2018-05-10 10:13:20+00:00,12.673659,270.0
2018-05-10 10:13:30+00:00,12.467841,270.0
2018-05-10 10:13:40+00:00,12.178661,270.0
2018-05-10 10:13:50+00:00,13.280843,270.0
2018-05-10 10:14:00+00:00,13.577998,270.0
2018-05-10 10:14:10+00:00,14.6554575,270.0
2018-05-10 10:14:20+00:00,15.716993,270.0
2018-05-10 10:14:30+00:00,15.264079,270.0
2018-05-10 10:14:40+00:00,15.81735,270.0
2018-05-10 10:14:50+00:00,12.903959,270.0
2018-05-10 10:15:00+00:00,10.998507,270.0
2018-05-10 10:15:10+00:00,12.067294,270.0
2018-05-10 10:15:20+00:00,13.025905,270.0
2018-05-10 10:15:30+00:00,14.426705,270.0
2018-05-10 10:15:40+00:00,13.551023,270.0
2018-05-10 10:15:50+00:00,13.174771,270.0
2018-05-10 10:16:00+00:00,12.495965,270.0
2018-05-10 10:16:10+00:00,13.170596,270.0
2018-05-10 10:16:20+00:00,13.976994,270.0
2018-05-10 10:16:30+00:00,14.242406,270.0
2018-05-10 10:16:40+00:00,15.061982,270.0
2018-05-10 10:16:50+00:00,13.633582,270.0
2018-05-10 10:17:00+00:00,15.220056,270.0
2018-05-10 10:17:10+00:00,13.937266,270.0
2018-05-10 10:17:20+00:00,14.296669,270.0
2018-05-10 10:17:30+00:00,14.643426,270.0
2018-05-10 10:17:40+00:00,10.946682,270.0
2018-05-10 10:17:50+00:00,13.05269,270.0
2018-05-10 10:18:00+00:00,13.419998,270.0
2018-05-10 10:18:10+00:00,13.127845,270.0
2018-05-10 10:18:20+00:00,13.804764,270.0
2018-05-10 10:18:30+00:00,15.48203,270.0
2018-05-10 10:18:40+00:00,12.1282,270.0
2018-05-10 10:18:50+00:00,14.214406,270.0
2018-05-10 10:19:00+00:00,14.452446,270.0
2018-05-10 10:19:10+00:00,14.376811,270.0
2018-05-10 10:19:20+00:00,12.021608,270.0
2018-05-10 10:19:30+00:00,12.770408,270.0
2018-05-10 10:19:40+00:00,13.138147,270.0
2018-05-10 10:19:50+00:00,13.841771,270.0
2018-05-10 10:20:00+00:00,11.866189,270.0
2018-05-10 10:20:10+00:00,13.731339,270.0
2018-05-10 10:20:20+00:00,14.501979,270.0
2018-05-10 10:20:30+00:00,11.989778,270.0
2018-05-10 10:20:40+00:00,13.167353,270.0
2018-05-10 10:20:50+00:00,14.411754,270.0
2018-05-10 10:21:00+00:00,11.890605,270.0
2018-05-10 10:21:10+00:00,13.318446,270.0
2018-05-10 10:21:20+00:00,11.412442,270.0
2018-05-10 10:21:30+00:00,13.370092,270.0
2018-05-10 10:21:40+00:00,12.526744,270.0
2018-05-10 10:21:50+00:00,13.442421,270.0
2018-05-10 10:22:00+00:00,12.345915,270.0
2018-05-10 10:22:10+00:00,15.183238,270.0
2018-05-10 10:22:20+00:00,12.410082,270.0
2018-05-10 10:22:30+00:00,14.670685,270.0
2018-05-10 10:22:40+00:00,14.045664,270.0
2018-05-10 10:22:50+00:00,13.194182,270.0
2018-05-10 10:23:00+00:00,15.751675,270.0
2018-05-10 10:23:10+00:00,15.143031,270.0
2018-05-10 10:23:20+00:00,13.730277,270.0
2018-05-10 10:23:30+00:00,13.886638,270.0
2018-05-10 10:23:40+00:00,15.23054,270.0
2018-05-10 10:23:50+00:00,13.297342,270.0
2018-05-10 10:24:00+00:00,13.391323,270.0
2018-05-10 10:24:10+00:00,13.905436,270.0
2018-05-10 10:24:20+00:00,11.672914,270.0
2018-05-10 10:24:30+00:00,13.271928,270.0
2018-05-10 10:24:40+00:00,11.423419,270.0
2018-05-10 10:24:50+00:00,13.39001,270.0
2018-05-10 10:25:00+00:00,14.589217,270.0
2018-05-10 10:25:10+00:00,11.912316,270.0
2018-05-10 10:25:20+00:00,13.832133,270.0
2018-05-10 10:25:30+00:00,13.260469,270.0
2018-05-10 10:25:40+00:00,14.0710945,270.0
2018-05-10 10:25:50+00:00,12.588148,270.0
2018-05-10 10:26:00+00:00,12.819316,270.0
2018-05-10 10:26:10+00:00,12.067042,270.0
2018-05-10 10:26:20+00:00,13.80103,270.0
2018-05-10 10:26:30+00:00,11.381217,270.0
2018-05-10 10:26:40+00:00,13.368399,270.0
2018-05-10 10:26:50+00:00,13.895101,270.0
2018-05-10 10:27:00+00:00,12.9330845,270.0
2018-05-10 10:27:10+00:00,13.317747,270.0
2018-05-10 10:27:20+00:00,11.574145,270.0
2018-05-10 10:27:30+00:00,13.796615,270.0
2018-05-10 10:27:40+00:00,12.266933,270.0
2018-05-10 10:27:50+00:00,14.182397,270.0
2018-05-10 10:28:00+00:00,13.613289,270.0
2018-05-10 10:28:10+00:00,14.0382595,270.0
2018-05-10 10:28:20+00:00,14.453642,270.0
2018-05-10 10:28:30+00:00,13.491823,270.0
2018-05-10 10:28:40+00:00,13.74761,270.0
2018-05-10 10:28:50+00:00,12.622384,270.0
2018-05-10 10:29:00+00:00,13.742725,270.0
2018-05-10 10:29:10+00:00,14.803922,270.0
2018-05-10 10:29:20+00:00,14.227643,270.0
2018-05-10 10:29:30+00:00,13.496554,270.0
2018-05-10 10:29:40+00:00,13.143491,270.0
2018-05-10 10:29:50+00:00,14.359616,270.0
2018-05-10 10:30:00+00:00,13.123027,270.0
2018-05-10 10:30:10+00:00,14.067881,270.0
2018-05-10 10:30:20+00:00,14.955118,270.0
2018-05-10 10:30:30+00:00,13.609912,270.0
2018-05-10 10:30:40+00:00,13.903151,270.0
2018-05-10 10:30:50+00:00,14.445829,270.0
2018-05-10 10:31:00+00:00,13.728043,270.0
2018-05-10 10:31:10+00:00,13.045658,270.0
2018-05-10 10:31:20+00:00,13.947286,270.0
2018-05-10 10:31:30+00:00,14.475626,270.0
2018-05-10 10:31:40+00:00,12.165663,270.0
2018-05-10 10:31:50+00:00,14.747543,270.0
2018-05-10 10:32:00+00:00,15.1426735,270.0
2018-05-10 10:32:10+00:00,14.431177,270.0
2018-05-10 10:32:20+00:00,14.818966,270.0
2018-05-10 10:32:30+00:00,13.161008,270.0
2018-05-10 10:32:40+00:00,14.882332,270.0
2018-05-10 10:32:50+00:00,15.300273,270.0
2018-05-10 10:33:00+00:00,12.375703,270.0
2018-05-10 10:33:10+00:00,14.62633,270.0
2018-05-10 10:33:20+00:00,11.8039055,270.0
2018-05-10 10:33:30+00:00,13.803763,270.0
2018-05-10 10:33:40+00:00,11.9849825,270.0
2018-05-10 10:33:50+00:00,11.653839,270.0
2018-05-10 10:34:00+00:00,12.964578,270.0
2018-05-10 10:34:10+00:00,12.947422,270.0
2018-05-10 10:34:20+00:00,12.859151,270.0
2018-05-10 10:34:30+00:00,15.583483,270.0
2018-05-10 10:34:40+00:00,14.12297,270.0
2018-05-10 10:34:50+00:00,16.05449,270.0
2018-05-10 10:35:00+00:00,15.376959,270.0
2018-05-10 10:35:10+00:00,15.0773115,270.0
2018-05-10 10:35:20+00:00,12.667221,270.0
2018-05-10 10:35:30+00:00,12.44611,270.0
2018-05-10 10:35:40+00:00,14.334101,270.0
2018-05-10 10:35:50+00:00,12.508907,270.0
2018-05-10 10:36:00+00:00,14.489394,270.0
2018-05-10 10:36:10+00:00,12.931585,270.0
2018-05-10 10:36:20+00:00,11.905453,270.0
2018-05-10 10:36:30+00:00,11.070461,270.0
2018-05-10 10:36:40+00:00,13.671823,270.0
2018-05-10 10:36:50+00:00,13.918112,270.0
2018-05-10 10:37:00+00:00,13.785109,270.0
2018-05-10 10:37:10+00:00,13.806461,270.0
2018-05-10 10:37:20+00:00,15.310133,270.0
2018-05-10 10:37:30+00:00,13.058744,270.0
2018-05-10 10:37:40+00:00,12.877608,270.0
2018-05-10 10:37:50+00:00,13.281501,270.0
2018-05-10 10:38:00+00:00,15.225286,270.0
2018-05-10 10:38:10+00:00,12.066202,270.0
2018-05-10 10:38:20+00:00,15.724379,270.0
2018-05-10 10:38:30+00:00,13.433058,270.0
2018-05-10 10:38:40+00:00,9.903839,270.0
2018-05-10 10:38:50+00:00,12.169867,270.0
2018-05-10 10:39:00+00:00,15.523105,270.0
2018-05-10 10:39:10+00:00,11.570647,270.0
2018-05-10 10:39:20+00:00,13.963172,270.0
2018-05-10 10:39:30+00:00,12.989552,270.0
2018-05-10 10:39:40+00:00,12.074738,270.0
2018-05-10 10:39:50+00:00,12.464941,270.0
2018-05-10 10:40:00+00:00,15.84558,270.0
2018-05-10 10:40:10+00:00,13.578441,270.0
2018-05-10 10:40:20+00:00,13.741521,270.0
2018-05-10 10:40:30+00:00,14.47268,270.0
2018-05-10 10:40:40+00:00,12.960622,270.0
2018-05-10 10:40:50+00:00,12.935849,270.0
2018-05-10 10:41:00+00:00,13.919861,270.0
2018-05-10 10:41:10+00:00,14.45858,270.0
2018-05-10 10:41:20+00:00,12.656525,270.0
2018-05-10 10:41:30+00:00,12.797591,270.0
2018-05-10 10:41:40+00:00,14.46606,270.0
2018-05-10 10:41:50+00:00,15.030877,270.0
2018-05-10 10:42:00+00:00,13.7508955,270.0
2018-05-10 10:42:10+00:00,13.962865,270.0
2018-05-10 10:42:20+00:00,14.007276,270.0
2018-05-10 10:42:30+00:00,12.734781,270.0
2018-05-10 10:42:40+00:00,13.629866,270.0
2018-05-10 10:42:50+00:00,14.8931265,270.0
2018-05-10 10:43:00+00:00,12.364019,270.0
2018-05-10 10:43:10+00:00,14.802597,270.0
2018-05-10 10:43:20+00:00,14.042703,270.0
2018-05-10 10:43:30+00:00,15.44157,270.0
2018-05-10 10:43:40+00:00,11.93793,270.0
2018-05-10 10:43:50+00:00,13.74172,270.0
2018-05-10 10:44:00+00:00,13.205961,270.0
2018-05-10 10:44:10+00:00,15.084249,270.0
2018-05-10 10:44:20+00:00,13.24785,270.0
2018-05-10 10:44:30+00:00,14.55298,270.0
2018-05-10 10:44:40+00:00,12.745243,270.0
2018-05-10 10:44:50+00:00,14.5722475,270.0
2018-05-10 10:45:00+00:00,13.82946,270.0
2018-05-10 10:45:10+00:00,13.832835,270.0
2018-05-10 10:45:20+00:00,10.578134,270.0
2018-05-10 10:45:30+00:00,12.999551,270.0
2018-05-10 10:45:40+00:00,13.175127,270.0
2018-05-10 10:45:50+00:00,14.620146,270.0
2018-05-10 10:46:00+00:00,13.21357,270.0
2018-05-10 10:46:10+00:00,13.374687,270.0
2018-05-10 10:46:20+00:00,14.090081,270.0
2018-05-10 10:46:30+00:00,14.429697,270.0
2018-05-10 10:46:40+00:00,14.668251,270.0
2018-05-10 10:46:50+00:00,14.081955,270.0
2018-05-10 10:47:00+00:00,14.253503,270.0
2018-05-10 10:47:10+00:00,11.672571,270.0
2018-05-10 10:47:20+00:00,12.437469,270.0
2018-05-10 10:47:30+00:00,13.929441,270.0
2018-05-10 10:47:40+00:00,13.424529,270.0
2018-05-10 10:47:50+00:00,14.3748455,270.0
2018-05-10 10:48:00+00:00,16.236073,270.0
2018-05-10 10:48:10+00:00,12.305631,270.0
2018-05-10 10:48:20+00:00,15.267418,270.0
2018-05-10 10:48:30+00:00,14.406093,270.0
2018-05-10 10:48:40+00:00,12.564671,270.0
2018-05-10 10:48:50+00:00,14.52534,270.0
2018-05-10 10:49:00+00:00,12.210001,270.0
2018-05-10 10:49:10+00:00,13.078297,270.0
2018-05-10 10:49:20+00:00,12.804216,270.0
2018-05-10 10:49:30+00:00,13.156081,270.0
2018-05-10 10:49:40+00:00,14.411085,270.0
2018-05-10 10:49:50+00:00,12.805851,270.0
2018-05-10 10:50:00+00:00,14.567727,270.0
2018-05-10 10:50:10+00:00,13.618695,270.0
2018-05-10 10:50:20+00:00,12.087789,270.0
2018-05-10 10:50:30+00:00,12.14453,270.0
2018-05-10 10:50:40+00:00,12.169482,270.0
2018-05-10 10:50:50+00:00,14.250573,270.0
2018-05-10 10:51:00+00:00,13.962847,270.0
2018-05-10 10:51:10+00:00,13.880094,270.0
2018-05-10 10:51:20+00:00,12.929421,270.0
2018-05-10 10:51:30+00:00,14.328385,270.0
2018-05-10 10:51:40+00:00,14.143237,270.0
2018-05-10 10:51:50+00:00,15.226394,270.0
2018-05-10 10:52:00+00:00,12.971656,270.0
2018-05-10 10:52:10+00:00,12.28774,270.0
2018-05-10 10:52:20+00:00,15.067828,270.0
2018-05-10 10:52:30+00:00,13.262912,270.0
2018-05-10 10:52:40+00:00,13.919176,270.0
2018-05-10 10:52:50+00:00,13.717839,270.0
2018-05-10 10:53:00+00:00,14.4698105,270.0
2018-05-10 10:53:10+00:00,14.350016,270.0
2018-05-10 10:53:20+00:00,12.526408,270.0
2018-05-10 10:53:30+00:00,15.841356,270.0
2018-05-10 10:53:40+00:00,17.074495,270.0
2018-05-10 10:53:50+00:00,13.971974,270.0
2018-05-10 10:54:00+00:00,12.248493,270.0
2018-05-10 10:54:10+00:00,13.895808,270.0
2018-05-10 10:54:20+00:00,10.941663,270.0
2018-05-10 10:54:30+00:00,10.150349,270.0
2018-05-10 10:54:40+00:00,13.50358,270.0
2018-05-10 10:54:50+00:00,13.630197,270.0
2018-05-10 10:55:00+00:00,13.967423,270.0
2018-05-10 10:55:10+00:00,13.999298,270.0
2018-05-10 10:55:20+00:00,14.143734,270.0
2018-05-10 10:55:30+00:00,12.1811285,270.0
2018-05-10 10:55:40+00:00,15.0266695,270.0
2018-05-10 10:55:50+00:00,15.76482,270.0
2018-05-10 10:56:00+00:00,16.41231,270.0
2018-05-10 10:56:10+00:00,12.410376,270.0
2018-05-10 10:56:20+00:00,15.596488,270.0
2018-05-10 10:56:30+00:00,13.678045,270.0
2018-05-10 10:56:40+00:00,12.816304,270.0
2018-05-10 10:56:50+00:00,14.032516,270.0
2018-05-10 10:57:00+00:00,12.368521,270.0
2018-05-10 10:57:10+00:00,12.83299,270.0
2018-05-10 10:57:20+00:00,13.915652,270.0
2018-05-10 10:57:30+00:00,13.102021,270.0
2018-05-10 10:57:40+00:00,13.649364,270.0
2018-05-10 10:57:50+00:00,14.410684,270.0
2018-05-10 10:58:00+00:00,14.953574,270.0
2018-05-10 10:58:10+00:00,14.331276,270.0
2018-05-10 10:58:20+00:00,14.4889345,270.0
2018-05-10 10:58:30+00:00,14.181123,270.0
2018-05-10 10:58:40+00:00,13.038658,270.0
2018-05-10 10:58:50+00:00,13.061099,270.0
2018-05-10 10:59:00+00:00,13.104321,270.0
2018-05-10 10:59:10+00:00,12.338263,270.0
2018-05-10 10:59:20+00:00,13.780638,270.0
2018-05-10 10:59:30+00:00,12.480593,270.0
2018-05-10 10:59:40+00:00,14.122306,270.0
2018-05-10 10:59:50+00:00,13.099839,270.0
2018-05-10 11:00:00+00:00,14.929736,270.0
2018-05-10 11:00:10+00:00,14.032543,270.0
2018-05-10 11:00:20+00:00,12.4573555,270.0
2018-05-10 11:00:30+00:00,14.85066,270.0
2018-05-10 11:00:40+00:00,16.208471,270.0
2018-05-10 11:00:50+00:00,15.712998,270.0
2018-05-10 11:01:00+00:00,12.205357,270.0
2018-05-10 11:01:10+00:00,11.53671,270.0
2018-05-10 11:01:20+00:00,13.341082,270.0
2018-05-10 11:01:30+00:00,15.447583,270.0
2018-05-10 11:01:40+00:00,14.348654,270.0
2018-05-10 11:01:50+00:00,14.615197,270.0
2018-05-10 11:02:00+00:00,13.973371,270.0
2018-05-10 11:02:10+00:00,14.670773,270.0
2018-05-10 11:02:20+00:00,12.622199,270.0
2018-05-10 11:02:30+00:00,13.990266,270.0
2018-05-10 11:02:40+00:00,11.953731,270.0
2018-05-10 11:02:50+00:00,13.718941,270.0
2018-05-10 11:03:00+00:00,13.585471,270.0
2018-05-10 11:03:10+00:00,13.939414,270.0
2018-05-10 11:03:20+00:00,14.566421,270.0
2018-05-10 11:03:30+00:00,13.619602,270.0
2018-05-10 11:03:40+00:00,16.082714,270.0
2018-05-10 11:03:50+00:00,13.628644,270.0
2018-05-10 11:04:00+00:00,15.398866,270.0
2018-05-10 11:04:10+00:00,12.872572,270.0
2018-05-10 11:04:20+00:00,12.425658,270.0
2018-05-10 11:04:30+00:00,13.739506,270.0
2018-05-10 11:04:40+00:00,13.728212,270.0
2018-05-10 11:04:50+00:00,14.82731,270.0
2018-05-10 11:05:00+00:00,14.503567,270.0
2018-05-10 11:05:10+00:00,13.74612,270.0
2018-05-10 11:05:20+00:00,12.256118,270.0
2018-05-10 11:05:30+00:00,13.669842,270.0
2018-05-10 11:05:40+00:00,15.3835945,270.0
2018-05-10 11:05:50+00:00,13.246769,270.0
2018-05-10 11:06:00+00:00,12.380188,270.0
2018-05-10 11:06:10+00:00,14.040072,270.0
2018-05-10 11:06:20+00:00,15.431664,270.0
2018-05-10 11:06:30+00:00,15.169769,270.0
2018-05-10 11:06:40+00:00,13.945785,270.0
2018-05-10 11:06:50+00:00,14.304833,270.0
2018-05-10 11:07:00+00:00,12.9212265,270.0
2018-05-10 11:07:10+00:00,15.1204195,270.0
2018-05-10 11:07:20+00:00,15.360702,270.0
2018-05-10 11:07:30+00:00,13.268097,270.0
2018-05-10 11:07:40+00:00,13.441966,270.0
2018-05-10 11:07:50+00:00,14.395818,270.0
2018-05-10 11:08:00+00:00,13.830628,270.0
2018-05-10 11:08:10+00:00,14.776048,270.0
2018-05-10 11:08:20+00:00,14.609001,270.0
2018-05-10 11:08:30+00:00,15.969969,270.0
2018-05-10 11:08:40+00:00,11.03952,270.0
2018-05-10 11:08:50+00:00,15.369995,270.0
2018-05-10 11:09:00+00:00,14.400517,270.0
2018-05-10 11:09:10+00:00,13.740694,270.0
2018-05-10 11:09:20+00:00,12.578204,270.0
2018-05-10 11:09:30+00:00,13.370969,270.0
2018-05-10 11:09:40+00:00,13.747728,270.0
2018-05-10 11:09:50+00:00,13.685329,270.0
2018-05-10 11:10:00+00:00,14.679972,270.0
2018-05-10 11:10:10+00:00,13.111245,270.0
2018-05-10 11:10:20+00:00,13.545933,270.0
2018-05-10 11:10:30+00:00,14.064507,270.0
2018-05-10 11:10:40+00:00,14.047637,270.0
2018-05-10 11:10:50+00:00,15.77103,270.0
2018-05-10 11:11:00+00:00,12.97194,270.0
2018-05-10 11:11:10+00:00,11.933416,270.0
2018-05-10 11:11:20+00:00,13.177055,270.0
2018-05-10 11:11:30+00:00,13.968128,270.0
2018-05-10 11:11:40+00:00,12.563252,270.0
2018-05-10 11:11:50+00:00,12.8049965,270.0
2018-05-10 11:12:00+00:00,14.167163,270.0
2018-05-10 11:12:10+00:00,15.479804,270.0
2018-05-10 11:12:20+00:00,13.679634,270.0
2018-05-10 11:12:30+00:00,14.119063,270.0
2018-05-10 11:12:40+00:00,13.557896,270.0
2018-05-10 11:12:50+00:00,13.23509,270.0
2018-05-10 11:13:00+00:00,12.077081,270.0
2018-05-10 11:13:10+00:00,14.262853,270.0
2018-05-10 11:13:20+00:00,12.3033285,270.0
2018-05-10 11:13:30+00:00,13.630026,270.0
2018-05-10 11:13:40+00:00,14.54768,270.0
2018-05-10 11:13:50+00:00,14.150748,270.0
2018-05-10 11:14:00+00:00,13.222081,270.0
2018-05-10 11:14:10+00:00,14.316563,270.0
2018-05-10 11:14:20+00:00,13.634887,270.0
2018-05-10 11:14:30+00:00,14.655962,270.0
2018-05-10 11:14:40+00:00,14.130892,270.0
2018-05-10 11:14:50+00:00,14.94837,270.0
2018-05-10 11:15:00+00:00,13.44936,270.0
2018-05-10 11:15:10+00:00,14.192564,270.0
2018-05-10 11:15:20+00:00,12.533398,270.0
2018-05-10 11:15:30+00:00,12.174761,270.0
2018-05-10 11:15:40+00:00,12.40116,270.0
2018-05-10 11:15:50+00:00,13.657557,270.0
2018-05-10 11:16:00+00:00,11.359755,270.0
2018-05-10 11:16:10+00:00,12.886756,270.0
2018-05-10 11:16:20+00:00,14.308372,270.0
2018-05-10 11:16:30+00:00,15.3905945,270.0
2018-05-10 11:16:40+00:00,14.968559,270.0
2018-05-10 11:16:50+00:00,14.379327,270.0
2018-05-10 11:17:00+00:00,13.21249,270.0
2018-05-10 11:17:10+00:00,16.029453,270.0
2018-05-10 11:17:20+00:00,14.827055,270.0
2018-05-10 11:17:30+00:00,15.996806,270.0
2018-05-10 11:17:40+00:00,13.581061,270.0
2018-05-10 11:17:50+00:00,12.984587,270.0
2018-05-10 11:18:00+00:00,13.45893,270.0
2018-05-10 11:18:10+00:00,12.550791,270.0
2018-05-10 11:18:20+00:00,14.277512,270.0
2018-05-10 11:18:30+00:00,12.373606,270.0
2018-05-10 11:18:40+00:00,15.308525,270.0
2018-05-10 11:18:50+00:00,13.325891,270.0
2018-05-10 11:19:00+00:00,12.455676,270.0
2018-05-10 11:19:10+00:00,12.803573,270.0
2018-05-10 11:19:20+00:00,12.338951,270.0
2018-05-10 11:19:30+00:00,13.3911495,270.0
2018-05-10 11:19:40+00:00,14.642373,270.0
2018-05-10 11:19:50+00:00,12.982256,270.0
2018-05-10 11:20:00+00:00,14.230528,270.0
2018-05-10 11:20:10+00:00,14.699365,270.0
2018-05-10 11:20:20+00:00,13.879049,270.0
2018-05-10 11:20:30+00:00,14.72777,270.0
2018-05-10 11:20:40+00:00,17.267874,270.0
2018-05-10 11:20:50+00:00,13.63283,270.0
2018-05-10 11:21:00+00:00,15.02486,270.0
2018-05-10 11:21:10+00:00,13.931201,270.0
2018-05-10 11:21:20+00:00,13.791045,270.0
2018-05-10 11:21:30+00:00,13.326796,270.0
2018-05-10 11:21:40+00:00,14.364559,270.0
2018-05-10 11:21:50+00:00,13.026653,270.0
2018-05-10 11:22:00+00:00,12.865065,270.0
2018-05-10 11:22:10+00:00,15.300094,270.0
2018-05-10 11:22:20+00:00,12.535832,270.0
2018-05-10 11:22:30+00:00,15.220282,270.0
2018-05-10 11:22:40+00:00,12.809344,270.0
2018-05-10 11:22:50+00:00,13.014861,270.0
2018-05-10 11:23:00+00:00,13.372025,270.0
2018-05-10 11:23:10+00:00,14.533222,270.0
2018-05-10 11:23:20+00:00,14.193535,270.0
2018-05-10 11:23:30+00:00,13.906578,270.0
2018-05-10 11:23:40+00:00,12.766591,270.0
2018-05-10 11:23:50+00:00,15.625795,270.0
2018-05-10 11:24:00+00:00,14.309722,270.0
2018-05-10 11:24:10+00:00,14.240069,270.0
2018-05-10 11:24:20+00:00,11.314364,270.0
2018-05-10 11:24:30+00:00,13.832617,270.0
2018-05-10 11:24:40+00:00,13.027714,270.0
2018-05-10 11:24:50+00:00,14.181614,270.0
2018-05-10 11:25:00+00:00,14.886682,270.0
2018-05-10 11:25:10+00:00,13.19736,270.0
2018-05-10 11:25:20+00:00,13.007295,270.0
2018-05-10 11:25:30+00:00,15.907318,270.0
2018-05-10 11:25:40+00:00,15.1999655,270.0
2018-05-10 11:25:50+00:00,14.73809,270.0
2018-05-10 11:26:00+00:00,14.77786,270.0
2018-05-10 11:26:10+00:00,13.73028,270.0
2018-05-10 11:26:20+00:00,16.111965,270.0
2018-05-10 11:26:30+00:00,13.716628,270.0
2018-05-10 11:26:40+00:00,12.28051,270.0
2018-05-10 11:26:50+00:00,13.921888,270.0
2018-05-10 11:27:00+00:00,11.901214,270.0
2018-05-10 11:27:10+00:00,13.977768,270.0
2018-05-10 11:27:20+00:00,12.627849,270.0
2018-05-10 11:27:30+00:00,13.770069,270.0
2018-05-10 11:27:40+00:00,15.454173,270.0
2018-05-10 11:27:50+00:00,13.177386,270.0
2018-05-10 11:28:00+00:00,14.899628,270.0
2018-05-10 11:28:10+00:00,14.707352,270.0
2018-05-10 11:28:20+00:00,13.72993,270.0
2018-05-10 11:28:30+00:00,13.160427,270.0
2018-05-10 11:28:40+00:00,13.61835,270.0
2018-05-10 11:28:50+00:00,12.284455,270.0
2018-05-10 11:29:00+00:00,13.754863,270.0
2018-05-10 11:29:10+00:00,14.698879,270.0
2018-05-10 11:29:20+00:00,12.557448,270.0
2018-05-10 11:29:30+00:00,14.284612,270.0
2018-05-10 11:29:40+00:00,12.823129,270.0
2018-05-10 11:29:50+00:00,13.485783,270.0
2018-05-10 11:30:00+00:00,13.78121,270.0
2018-05-10 11:30:10+00:00,14.952185,270.0
2018-05-10 11:30:20+00:00,16.354248,270.0
2018-05-10 11:30:30+00:00,12.596054,270.0
2018-05-10 11:30:40+00:00,13.3151865,270.0
2018-05-10 11:30:50+00:00,13.062408,270.0
2018-05-10 11:31:00+00:00,12.537689,270.0
2018-05-10 11:31:10+00:00,14.495322,270.0
2018-05-10 11:31:20+00:00,15.2876835,270.0
2018-05-10 11:31:30+00:00,13.093143,270.0
2018-05-10 11:31:40+00:00,14.880505,270.0
2018-05-10 11:31:50+00:00,15.70978,270.0
2018-05-10 11:32:00+00:00,15.524661,270.0
2018-05-10 11:32:10+00:00,14.764347,270.0
2018-05-10 11:32:20+00:00,14.9612465,270.0
2018-05-10 11:32:30+00:00,11.711291,270.0
2018-05-10 11:32:40+00:00,13.264717,270.0
2018-05-10 11:32:50+00:00,13.498635,270.0
2018-05-10 11:33:00+00:00,12.74681,270.0
2018-05-10 11:33:10+00:00,12.119326,270.0
2018-05-10 11:33:20+00:00,11.958518,270.0
2018-05-10 11:33:30+00:00,13.977976,270.0
2018-05-10 11:33:40+00:00,14.236585,270.0
2018-05-10 11:33:50+00:00,14.956893,270.0
2018-05-10 11:34:00+00:00,13.703985,270.0
2018-05-10 11:34:10+00:00,15.655714,270.0
2018-05-10 11:34:20+00:00,13.742587,270.0
2018-05-10 11:34:30+00:00,12.654813,270.0
2018-05-10 11:34:40+00:00,13.577816,270.0
2018-05-10 11:34:50+00:00,14.704315,270.0
2018-05-10 11:35:00+00:00,15.452766,270.0
2018-05-10 11:35:10+00:00,15.214094,270.0
2018-05-10 11:35:20+00:00,15.821218,270.0
2018-05-10 11:35:30+00:00,15.101189,270.0
2018-05-10 11:35:40+00:00,12.667778,270.0
2018-05-10 11:35:50+00:00,13.503385,270.0
2018-05-10 11:36:00+00:00,14.852331,270.0
2018-05-10 11:36:10+00:00,13.332901,270.0
2018-05-10 11:36:20+00:00,15.005102,270.0
2018-05-10 11:36:30+00:00,13.424879,270.0
2018-05-10 11:36:40+00:00,14.296428,270.0
2018-05-10 11:36:50+00:00,13.518415,270.0
2018-05-10 11:37:00+00:00,15.176568,270.0
2018-05-10 11:37:10+00:00,14.156955,270.0
2018-05-10 11:37:20+00:00,15.731128,270.0
2018-05-10 11:37:30+00:00,14.600383,270.0
2018-05-10 11:37:40+00:00,14.102873,270.0
2018-05-10 11:37:50+00:00,14.549381,270.0
2018-05-10 11:38:00+00:00,13.607441,270.0
2018-05-10 11:38:10+00:00,14.233071,270.0
2018-05-10 11:38:20+00:00,14.183852,270.0
2018-05-10 11:38:30+00:00,11.995343,270.0
2018-05-10 11:38:40+00:00,12.004383,270.0
2018-05-10 11:38:50+00:00,13.645943,270.0
2018-05-10 11:39:00+00:00,15.785859,270.0
2018-05-10 11:39:10+00:00,13.61117,270.0
2018-05-10 11:39:20+00:00,13.342299,270.0
2018-05-10 11:39:30+00:00,12.196948,270.0
2018-05-10 11:39:40+00:00,15.401174,270.0
2018-05-10 11:39:50+00:00,14.38256,270.0
2018-05-10 11:40:00+00:00,14.757871,270.0
2018-05-10 11:40:10+00:00,13.0105915,270.0
2018-05-10 11:40:20+00:00,14.50339,270.0
2018-05-10 11:40:30+00:00,13.048097,270.0
2018-05-10 11:40:40+00:00,12.066412,270.0
2018-05-10 11:40:50+00:00,14.882736,270.0
2018-05-10 11:41:00+00:00,12.020574,270.0
2018-05-10 11:41:10+00:00,13.088406,270.0
2018-05-10 11:41:20+00:00,13.4590645,270.0
2018-05-10 11:41:30+00:00,14.150438,270.0
2018-05-10 11:41:40+00:00,14.818918,270.0
2018-05-10 11:41:50+00:00,13.020024,270.0
2018-05-10 11:42:00+00:00,13.850343,270.0
2018-05-10 11:42:10+00:00,12.978533,270.0
2018-05-10 11:42:20+00:00,13.52986,270.0
2018-05-10 11:42:30+00:00,15.623151,270.0
2018-05-10 11:42:40+00:00,12.8327875,270.0
2018-05-10 11:42:50+00:00,13.516342,270.0
2018-05-10 11:43:00+00:00,14.49969,270.0
2018-05-10 11:43:10+00:00,15.132404,270.0
2018-05-10 11:43:20+00:00,12.979549,270.0
2018-05-10 11:43:30+00:00,15.204727,270.0
2018-05-10 11:43:40+00:00,14.142634,270.0
2018-05-10 11:43:50+00:00,16.638342,270.0
2018-05-10 11:44:00+00:00,14.160237,270.0
2018-05-10 11:44:10+00:00,13.873817,270.0
2018-05-10 11:44:20+00:00,14.742301,270.0
2018-05-10 11:44:30+00:00,12.413718,270.0
2018-05-10 11:44:40+00:00,14.214965,270.0
2018-05-10 11:44:50+00:00,12.654948,270.0
2018-05-10 11:45:00+00:00,12.955315,270.0
2018-05-10 11:45:10+00:00,14.462075,270.0
2018-05-10 11:45:20+00:00,12.601475,270.0
2018-05-10 11:45:30+00:00,12.943673,270.0
2018-05-10 11:45:40+00:00,13.781404,270.0
2018-05-10 11:45:50+00:00,12.486691,270.0
2018-05-10 11:46:00+00:00,12.767217,270.0
2018-05-10 11:46:10+00:00,12.681333,270.0
2018-05-10 11:46:20+00:00,14.659892,270.0
2018-05-10 11:46:30+00:00,14.511009,270.0
2018-05-10 11:46:40+00:00,11.821885,270.0
2018-05-10 11:46:50+00:00,13.921503,270.0
2018-05-10 11:47:00+00:00,15.133499,270.0
2018-05-10 11:47:10+00:00,12.853785,270.0
2018-05-10 11:47:20+00:00,14.129505,270.0
2018-05-10 11:47:30+00:00,15.610353,270.0
2018-05-10 11:47:40+00:00,13.224217,270.0
2018-05-10 11:47:50+00:00,13.6811905,270.0
2018-05-10 11:48:00+00:00,12.3054495,270.0
2018-05-10 11:48:10+00:00,13.92402,270.0
2018-05-10 11:48:20+00:00,15.052015,270.0
2018-05-10 11:48:30+00:00,16.834236,270.0
2018-05-10 11:48:40+00:00,13.468344,270.0
2018-05-10 11:48:50+00:00,12.469257,270.0
2018-05-10 11:49:00+00:00,13.884052,270.0
2018-05-10 11:49:10+00:00,11.80612,270.0
2018-05-10 11:49:20+00:00,14.863148,270.0
2018-05-10 11:49:30+00:00,13.804636,270.0
2018-05-10 11:49:40+00:00,12.722402,270.0
2018-05-10 11:49:50+00:00,15.341874,270.0
2018-05-10 11:50:00+00:00,14.22762,270.0
2018-05-10 11:50:10+00:00,14.978046,270.0
2018-05-10 11:50:20+00:00,12.850935,270.0
2018-05-10 11:50:30+00:00,13.64996,270.0
2018-05-10 11:50:40+00:00,16.127462,270.0
2018-05-10 11:50:50+00:00,10.84468,270.0
2018-05-10 11:51:00+00:00,14.489339,270.0
2018-05-10 11:51:10+00:00,13.210467,270.0
2018-05-10 11:51:20+00:00,11.932824,270.0
2018-05-10 11:51:30+00:00,13.058965,270.0
2018-05-10 11:51:40+00:00,13.0125265,270.0
2018-05-10 11:51:50+00:00,13.632384,270.0
2018-05-10 11:52:00+00:00,13.529866,270.0
2018-05-10 11:52:10+00:00,12.603281,270.0
2018-05-10 11:52:20+00:00,12.094822,270.0
2018-05-10 11:52:30+00:00,14.731165,270.0
2018-05-10 11:52:40+00:00,13.549518,270.0
2018-05-10 11:52:50+00:00,11.897784,270.0
2018-05-10 11:53:00+00:00,14.8921795,270.0
2018-05-10 11:53:10+00:00,11.812901,270.0
2018-05-10 11:53:20+00:00,14.484158,270.0
2018-05-10 11:53:30+00:00,13.395475,270.0
2018-05-10 11:53:40+00:00,13.071934,270.0
2018-05-10 11:53:50+00:00,12.897404,270.0
2018-05-10 11:54:00+00:00,12.204599,270.0
2018-05-10 11:54:10+00:00,14.414307,270.0
2018-05-10 11:54:20+00:00,14.990104,270.0
2018-05-10 11:54:30+00:00,13.631634,270.0
2018-05-10 11:54:40+00:00,13.094218,270.0
2018-05-10 11:54:50+00:00,11.556329,270.0
2018-05-10 11:55:00+00:00,15.932053,270.0
2018-05-10 11:55:10+00:00,13.021063,270.0
2018-05-10 11:55:20+00:00,14.340687,270.0
2018-05-10 11:55:30+00:00,12.540453,270.0
2018-05-10 11:55:40+00:00,12.346436,270.0
2018-05-10 11:55:50+00:00,14.048084,270.0
2018-05-10 11:56:00+00:00,14.199448,270.0
2018-05-10 11:56:10+00:00,13.617284,270.0
2018-05-10 11:56:20+00:00,12.2825,270.0
2018-05-10 11:56:30+00:00,15.395817,270.0
2018-05-10 11:56:40+00:00,14.107025,270.0
2018-05-10 11:56:50+00:00,14.819816,270.0
2018-05-10 11:57:00+00:00,12.807785,270.0
2018-05-10 11:57:10+00:00,10.962187,270.0
2018-05-10 11:57:20+00:00,14.850963,270.0
2018-05-10 11:57:30+00:00,13.318317,270.0
2018-05-10 11:57:40+00:00,15.001576,270.0
2018-05-10 11:57:50+00:00,13.508475,270.0
2018-05-10 11:58:00+00:00,13.951074,270.0
2018-05-10 11:58:10+00:00,14.765671,270.0
2018-05-10 11:58:20+00:00,15.05425,270.0
2018-05-10 11:58:30+00:00,10.915518,270.0
2018-05-10 11:58:40+00:00,14.933487,270.0
2018-05-10 11:58:50+00:00,14.668481,270.0
2018-05-10 11:59:00+00:00,15.555094,270.0
2018-05-10 11:59:10+00:00,12.173513,270.0
2018-05-10 11:59:20+00:00,13.180743,270.0
2018-05-10 11:59:30+00:00,14.380432,270.0
2018-05-10 11:59:40+00:00,12.988914,270.0
2018-05-10 11:59:50+00:00,10.718992,270.0
2018-05-10 12:00:00+00:00,15.378123,270.0
2018-05-10 12:00:10+00:00,13.765816,270.0
2018-05-10 12:00:20+00:00,13.600617,270.0
2018-05-10 12:00:30+00:00,14.158458,270.0
2018-05-10 12:00:40+00:00,12.215384,270.0
2018-05-10 12:00:50+00:00,12.538195,270.0
2018-05-10 12:01:00+00:00,13.000382,270.0
2018-05-10 12:01:10+00:00,13.726085,270.0
2018-05-10 12:01:20+00:00,14.977377,270.0
2018-05-10 12:01:30+00:00,14.95069,270.0
2018-05-10 12:01:40+00:00,15.2981415,270.0
2018-05-10 12:01:50+00:00,15.384525,270.0
2018-05-10 12:02:00+00:00,12.31379,270.0
2018-05-10 12:02:10+00:00,15.074412,270.0
2018-05-10 12:02:20+00:00,12.289285,270.0
2018-05-10 12:02:30+00:00,14.480558,270.0
2018-05-10 12:02:40+00:00,15.156494,270.0
2018-05-10 12:02:50+00:00,13.625442,270.0
2018-05-10 12:03:00+00:00,13.250494,270.0
2018-05-10 12:03:10+00:00,14.848625,270.0
2018-05-10 12:03:20+00:00,14.006353,270.0
2018-05-10 12:03:30+00:00,14.177179,270.0
2018-05-10 12:03:40+00:00,14.385183,270.0
2018-05-10 12:03:50+00:00,13.515743,270.0
2018-05-10 12:04:00+00:00,13.622168,270.0
2018-05-10 12:04:10+00:00,14.436509,270.0
2018-05-10 12:04:20+00:00,14.30329,270.0
2018-05-10 12:04:30+00:00,15.160343,270.0
2018-05-10 12:04:40+00:00,13.968363,270.0
2018-05-10 12:04:50+00:00,14.745506,270.0
2018-05-10 12:05:00+00:00,12.695449,270.0
2018-05-10 12:05:10+00:00,15.00107,270.0
2018-05-10 12:05:20+00:00,13.466272,270.0
2018-05-10 12:05:30+00:00,13.771417,270.0
2018-05-10 12:05:40+00:00,16.509167,270.0
2018-05-10 12:05:50+00:00,16.422546,270.0
2018-05-10 12:06:00+00:00,15.244094,270.0
2018-05-10 12:06:10+00:00,12.811741,270.0
2018-05-10 12:06:20+00:00,14.5270815,270.0
2018-05-10 12:06:30+00:00,16.284983,270.0
2018-05-10 12:06:40+00:00,12.539624,270.0
2018-05-10 12:06:50+00:00,14.517855,270.0
2018-05-10 12:07:00+00:00,13.222498,270.0
2018-05-10 12:07:10+00:00,15.468641,270.0
2018-05-10 12:07:20+00:00,14.258154,270.0
2018-05-10 12:07:30+00:00,12.80247,270.0
2018-05-10 12:07:40+00:00,13.648889,270.0
2018-05-10 12:07:50+00:00,12.468946,270.0
2018-05-10 12:08:00+00:00,14.98146,270.0
2018-05-10 12:08:10+00:00,16.002447,270.0
2018-05-10 12:08:20+00:00,15.468846,270.0
2018-05-10 12:08:30+00:00,12.6450405,270.0
2018-05-10 12:08:40+00:00,14.391973,270.0
2018-05-10 12:08:50+00:00,13.315348,270.0
2018-05-10 12:09:00+00:00,15.809038,270.0
2018-05-10 12:09:10+00:00,13.255816,270.0
2018-05-10 12:09:20+00:00,15.570443,270.0
2018-05-10 12:09:30+00:00,12.864429,270.0
2018-05-10 12:09:40+00:00,13.3757,270.0
2018-05-10 12:09:50+00:00,14.390701,270.0
2018-05-10 12:10:00+00:00,15.801631,270.0
2018-05-10 12:10:10+00:00,15.349941,270.0
2018-05-10 12:10:20+00:00,14.875791,270.0
2018-05-10 12:10:30+00:00,16.873638,270.0
2018-05-10 12:10:40+00:00,14.242838,270.0
2018-05-10 12:10:50+00:00,12.675864,270.0
2018-05-10 12:11:00+00:00,14.63577,270.0
2018-05-10 12:11:10+00:00,15.785184,270.0
2018-05-10 12:11:20+00:00,15.576712,270.0
2018-05-10 12:11:30+00:00,15.516835,270.0
2018-05-10 12:11:40+00:00,12.213481,270.0
2018-05-10 12:11:50+00:00,15.59416,270.0
2018-05-10 12:12:00+00:00,12.886803,270.0
2018-05-10 12:12:10+00:00,15.075611,270.0
2018-05-10 12:12:20+00:00,13.094778,270.0
2018-05-10 12:12:30+00:00,14.215646,270.0
2018-05-10 12:12:40+00:00,14.389536,270.0
2018-05-10 12:12:50+00:00,12.859457,270.0
2018-05-10 12:13:00+00:00,17.67277,270.0
2018-05-10 12:13:10+00:00,13.741162,270.0
2018-05-10 12:13:20+00:00,14.662272,270.0
2018-05-10 12:13:30+00:00,11.986834,270.0
2018-05-10 12:13:40+00:00,11.769259,270.0
2018-05-10 12:13:50+00:00,14.112324,270.0
2018-05-10 12:14:00+00:00,12.761672,270.0
2018-05-10 12:14:10+00:00,13.049044,270.0
2018-05-10 12:14:20+00:00,12.8735,270.0
2018-05-10 12:14:30+00:00,14.817221,270.0
2018-05-10 12:14:40+00:00,14.882612,270.0
2018-05-10 12:14:50+00:00,15.948434,270.0
2018-05-10 12:15:00+00:00,13.974439,270.0
2018-05-10 12:15:10+00:00,13.605681,270.0
2018-05-10 12:15:20+00:00,12.716107,270.0
2018-05-10 12:15:30+00:00,16.990253,270.0
2018-05-10 12:15:40+00:00,13.569445,270.0
2018-05-10 12:15:50+00:00,14.653915,270.0
2018-05-10 12:16:00+00:00,17.058525,270.0
2018-05-10 12:16:10+00:00,13.3849325,270.0
2018-05-10 12:16:20+00:00,14.774717,270.0
2018-05-10 12:16:30+00:00,15.126819,270.0
2018-05-10 12:16:40+00:00,14.989158,270.0
2018-05-10 12:16:50+00:00,14.967401,270.0
2018-05-10 12:17:00+00:00,13.375539,270.0
2018-05-10 12:17:10+00:00,14.368813,270.0
2018-05-10 12:17:20+00:00,15.442681,270.0
2018-05-10 12:17:30+00:00,16.308495,270.0
2018-05-10 12:17:40+00:00,13.294214,270.0
2018-05-10 12:17:50+00:00,14.925186,270.0
2018-05-10 12:18:00+00:00,13.936289,270.0
2018-05-10 12:18:10+00:00,14.595194,270.0
2018-05-10 12:18:20+00:00,14.550483,270.0
2018-05-10 12:18:30+00:00,16.552917,270.0
2018-05-10 12:18:40+00:00,15.050699,270.0
2018-05-10 12:18:50+00:00,16.316357,270.0
2018-05-10 12:19:00+00:00,14.2674465,270.0
2018-05-10 12:19:10+00:00,14.490675,270.0
2018-05-10 12:19:20+00:00,15.19688,270.0
2018-05-10 12:19:30+00:00,16.489613,270.0
2018-05-10 12:19:40+00:00,11.916919,270.0
2018-05-10 12:19:50+00:00,14.772295,270.0
2018-05-10 12:20:00+00:00,13.532767,270.0
2018-05-10 12:20:10+00:00,13.600411,270.0
2018-05-10 12:20:20+00:00,14.573021,270.0
2018-05-10 12:20:30+00:00,11.654377,270.0
2018-05-10 12:20:40+00:00,16.263384,270.0
2018-05-10 12:20:50+00:00,15.446223,270.0
2018-05-10 12:21:00+00:00,16.34649,270.0
2018-05-10 12:21:10+00:00,14.17963,270.0
2018-05-10 12:21:20+00:00,15.641445,270.0
2018-05-10 12:21:30+00:00,13.847539,270.0
2018-05-10 12:21:40+00:00,16.444675,270.0
2018-05-10 12:21:50+00:00,14.00779,270.0
2018-05-10 12:22:00+00:00,15.045161,270.0
2018-05-10 12:22:10+00:00,15.6639185,270.0
2018-05-10 12:22:20+00:00,14.688095,270.0
2018-05-10 12:22:30+00:00,13.241764,270.0
2018-05-10 12:22:40+00:00,13.442927,270.0
2018-05-10 12:22:50+00:00,15.682538,270.0
2018-05-10 12:23:00+00:00,12.681419,270.0
2018-05-10 12:23:10+00:00,15.008596,270.0
2018-05-10 12:23:20+00:00,15.731356,270.0
2018-05-10 12:23:30+00:00,15.288563,270.0
2018-05-10 12:23:40+00:00,16.033686,270.0
2018-05-10 12:23:50+00:00,15.006521,270.0
2018-05-10 12:24:00+00:00,14.558963,270.0
2018-05-10 12:24:10+00:00,16.313654,270.0
2018-05-10 12:24:20+00:00,14.901616,270.0
2018-05-10 12:24:30+00:00,15.00648,270.0
2018-05-10 12:24:40+00:00,15.767977,270.0
2018-05-10 12:24:50+00:00,14.308081,270.0
2018-05-10 12:25:00+00:00,15.768676,270.0
2018-05-10 12:25:10+00:00,12.609794,270.0
2018-05-10 12:25:20+00:00,13.921837,270.0
2018-05-10 12:25:30+00:00,12.976899,270.0
2018-05-10 12:25:40+00:00,13.57537,270.0
2018-05-10 12:25:50+00:00,15.017395,270.0
2018-05-10 12:26:00+00:00,15.97583,270.0
2018-05-10 12:26:10+00:00,12.704564,270.0
2018-05-10 12:26:20+00:00,13.784716,270.0
2018-05-10 12:26:30+00:00,15.141032,270.0
2018-05-10 12:26:40+00:00,15.397193,270.0
2018-05-10 12:26:50+00:00,14.436417,270.0
2018-05-10 12:27:00+00:00,16.0666,270.0
2018-05-10 12:27:10+00:00,15.767228,270.0
2018-05-10 12:27:20+00:00,16.473133,270.0
2018-05-10 12:27:30+00:00,12.936361,270.0
2018-05-10 12:27:40+00:00,14.448915,270.0
2018-05-10 12:27:50+00:00,15.172821,270.0
2018-05-10 12:28:00+00:00,14.329856,270.0
2018-05-10 12:28:10+00:00,13.908861,270.0
2018-05-10 12:28:20+00:00,17.153542,270.0
2018-05-10 12:28:30+00:00,15.808124,270.0
2018-05-10 12:28:40+00:00,15.029013,270.0
2018-05-10 12:28:50+00:00,15.829633,270.0
2018-05-10 12:29:00+00:00,11.79321,270.0
2018-05-10 12:29:10+00:00,14.351122,270.0
2018-05-10 12:29:20+00:00,13.393783,270.0
2018-05-10 12:29:30+00:00,14.779319,270.0
2018-05-10 12:29:40+00:00,13.719291,270.0
2018-05-10 12:29:50+00:00,14.830629,270.0
2018-05-10 12:30:00+00:00,17.894325,270.0
2018-05-10 12:30:10+00:00,15.989338,270.0
2018-05-10 12:30:20+00:00,15.471476,270.0
2018-05-10 12:30:30+00:00,14.113534,270.0
2018-05-10 12:30:40+00:00,15.717941,270.0
2018-05-10 12:30:50+00:00,13.394869,270.0
2018-05-10 12:31:00+00:00,16.20726,270.0
2018-05-10 12:31:10+00:00,16.76217,270.0
2018-05-10 12:31:20+00:00,14.178016,270.0
2018-05-10 12:31:30+00:00,14.627769,270.0
2018-05-10 12:31:40+00:00,14.718136,270.0
2018-05-10 12:31:50+00:00,16.910913,270.0
2018-05-10 12:32:00+00:00,12.243387,270.0
2018-05-10 12:32:10+00:00,12.611297,270.0
2018-05-10 12:32:20+00:00,15.412001,270.0
2018-05-10 12:32:30+00:00,14.805585,270.0
2018-05-10 12:32:40+00:00,14.006171,270.0
2018-05-10 12:32:50+00:00,13.342276,270.0
2018-05-10 12:33:00+00:00,13.583109,270.0
2018-05-10 12:33:10+00:00,14.111067,270.0
2018-05-10 12:33:20+00:00,13.845981,270.0
2018-05-10 12:33:30+00:00,13.051993,270.0
2018-05-10 12:33:40+00:00,15.976857,270.0
2018-05-10 12:33:50+00:00,12.395368,270.0
2018-05-10 12:34:00+00:00,14.956306,270.0
2018-05-10 12:34:10+00:00,15.377377,270.0
2018-05-10 12:34:20+00:00,14.062262,270.0
2018-05-10 12:34:30+00:00,14.773323,270.0
2018-05-10 12:34:40+00:00,14.595119,270.0
2018-05-10 12:34:50+00:00,13.914898,270.0
2018-05-10 12:35:00+00:00,12.7152815,270.0
2018-05-10 12:35:10+00:00,16.477438,270.0
2018-05-10 12:35:20+00:00,13.80865,270.0
2018-05-10 12:35:30+00:00,14.714745,270.0
2018-05-10 12:35:40+00:00,15.606296,270.0
2018-05-10 12:35:50+00:00,15.261513,270.0
2018-05-10 12:36:00+00:00,14.285258,270.0
2018-05-10 12:36:10+00:00,14.822536,270.0
2018-05-10 12:36:20+00:00,13.392782,270.0
2018-05-10 12:36:30+00:00,16.082521,270.0
2018-05-10 12:36:40+00:00,16.492414,270.0
2018-05-10 12:36:50+00:00,14.167148,270.0
2018-05-10 12:37:00+00:00,15.704717,270.0
2018-05-10 12:37:10+00:00,13.443134,270.0
2018-05-10 12:37:20+00:00,13.743221,270.0
2018-05-10 12:37:30+00:00,14.933329,270.0
2018-05-10 12:37:40+00:00,14.691655,270.0
2018-05-10 12:37:50+00:00,14.928147,270.0
2018-05-10 12:38:00+00:00,14.152229,270.0
2018-05-10 12:38:10+00:00,15.143603,270.0
2018-05-10 12:38:20+00:00,14.828707,270.0
2018-05-10 12:38:30+00:00,13.510629,270.0
2018-05-10 12:38:40+00:00,15.359409,270.0
2018-05-10 12:38:50+00:00,11.746895,270.0
2018-05-10 12:39:00+00:00,14.783969,270.0
2018-05-10 12:39:10+00:00,16.980927,270.0
2018-05-10 12:39:20+00:00,15.44814,270.0
2018-05-10 12:39:30+00:00,14.180737,270.0
2018-05-10 12:39:40+00:00,13.883959,270.0
2018-05-10 12:39:50+00:00,15.15787,270.0
2018-05-10 12:40:00+00:00,13.05519,270.0
2018-05-10 12:40:10+00:00,13.621857,270.0
2018-05-10 12:40:20+00:00,14.371743,270.0
2018-05-10 12:40:30+00:00,15.314523,270.0
2018-05-10 12:40:40+00:00,15.893561,270.0
2018-05-10 12:40:50+00:00,12.651244,270.0
2018-05-10 12:41:00+00:00,16.246763,270.0
2018-05-10 12:41:10+00:00,13.178466,270.0
2018-05-10 12:41:20+00:00,14.542595,270.0
2018-05-10 12:41:30+00:00,14.767479,270.0
2018-05-10 12:41:40+00:00,14.446303,270.0
2018-05-10 12:41:50+00:00,15.809781,270.0
2018-05-10 12:42:00+00:00,14.592599,270.0
2018-05-10 12:42:10+00:00,15.759277,270.0
2018-05-10 12:42:20+00:00,12.664061,270.0
2018-05-10 12:42:30+00:00,15.488008,270.0
2018-05-10 12:42:40+00:00,15.323356,270.0
2018-05-10 12:42:50+00:00,15.031407,270.0
2018-05-10 12:43:00+00:00,13.830717,270.0
2018-05-10 12:43:10+00:00,15.506638,270.0
2018-05-10 12:43:20+00:00,15.442974,270.0
2018-05-10 12:43:30+00:00,15.786046,270.0
2018-05-10 12:43:40+00:00,15.376026,270.0
2018-05-10 12:43:50+00:00,13.718872,270.0
2018-05-10 12:44:00+00:00,14.91943,270.0
2018-05-10 12:44:10+00:00,12.90581,270.0
2018-05-10 12:44:20+00:00,14.86083,270.0
2018-05-10 12:44:30+00:00,13.429589,270.0
2018-05-10 12:44:40+00:00,13.7882185,270.0
2018-05-10 12:44:50+00:00,15.487333,270.0
2018-05-10 12:45:00+00:00,13.809341,270.0
2018-05-10 12:45:10+00:00,16.713263,270.0
2018-05-10 12:45:20+00:00,13.321174,270.0
2018-05-10 12:45:30+00:00,14.739895,270.0
2018-05-10 12:45:40+00:00,15.6653595,270.0
2018-05-10 12:45:50+00:00,17.52329,270.0
2018-05-10 12:46:00+00:00,12.113628,270.0
2018-05-10 12:46:10+00:00,13.904553,270.0
2018-05-10 12:46:20+00:00,16.504826,270.0
2018-05-10 12:46:30+00:00,13.261636,270.0
2018-05-10 12:46:40+00:00,14.9739065,270.0
2018-05-10 12:46:50+00:00,14.341886,270.0
2018-05-10 12:47:00+00:00,12.534137,270.0
2018-05-10 12:47:10+00:00,15.608614,270.0
2018-05-10 12:47:20+00:00,15.823687,270.0
2018-05-10 12:47:30+00:00,16.340807,270.0
2018-05-10 12:47:40+00:00,13.504534,270.0
2018-05-10 12:47:50+00:00,15.25372,270.0
2018-05-10 12:48:00+00:00,14.467812,270.0
2018-05-10 12:48:10+00:00,14.261805,270.0
2018-05-10 12:48:20+00:00,15.743657,270.0
2018-05-10 12:48:30+00:00,15.880548,270.0
2018-05-10 12:48:40+00:00,13.7174635,270.0
2018-05-10 12:48:50+00:00,15.238086,270.0
2018-05-10 12:49:00+00:00,13.3638525,270.0
2018-05-10 12:49:10+00:00,14.041823,270.0
2018-05-10 12:49:20+00:00,15.126194,270.0
2018-05-10 12:49:30+00:00,15.887328,270.0
2018-05-10 12:49:40+00:00,16.082876,270.0
2018-05-10 12:49:50+00:00,12.725465,270.0
2018-05-10 12:50:00+00:00,13.131064,270.0
2018-05-10 12:50:10+00:00,15.535738,270.0
2018-05-10 12:50:20+00:00,14.176105,270.0
2018-05-10 12:50:30+00:00,14.288036,270.0
2018-05-10 12:50:40+00:00,14.652174,270.0
2018-05-10 12:50:50+00:00,16.660042,270.0
2018-05-10 12:51:00+00:00,16.847914,270.0
2018-05-10 12:51:10+00:00,11.971806,270.0
2018-05-10 12:51:20+00:00,13.539233,270.0
2018-05-10 12:51:30+00:00,13.552068,270.0
2018-05-10 12:51:40+00:00,15.585378,270.0
2018-05-10 12:51:50+00:00,13.889479,270.0
2018-05-10 12:52:00+00:00,14.1339245,270.0
2018-05-10 12:52:10+00:00,14.576811,270.0
2018-05-10 12:52:20+00:00,14.955875,270.0
2018-05-10 12:52:30+00:00,15.247281,270.0
2018-05-10 12:52:40+00:00,14.423973,270.0
2018-05-10 12:52:50+00:00,14.634188,270.0
2018-05-10 12:53:00+00:00,15.108304,270.0
2018-05-10 12:53:10+00:00,14.100521,270.0
2018-05-10 12:53:20+00:00,13.744862,270.0
2018-05-10 12:53:30+00:00,14.780548,270.0
2018-05-10 12:53:40+00:00,12.552457,270.0
2018-05-10 12:53:50+00:00,14.058452,270.0
2018-05-10 12:54:00+00:00,16.84097,270.0
2018-05-10 12:54:10+00:00,13.785853,270.0
2018-05-10 12:54:20+00:00,14.864878,270.0
2018-05-10 12:54:30+00:00,15.710223,270.0
2018-05-10 12:54:40+00:00,14.278908,270.0
2018-05-10 12:54:50+00:00,16.490911,270.0
2018-05-10 12:55:00+00:00,13.393389,270.0
2018-05-10 12:55:10+00:00,14.367414,270.0
2018-05-10 12:55:20+00:00,15.241733,270.0
2018-05-10 12:55:30+00:00,14.948748,270.0
2018-05-10 12:55:40+00:00,13.382134,270.0
2018-05-10 12:55:50+00:00,13.047669,270.0
2018-05-10 12:56:00+00:00,13.647063,270.0
2018-05-10 12:56:10+00:00,15.424439,270.0
2018-05-10 12:56:20+00:00,15.50538,270.0
2018-05-10 12:56:30+00:00,15.098414,270.0
2018-05-10 12:56:40+00:00,14.8353,270.0
2018-05-10 12:56:50+00:00,15.888508,270.0
2018-05-10 12:57:00+00:00,15.93057,270.0
2018-05-10 12:57:10+00:00,14.712241,270.0
2018-05-10 12:57:20+00:00,13.355495,270.0
2018-05-10 12:57:30+00:00,16.099611,270.0
2018-05-10 12:57:40+00:00,13.243065,270.0
2018-05-10 12:57:50+00:00,13.250956,270.0
2018-05-10 12:58:00+00:00,15.363543,270.0
2018-05-10 12:58:10+00:00,13.688246,270.0
2018-05-10 12:58:20+00:00,14.119479,270.0
2018-05-10 12:58:30+00:00,14.882398,270.0
2018-05-10 12:58:40+00:00,12.363153,270.0
2018-05-10 12:58:50+00:00,12.725246,270.0
2018-05-10 12:59:00+00:00,14.581428,270.0
2018-05-10 12:59:10+00:00,14.335332,270.0
2018-05-10 12:59:20+00:00,11.311949,270.0
2018-05-10 12:59:30+00:00,13.560171,270.0
2018-05-10 12:59:40+00:00,12.951114,270.0
2018-05-10 12:59:50+00:00,16.033493,270.0
2018-05-10 13:00:00+00:00,14.443569,270.0
2018-05-10 13:00:10+00:00,13.271484,270.0
2018-05-10 13:00:20+00:00,13.222827,270.0
2018-05-10 13:00:30+00:00,14.979622,270.0
2018-05-10 13:00:40+00:00,14.273673,270.0
2018-05-10 13:00:50+00:00,15.104698,270.0
2018-05-10 13:01:00+00:00,15.727068,270.0
2018-05-10 13:01:10+00:00,14.228084,270.0
2018-05-10 13:01:20+00:00,15.369266,270.0
2018-05-10 13:01:30+00:00,15.9275255,270.0
2018-05-10 13:01:40+00:00,15.714356,270.0
2018-05-10 13:01:50+00:00,12.371017,270.0
2018-05-10 13:02:00+00:00,15.780361,270.0
2018-05-10 13:02:10+00:00,15.212895,270.0
2018-05-10 13:02:20+00:00,14.751239,270.0
2018-05-10 13:02:30+00:00,13.476488,270.0
2018-05-10 13:02:40+00:00,15.3661375,270.0
2018-05-10 13:02:50+00:00,15.186899,270.0
2018-05-10 13:03:00+00:00,18.49561,270.0
2018-05-10 13:03:10+00:00,16.640158,270.0
2018-05-10 13:03:20+00:00,14.781208,270.0
2018-05-10 13:03:30+00:00,14.4494095,270.0
2018-05-10 13:03:40+00:00,12.73939,270.0
2018-05-10 13:03:50+00:00,12.922148,270.0
2018-05-10 13:04:00+00:00,15.52777,270.0
2018-05-10 13:04:10+00:00,15.6624,270.0
2018-05-10 13:04:20+00:00,14.015691,270.0
2018-05-10 13:04:30+00:00,14.8696,270.0
2018-05-10 13:04:40+00:00,15.423784,270.0
2018-05-10 13:04:50+00:00,14.280635,270.0
2018-05-10 13:05:00+00:00,16.083303,270.0
2018-05-10 13:05:10+00:00,14.192568,270.0
2018-05-10 13:05:20+00:00,12.83286,270.0
2018-05-10 13:05:30+00:00,13.80081,270.0
2018-05-10 13:05:40+00:00,14.4982195,270.0
2018-05-10 13:05:50+00:00,15.122141,270.0
2018-05-10 13:06:00+00:00,14.065762,270.0
2018-05-10 13:06:10+00:00,15.318462,270.0
2018-05-10 13:06:20+00:00,15.452681,270.0
2018-05-10 13:06:30+00:00,17.173128,270.0
2018-05-10 13:06:40+00:00,13.295273,270.0
2018-05-10 13:06:50+00:00,15.693954,270.0
2018-05-10 13:07:00+00:00,13.194223,270.0
2018-05-10 13:07:10+00:00,15.228729,270.0
2018-05-10 13:07:20+00:00,15.880745,270.0
2018-05-10 13:07:30+00:00,15.812989,270.0
2018-05-10 13:07:40+00:00,14.563268,270.0
2018-05-10 13:07:50+00:00,13.848609,270.0
2018-05-10 13:08:00+00:00,14.268688,270.0
2018-05-10 13:08:10+00:00,16.03309,270.0
2018-05-10 13:08:20+00:00,15.5766535,270.0
2018-05-10 13:08:30+00:00,14.922194,270.0
2018-05-10 13:08:40+00:00,14.076182,270.0
2018-05-10 13:08:50+00:00,16.738863,270.0
2018-05-10 13:09:00+00:00,14.730033,270.0
2018-05-10 13:09:10+00:00,15.492176,270.0
2018-05-10 13:09:20+00:00,15.320825,270.0
2018-05-10 13:09:30+00:00,14.137205,270.0
2018-05-10 13:09:40+00:00,14.340702,270.0
2018-05-10 13:09:50+00:00,15.528475,270.0
2018-05-10 13:10:00+00:00,13.753092,270.0
2018-05-10 13:10:10+00:00,15.779869,270.0
2018-05-10 13:10:20+00:00,14.837403,270.0
2018-05-10 13:10:30+00:00,16.130083,270.0
2018-05-10 13:10:40+00:00,11.46236,270.0
2018-05-10 13:10:50+00:00,13.616332,270.0
2018-05-10 13:11:00+00:00,15.14172,270.0
2018-05-10 13:11:10+00:00,14.058736,270.0
2018-05-10 13:11:20+00:00,14.669197,270.0
2018-05-10 13:11:30+00:00,14.894194,270.0
2018-05-10 13:11:40+00:00,11.11281,270.0
2018-05-10 13:11:50+00:00,13.236955,270.0
2018-05-10 13:12:00+00:00,14.939755,270.0
2018-05-10 13:12:10+00:00,16.820929,270.0
2018-05-10 13:12:20+00:00,13.423534,270.0
2018-05-10 13:12:30+00:00,15.82173,270.0
2018-05-10 13:12:40+00:00,14.728344,270.0
2018-05-10 13:12:50+00:00,12.911009,270.0
2018-05-10 13:13:00+00:00,14.183137,270.0
2018-05-10 13:13:10+00:00,13.74608,270.0
2018-05-10 13:13:20+00:00,11.501907,270.0
2018-05-10 13:13:30+00:00,13.870846,270.0
2018-05-10 13:13:40+00:00,12.522058,270.0
2018-05-10 13:13:50+00:00,15.436701,270.0
2018-05-10 13:14:00+00:00,12.932428,270.0
2018-05-10 13:14:10+00:00,12.978362,270.0
2018-05-10 13:14:20+00:00,15.229297,270.0
2018-05-10 13:14:30+00:00,13.629278,270.0
2018-05-10 13:14:40+00:00,16.59986,270.0
2018-05-10 13:14:50+00:00,14.26682,270.0
2018-05-10 13:15:00+00:00,17.021015,270.0
2018-05-10 13:15:10+00:00,14.057036,270.0
2018-05-10 13:15:20+00:00,13.923123,270.0
2018-05-10 13:15:30+00:00,15.487605,270.0
2018-05-10 13:15:40+00:00,16.102861,270.0
2018-05-10 13:15:50+00:00,12.410593,270.0
2018-05-10 13:16:00+00:00,15.406462,270.0
2018-05-10 13:16:10+00:00,11.558964,270.0
2018-05-10 13:16:20+00:00,12.6458235,270.0
2018-05-10 13:16:30+00:00,13.920758,270.0
2018-05-10 13:16:40+00:00,14.952389,270.0
2018-05-10 13:16:50+00:00,14.265693,270.0
2018-05-10 13:17:00+00:00,15.235236,270.0
2018-05-10 13:17:10+00:00,14.562525,270.0
2018-05-10 13:17:20+00:00,14.32791,270.0
2018-05-10 13:17:30+00:00,15.819574,270.0
2018-05-10 13:17:40+00:00,16.323385,270.0
2018-05-10 13:17:50+00:00,15.040459,270.0
2018-05-10 13:18:00+00:00,16.575876,270.0
2018-05-10 13:18:10+00:00,15.31027,270.0
2018-05-10 13:18:20+00:00,13.211671,270.0
2018-05-10 13:18:30+00:00,14.794547,270.0
2018-05-10 13:18:40+00:00,16.37236,270.0
2018-05-10 13:18:50+00:00,15.060738,270.0
2018-05-10 13:19:00+00:00,13.446611,270.0
2018-05-10 13:19:10+00:00,15.170642,270.0
2018-05-10 13:19:20+00:00,15.693874,270.0
2018-05-10 13:19:30+00:00,14.412881,270.0
2018-05-10 13:19:40+00:00,14.529529,270.0
2018-05-10 13:19:50+00:00,15.873886,270.0
2018-05-10 13:20:00+00:00,11.411633,270.0
2018-05-10 13:20:10+00:00,15.538375,270.0
2018-05-10 13:20:20+00:00,13.578198,270.0
2018-05-10 13:20:30+00:00,14.15467,270.0
2018-05-10 13:20:40+00:00,15.042,270.0
2018-05-10 13:20:50+00:00,12.600513,270.0
2018-05-10 13:21:00+00:00,14.54979,270.0
2018-05-10 13:21:10+00:00,14.695209,270.0
2018-05-10 13:21:20+00:00,12.390158,270.0
2018-05-10 13:21:30+00:00,14.322201,270.0
2018-05-10 13:21:40+00:00,16.101082,270.0
2018-05-10 13:21:50+00:00,13.314606,270.0
2018-05-10 13:22:00+00:00,13.053189,270.0
2018-05-10 13:22:10+00:00,15.757297,270.0
2018-05-10 13:22:20+00:00,12.674052,270.0
2018-05-10 13:22:30+00:00,16.176373,270.0
2018-05-10 13:22:40+00:00,15.251056,270.0
2018-05-10 13:22:50+00:00,12.962282,270.0
2018-05-10 13:23:00+00:00,15.226555,270.0
2018-05-10 13:23:10+00:00,15.923569,270.0
2018-05-10 13:23:20+00:00,14.930919,270.0
2018-05-10 13:23:30+00:00,14.841798,270.0
2018-05-10 13:23:40+00:00,15.712293,270.0
2018-05-10 13:23:50+00:00,15.084159,270.0
2018-05-10 13:24:00+00:00,14.530604,270.0
2018-05-10 13:24:10+00:00,16.473991,270.0
2018-05-10 13:24:20+00:00,13.980665,270.0
2018-05-10 13:24:30+00:00,14.701328,270.0
2018-05-10 13:24:40+00:00,15.173463,270.0
2018-05-10 13:24:50+00:00,14.730891,270.0
2018-05-10 13:25:00+00:00,14.110358,270.0
2018-05-10 13:25:10+00:00,14.045129,270.0
2018-05-10 13:25:20+00:00,13.666171,270.0
2018-05-10 13:25:30+00:00,16.436375,270.0
2018-05-10 13:25:40+00:00,13.7253895,270.0
2018-05-10 13:25:50+00:00,14.90954,270.0
2018-05-10 13:26:00+00:00,16.06353,270.0
2018-05-10 13:26:10+00:00,14.469503,270.0
2018-05-10 13:26:20+00:00,16.024197,270.0
2018-05-10 13:26:30+00:00,13.450898,270.0
2018-05-10 13:26:40+00:00,11.775879,270.0
2018-05-10 13:26:50+00:00,14.131356,270.0
2018-05-10 13:27:00+00:00,15.552243,270.0
2018-05-10 13:27:10+00:00,15.386093,270.0
2018-05-10 13:27:20+00:00,15.807718,270.0
2018-05-10 13:27:30+00:00,15.872046,270.0
2018-05-10 13:27:40+00:00,14.958751,270.0
2018-05-10 13:27:50+00:00,12.849994,270.0
2018-05-10 13:28:00+00:00,14.9231,270.0
2018-05-10 13:28:10+00:00,14.017528,270.0
2018-05-10 13:28:20+00:00,15.513964,270.0
2018-05-10 13:28:30+00:00,17.26776,270.0
2018-05-10 13:28:40+00:00,15.580894,270.0
2018-05-10 13:28:50+00:00,14.232149,270.0
2018-05-10 13:29:00+00:00,14.988205,270.0
2018-05-10 13:29:10+00:00,17.756832,270.0
2018-05-10 13:29:20+00:00,14.695011,270.0
2018-05-10 13:29:30+00:00,13.025387,270.0
2018-05-10 13:29:40+00:00,14.5565815,270.0
2018-05-10 13:29:50+00:00,15.331614,270.0
2018-05-10 13:30:00+00:00,12.651271,270.0
2018-05-10 13:30:10+00:00,14.871791,270.0
2018-05-10 13:30:20+00:00,12.928094,270.0
2018-05-10 13:30:30+00:00,13.657177,270.0
2018-05-10 13:30:40+00:00,15.307107,270.0
2018-05-10 13:30:50+00:00,14.725139,270.0
2018-05-10 13:31:00+00:00,18.007227,270.0
2018-05-10 13:31:10+00:00,15.159247,270.0
2018-05-10 13:31:20+00:00,15.606558,270.0
2018-05-10 13:31:30+00:00,13.613212,270.0
2018-05-10 13:31:40+00:00,15.382749,270.0
2018-05-10 13:31:50+00:00,12.064213,270.0
2018-05-10 13:32:00+00:00,14.786354,270.0
2018-05-10 13:32:10+00:00,12.50134,270.0
2018-05-10 13:32:20+00:00,14.690971,270.0
2018-05-10 13:32:30+00:00,14.332601,270.0
2018-05-10 13:32:40+00:00,15.739985,270.0
2018-05-10 13:32:50+00:00,14.469049,270.0
2018-05-10 13:33:00+00:00,14.829253,270.0
2018-05-10 13:33:10+00:00,15.63242,270.0
2018-05-10 13:33:20+00:00,16.170706,270.0
2018-05-10 13:33:30+00:00,14.587822,270.0
2018-05-10 13:33:40+00:00,13.703356,270.0
2018-05-10 13:33:50+00:00,14.53348,270.0
2018-05-10 13:34:00+00:00,14.501563,270.0
2018-05-10 13:34:10+00:00,14.318886,270.0
2018-05-10 13:34:20+00:00,15.267613,270.0
2018-05-10 13:34:30+00:00,15.54102,270.0
2018-05-10 13:34:40+00:00,15.083445,270.0
2018-05-10 13:34:50+00:00,12.980881,270.0
2018-05-10 13:35:00+00:00,13.740375,270.0
2018-05-10 13:35:10+00:00,15.928136,270.0
2018-05-10 13:35:20+00:00,16.002878,270.0
2018-05-10 13:35:30+00:00,14.337996,270.0
2018-05-10 13:35:40+00:00,15.628258,270.0
2018-05-10 13:35:50+00:00,12.823236,270.0
2018-05-10 13:36:00+00:00,14.774276,270.0
2018-05-10 13:36:10+00:00,14.151087,270.0
2018-05-10 13:36:20+00:00,15.952348,270.0
2018-05-10 13:36:30+00:00,14.347544,270.0
2018-05-10 13:36:40+00:00,13.927828,270.0
2018-05-10 13:36:50+00:00,14.937652,270.0
2018-05-10 13:37:00+00:00,13.820876,270.0
2018-05-10 13:37:10+00:00,15.514566,270.0
2018-05-10 13:37:20+00:00,14.328092,270.0
2018-05-10 13:37:30+00:00,15.005017,270.0
2018-05-10 13:37:40+00:00,15.722671,270.0
2018-05-10 13:37:50+00:00,14.807607,270.0
2018-05-10 13:38:00+00:00,15.186283,270.0
2018-05-10 13:38:10+00:00,13.7469845,270.0
2018-05-10 13:38:20+00:00,14.374285,270.0
2018-05-10 13:38:30+00:00,17.325247,270.0
2018-05-10 13:38:40+00:00,13.316355,270.0
2018-05-10 13:38:50+00:00,15.849238,270.0
2018-05-10 13:39:00+00:00,14.242334,270.0
2018-05-10 13:39:10+00:00,16.404543,270.0
2018-05-10 13:39:20+00:00,15.7174225,270.0
2018-05-10 13:39:30+00:00,12.456241,270.0
2018-05-10 13:39:40+00:00,16.155886,270.0
2018-05-10 13:39:50+00:00,15.7696,270.0
2018-05-10 13:40:00+00:00,16.687897,270.0
2018-05-10 13:40:10+00:00,13.215452,270.0
2018-05-10 13:40:20+00:00,12.096896,270.0
2018-05-10 13:40:30+00:00,14.913652,270.0
2018-05-10 13:40:40+00:00,15.509508,270.0
2018-05-10 13:40:50+00:00,13.2384615,270.0
2018-05-10 13:41:00+00:00,16.251925,270.0
2018-05-10 13:41:10+00:00,15.485165,270.0
2018-05-10 13:41:20+00:00,13.344791,270.0
2018-05-10 13:41:30+00:00,15.993643,270.0
2018-05-10 13:41:40+00:00,13.794498,270.0
2018-05-10 13:41:50+00:00,13.743445,270.0
2018-05-10 13:42:00+00:00,14.947538,270.0
2018-05-10 13:42:10+00:00,16.014753,270.0
2018-05-10 13:42:20+00:00,12.768031,270.0
2018-05-10 13:42:30+00:00,15.355281,270.0
2018-05-10 13:42:40+00:00,14.435449,270.0
2018-05-10 13:42:50+00:00,15.621191,270.0
2018-05-10 13:43:00+00:00,13.00123,270.0
2018-05-10 13:43:10+00:00,16.824484,270.0
2018-05-10 13:43:20+00:00,16.503624,270.0
2018-05-10 13:43:30+00:00,16.035824,270.0
2018-05-10 13:43:40+00:00,13.485637,270.0
2018-05-10 13:43:50+00:00,14.638361,270.0
2018-05-10 13:44:00+00:00,15.630743,270.0
2018-05-10 13:44:10+00:00,14.690222,270.0
2018-05-10 13:44:20+00:00,16.706505,270.0
2018-05-10 13:44:30+00:00,14.121632,270.0
2018-05-10 13:44:40+00:00,14.97198,270.0
2018-05-10 13:44:50+00:00,14.084128,270.0
2018-05-10 13:45:00+00:00,14.467501,270.0
2018-05-10 13:45:10+00:00,11.79967,270.0
2018-05-10 13:45:20+00:00,13.855753,270.0
2018-05-10 13:45:30+00:00,15.758252,270.0
2018-05-10 13:45:40+00:00,14.547156,270.0
2018-05-10 13:45:50+00:00,14.495722,270.0
2018-05-10 13:46:00+00:00,12.367728,270.0
2018-05-10 13:46:10+00:00,17.130173,270.0
2018-05-10 13:46:20+00:00,15.169201,270.0
2018-05-10 13:46:30+00:00,17.724655,270.0
2018-05-10 13:46:40+00:00,16.004562,270.0
2018-05-10 13:46:50+00:00,15.098167,270.0
2018-05-10 13:47:00+00:00,17.445597,270.0
2018-05-10 13:47:10+00:00,14.539068,270.0
2018-05-10 13:47:20+00:00,14.592721,270.0
2018-05-10 13:47:30+00:00,14.799385,270.0
2018-05-10 13:47:40+00:00,15.375292,270.0
2018-05-10 13:47:50+00:00,15.636148,270.0
2018-05-10 13:48:00+00:00,14.124002,270.0
2018-05-10 13:48:10+00:00,14.707627,270.0
2018-05-10 13:48:20+00:00,15.546529,270.0
2018-05-10 13:48:30+00:00,15.004273,270.0
2018-05-10 13:48:40+00:00,12.3641405,270.0
2018-05-10 13:48:50+00:00,14.48047,270.0
2018-05-10 13:49:00+00:00,15.252172,270.0
2018-05-10 13:49:10+00:00,15.092617,270.0
2018-05-10 13:49:20+00:00,13.949165,270.0
2018-05-10 13:49:30+00:00,15.308108,270.0
2018-05-10 13:49:40+00:00,17.553446,270.0
2018-05-10 13:49:50+00:00,14.47753,270.0
2018-05-10 13:50:00+00:00,15.945138,270.0
2018-05-10 13:50:10+00:00,14.1420765,270.0
2018-05-10 13:50:20+00:00,15.038258,270.0
2018-05-10 13:50:30+00:00,14.632688,270.0
2018-05-10 13:50:40+00:00,14.632719,270.0
2018-05-10 13:50:50+00:00,14.5641575,270.0
2018-05-10 13:51:00+00:00,15.278624,270.0
2018-05-10 13:51:10+00:00,15.852817,270.0
2018-05-10 13:51:20+00:00,15.336495,270.0
2018-05-10 13:51:30+00:00,16.866024,270.0
2018-05-10 13:51:40+00:00,15.185001,270.0
2018-05-10 13:51:50+00:00,16.145088,270.0
2018-05-10 13:52:00+00:00,12.155816,270.0
2018-05-10 13:52:10+00:00,12.859032,270.0
2018-05-10 13:52:20+00:00,13.1788845,270.0
2018-05-10 13:52:30+00:00,15.1757965,270.0
2018-05-10 13:52:40+00:00,14.3659315,270.0
2018-05-10 13:52:50+00:00,14.866184,270.0
2018-05-10 13:53:00+00:00,15.934741,270.0
2018-05-10 13:53:10+00:00,13.315975,270.0
2018-05-10 13:53:20+00:00,12.867764,270.0
2018-05-10 13:53:30+00:00,16.857216,270.0
2018-05-10 13:53:40+00:00,14.954988,270.0
2018-05-10 13:53:50+00:00,12.87106,270.0
2018-05-10 13:54:00+00:00,13.960413,270.0
2018-05-10 13:54:10+00:00,14.340391,270.0
2018-05-10 13:54:20+00:00,16.683575,270.0
2018-05-10 13:54:30+00:00,15.699921,270.0
2018-05-10 13:54:40+00:00,14.82779,270.0
2018-05-10 13:54:50+00:00,12.504003,270.0
2018-05-10 13:55:00+00:00,14.621922,270.0
2018-05-10 13:55:10+00:00,14.673048,270.0
2018-05-10 13:55:20+00:00,15.04588,270.0
2018-05-10 13:55:30+00:00,13.974316,270.0
2018-05-10 13:55:40+00:00,16.428488,270.0
2018-05-10 13:55:50+00:00,15.734924,270.0
2018-05-10 13:56:00+00:00,14.246509,270.0
2018-05-10 13:56:10+00:00,14.666579,270.0
2018-05-10 13:56:20+00:00,13.693209,270.0
2018-05-10 13:56:30+00:00,14.200742,270.0
2018-05-10 13:56:40+00:00,13.843876,270.0
2018-05-10 13:56:50+00:00,15.291714,270.0
2018-05-10 13:57:00+00:00,16.37697,270.0
2018-05-10 13:57:10+00:00,13.064071,270.0
2018-05-10 13:57:20+00:00,15.166934,270.0
2018-05-10 13:57:30+00:00,17.94607,270.0
2018-05-10 13:57:40+00:00,14.386976,270.0
2018-05-10 13:57:50+00:00,15.584186,270.0
2018-05-10 13:58:00+00:00,13.892204,270.0
2018-05-10 13:58:10+00:00,14.793682,270.0
2018-05-10 13:58:20+00:00,15.684524,270.0
2018-05-10 13:58:30+00:00,15.165415,270.0
2018-05-10 13:58:40+00:00,13.616335,270.0
2018-05-10 13:58:50+00:00,12.82477,270.0
2018-05-10 13:59:00+00:00,13.5913315,270.0
2018-05-10 13:59:10+00:00,14.102285,270.0
2018-05-10 13:59:20+00:00,13.362169,270.0
2018-05-10 13:59:30+00:00,13.196149,270.0
2018-05-10 13:59:40+00:00,14.0690565,270.0
2018-05-10 13:59:50+00:00,14.495823,270.0
2018-05-10 14:00:00+00:00,14.643977,270.0
2018-05-10 14:00:10+00:00,12.896872,270.0
2018-05-10 14:00:20+00:00,15.72968,270.0
2018-05-10 14:00:30+00:00,15.430032,270.0
2018-05-10 14:00:40+00:00,16.123585,270.0
2018-05-10 14:00:50+00:00,15.551974,270.0
2018-05-10 14:01:00+00:00,16.015285,270.0
2018-05-10 14:01:10+00:00,15.870247,270.0
2018-05-10 14:01:20+00:00,12.212209,270.0
2018-05-10 14:01:30+00:00,15.126488,270.0
2018-05-10 14:01:40+00:00,15.89819,270.0
2018-05-10 14:01:50+00:00,15.176571,270.0
2018-05-10 14:02:00+00:00,14.4738245,270.0
2018-05-10 14:02:10+00:00,16.009682,270.0
2018-05-10 14:02:20+00:00,14.362614,270.0
2018-05-10 14:02:30+00:00,14.067356,270.0
2018-05-10 14:02:40+00:00,14.055361,270.0
2018-05-10 14:02:50+00:00,16.183834,270.0
2018-05-10 14:03:00+00:00,16.522375,270.0
2018-05-10 14:03:10+00:00,13.686063,270.0
2018-05-10 14:03:20+00:00,16.92567,270.0
2018-05-10 14:03:30+00:00,14.812516,270.0
2018-05-10 14:03:40+00:00,14.123554,270.0
2018-05-10 14:03:50+00:00,13.47464,270.0
2018-05-10 14:04:00+00:00,13.441763,270.0
2018-05-10 14:04:10+00:00,13.156319,270.0
2018-05-10 14:04:20+00:00,13.339304,270.0
2018-05-10 14:04:30+00:00,15.104547,270.0
2018-05-10 14:04:40+00:00,13.948696,270.0
2018-05-10 14:04:50+00:00,13.082541,270.0
2018-05-10 14:05:00+00:00,14.183425,270.0
2018-05-10 14:05:10+00:00,16.820145,270.0
2018-05-10 14:05:20+00:00,14.297723,270.0
2018-05-10 14:05:30+00:00,15.032131,270.0
2018-05-10 14:05:40+00:00,14.910686,270.0
2018-05-10 14:05:50+00:00,15.9151945,270.0
2018-05-10 14:06:00+00:00,14.052846,270.0
2018-05-10 14:06:10+00:00,15.903787,270.0
2018-05-10 14:06:20+00:00,16.040228,270.0
2018-05-10 14:06:30+00:00,14.119441,270.0
2018-05-10 14:06:40+00:00,13.475661,270.0
2018-05-10 14:06:50+00:00,13.887714,270.0
2018-05-10 14:07:00+00:00,13.851118,270.0
2018-05-10 14:07:10+00:00,13.6463375,270.0
2018-05-10 14:07:20+00:00,15.650967,270.0
2018-05-10 14:07:30+00:00,13.867792,270.0
2018-05-10 14:07:40+00:00,14.5475645,270.0
2018-05-10 14:07:50+00:00,15.475613,270.0
2018-05-10 14:08:00+00:00,14.836404,270.0
2018-05-10 14:08:10+00:00,12.629536,270.0
2018-05-10 14:08:20+00:00,16.660946,270.0
2018-05-10 14:08:30+00:00,14.199162,270.0
2018-05-10 14:08:40+00:00,14.006995,270.0
2018-05-10 14:08:50+00:00,15.175681,270.0
2018-05-10 14:09:00+00:00,14.042074,270.0
2018-05-10 14:09:10+00:00,11.561847,270.0
2018-05-10 14:09:20+00:00,14.96641,270.0
2018-05-10 14:09:30+00:00,14.426991,270.0
2018-05-10 14:09:40+00:00,15.5443125,270.0
2018-05-10 14:09:50+00:00,15.909445,270.0
2018-05-10 14:10:00+00:00,14.161017,270.0
2018-05-10 14:10:10+00:00,16.766918,270.0
2018-05-10 14:10:20+00:00,15.06646,270.0
2018-05-10 14:10:30+00:00,13.456994,270.0
2018-05-10 14:10:40+00:00,14.663952,270.0
2018-05-10 14:10:50+00:00,15.219217,270.0
2018-05-10 14:11:00+00:00,12.098838,270.0
2018-05-10 14:11:10+00:00,14.264281,270.0
2018-05-10 14:11:20+00:00,15.516961,270.0
2018-05-10 14:11:30+00:00,13.058541,270.0
2018-05-10 14:11:40+00:00,14.581781,270.0
2018-05-10 14:11:50+00:00,16.90108,270.0
2018-05-10 14:12:00+00:00,16.306171,270.0
2018-05-10 14:12:10+00:00,14.285658,270.0
2018-05-10 14:12:20+00:00,15.209625,270.0
2018-05-10 14:12:30+00:00,14.526071,270.0
2018-05-10 14:12:40+00:00,14.501923,270.0
2018-05-10 14:12:50+00:00,13.852377,270.0
2018-05-10 14:13:00+00:00,16.129618,270.0
2018-05-10 14:13:10+00:00,15.948913,270.0
2018-05-10 14:13:20+00:00,17.1056,270.0
2018-05-10 14:13:30+00:00,15.30535,270.0
2018-05-10 14:13:40+00:00,15.405689,270.0
2018-05-10 14:13:50+00:00,14.95152,270.0
2018-05-10 14:14:00+00:00,13.123077,270.0
2018-05-10 14:14:10+00:00,12.587908,270.0
2018-05-10 14:14:20+00:00,13.037815,270.0
2018-05-10 14:14:30+00:00,16.40595,270.0
2018-05-10 14:14:40+00:00,13.688141,270.0
2018-05-10 14:14:50+00:00,14.649038,270.0
2018-05-10 14:15:00+00:00,14.115416,270.0
2018-05-10 14:15:10+00:00,15.592051,270.0
2018-05-10 14:15:20+00:00,14.491578,270.0
2018-05-10 14:15:30+00:00,16.532793,270.0
2018-05-10 14:15:40+00:00,14.013297,270.0
2018-05-10 14:15:50+00:00,14.6223755,270.0
2018-05-10 14:16:00+00:00,15.892593,270.0
2018-05-10 14:16:10+00:00,14.079069,270.0
2018-05-10 14:16:20+00:00,13.555755,270.0
2018-05-10 14:16:30+00:00,15.301224,270.0
2018-05-10 14:16:40+00:00,12.766177,270.0
2018-05-10 14:16:50+00:00,15.499617,270.0
2018-05-10 14:17:00+00:00,14.164901,270.0
2018-05-10 14:17:10+00:00,15.256711,270.0
2018-05-10 14:17:20+00:00,14.693746,270.0
2018-05-10 14:17:30+00:00,13.500343,270.0
2018-05-10 14:17:40+00:00,12.9863615,270.0
2018-05-10 14:17:50+00:00,14.162637,270.0
2018-05-10 14:18:00+00:00,12.457909,270.0
2018-05-10 14:18:10+00:00,13.887035,270.0
2018-05-10 14:18:20+00:00,13.540748,270.0
2018-05-10 14:18:30+00:00,13.314252,270.0
2018-05-10 14:18:40+00:00,12.081726,270.0
2018-05-10 14:18:50+00:00,14.389297,270.0
2018-05-10 14:19:00+00:00,14.293007,270.0
2018-05-10 14:19:10+00:00,13.867459,270.0
2018-05-10 14:19:20+00:00,16.309052,270.0
2018-05-10 14:19:30+00:00,13.62592,270.0
2018-05-10 14:19:40+00:00,14.797895,270.0
2018-05-10 14:19:50+00:00,14.421637,270.0
2018-05-10 14:20:00+00:00,16.102352,270.0
2018-05-10 14:20:10+00:00,12.517073,270.0
2018-05-10 14:20:20+00:00,15.4326105,270.0
2018-05-10 14:20:30+00:00,15.077192,270.0
2018-05-10 14:20:40+00:00,12.598445,270.0
2018-05-10 14:20:50+00:00,15.408601,270.0
2018-05-10 14:21:00+00:00,15.287624,270.0
2018-05-10 14:21:10+00:00,13.804539,270.0
2018-05-10 14:21:20+00:00,12.574195,270.0
2018-05-10 14:21:30+00:00,14.866131,270.0
2018-05-10 14:21:40+00:00,13.1166725,270.0
2018-05-10 14:21:50+00:00,13.117053,270.0
2018-05-10 14:22:00+00:00,14.863859,270.0
2018-05-10 14:22:10+00:00,15.048448,270.0
2018-05-10 14:22:20+00:00,14.887598,270.0
2018-05-10 14:22:30+00:00,13.465366,270.0
2018-05-10 14:22:40+00:00,14.201277,270.0
2018-05-10 14:22:50+00:00,15.233755,270.0
2018-05-10 14:23:00+00:00,15.321853,270.0
2018-05-10 14:23:10+00:00,14.55648,270.0
2018-05-10 14:23:20+00:00,14.206561,270.0
2018-05-10 14:23:30+00:00,13.759533,270.0
2018-05-10 14:23:40+00:00,11.907865,270.0
2018-05-10 14:23:50+00:00,13.936498,270.0
2018-05-10 14:24:00+00:00,14.012895,270.0
2018-05-10 14:24:10+00:00,14.814878,270.0
2018-05-10 14:24:20+00:00,15.665812,270.0
2018-05-10 14:24:30+00:00,14.584815,270.0
2018-05-10 14:24:40+00:00,14.123115,270.0
2018-05-10 14:24:50+00:00,11.243666,270.0
2018-05-10 14:25:00+00:00,16.26011,270.0
2018-05-10 14:25:10+00:00,14.539089,270.0
2018-05-10 14:25:20+00:00,13.629801,270.0
2018-05-10 14:25:30+00:00,17.869644,270.0
2018-05-10 14:25:40+00:00,15.599689,270.0
2018-05-10 14:25:50+00:00,15.759894,270.0
2018-05-10 14:26:00+00:00,15.434297,270.0
2018-05-10 14:26:10+00:00,15.087864,270.0
2018-05-10 14:26:20+00:00,14.291581,270.0
2018-05-10 14:26:30+00:00,16.017155,270.0
2018-05-10 14:26:40+00:00,15.985471,270.0
2018-05-10 14:26:50+00:00,14.906092,270.0
2018-05-10 14:27:00+00:00,13.7721615,270.0
2018-05-10 14:27:10+00:00,15.198367,270.0
2018-05-10 14:27:20+00:00,14.38047,270.0
2018-05-10 14:27:30+00:00,15.3392105,270.0
2018-05-10 14:27:40+00:00,13.619085,270.0
2018-05-10 14:27:50+00:00,13.178333,270.0
2018-05-10 14:28:00+00:00,14.3877,270.0
2018-05-10 14:28:10+00:00,14.268516,270.0
2018-05-10 14:28:20+00:00,12.264354,270.0
2018-05-10 14:28:30+00:00,13.616279,270.0
2018-05-10 14:28:40+00:00,14.326354,270.0
2018-05-10 14:28:50+00:00,12.521966,270.0
2018-05-10 14:29:00+00:00,15.633429,270.0
2018-05-10 14:29:10+00:00,16.406454,270.0
2018-05-10 14:29:20+00:00,14.474563,270.0
2018-05-10 14:29:30+00:00,12.815758,270.0
2018-05-10 14:29:40+00:00,14.731353,270.0
2018-05-10 14:29:50+00:00,12.730349,270.0
2018-05-10 14:30:00+00:00,16.85874,270.0
2018-05-10 14:30:10+00:00,13.8162,270.0
2018-05-10 14:30:20+00:00,16.61995,270.0
2018-05-10 14:30:30+00:00,15.212968,270.0
2018-05-10 14:30:40+00:00,14.842594,270.0
2018-05-10 14:30:50+00:00,13.769912,270.0
2018-05-10 14:31:00+00:00,14.227643,270.0
2018-05-10 14:31:10+00:00,14.83936,270.0
2018-05-10 14:31:20+00:00,15.620218,270.0
2018-05-10 14:31:30+00:00,13.128401,270.0
2018-05-10 14:31:40+00:00,11.746027,270.0
2018-05-10 14:31:50+00:00,14.150979,270.0
2018-05-10 14:32:00+00:00,15.306323,270.0
2018-05-10 14:32:10+00:00,13.964727,270.0
2018-05-10 14:32:20+00:00,13.888518,270.0
2018-05-10 14:32:30+00:00,11.65731,270.0
2018-05-10 14:32:40+00:00,15.368791,270.0
2018-05-10 14:32:50+00:00,11.431316,270.0
2018-05-10 14:33:00+00:00,14.435791,270.0
2018-05-10 14:33:10+00:00,13.823619,270.0
2018-05-10 14:33:20+00:00,13.547366,270.0
2018-05-10 14:33:30+00:00,13.208679,270.0
2018-05-10 14:33:40+00:00,13.148853,270.0
2018-05-10 14:33:50+00:00,13.861413,270.0
2018-05-10 14:34:00+00:00,13.82294,270.0
2018-05-10 14:34:10+00:00,14.675564,270.0
2018-05-10 14:34:20+00:00,15.071412,270.0
2018-05-10 14:34:30+00:00,13.487591,270.0
2018-05-10 14:34:40+00:00,13.936581,270.0
2018-05-10 14:34:50+00:00,15.479233,270.0
2018-05-10 14:35:00+00:00,13.126252,270.0
2018-05-10 14:35:10+00:00,13.557653,270.0
2018-05-10 14:35:20+00:00,13.222226,270.0
2018-05-10 14:35:30+00:00,15.7313385,270.0
2018-05-10 14:35:40+00:00,13.631103,270.0
2018-05-10 14:35:50+00:00,16.05976,270.0
2018-05-10 14:36:00+00:00,13.079703,270.0
2018-05-10 14:36:10+00:00,12.43848,270.0
2018-05-10 14:36:20+00:00,14.038262,270.0
2018-05-10 14:36:30+00:00,11.104764,270.0
2018-05-10 14:36:40+00:00,12.166962,270.0
2018-05-10 14:36:50+00:00,12.765167,270.0
2018-05-10 14:37:00+00:00,13.620516,270.0
2018-05-10 14:37:10+00:00,14.569448,270.0
2018-05-10 14:37:20+00:00,12.5875635,270.0
2018-05-10 14:37:30+00:00,12.529242,270.0
2018-05-10 14:37:40+00:00,15.5862255,270.0
2018-05-10 14:37:50+00:00,13.523555,270.0
2018-05-10 14:38:00+00:00,13.532209,270.0
2018-05-10 14:38:10+00:00,14.488075,270.0
2018-05-10 14:38:20+00:00,12.9089155,270.0
2018-05-10 14:38:30+00:00,13.987373,270.0
2018-05-10 14:38:40+00:00,14.794275,270.0
2018-05-10 14:38:50+00:00,14.280492,270.0
2018-05-10 14:39:00+00:00,14.00705,270.0
2018-05-10 14:39:10+00:00,14.560664,270.0
2018-05-10 14:39:20+00:00,12.731532,270.0
2018-05-10 14:39:30+00:00,16.243952,270.0
2018-05-10 14:39:40+00:00,13.750078,270.0
2018-05-10 14:39:50+00:00,14.319335,270.0
2018-05-10 14:40:00+00:00,13.57805,270.0
2018-05-10 14:40:10+00:00,13.549844,270.0
2018-05-10 14:40:20+00:00,13.7289915,270.0
2018-05-10 14:40:30+00:00,14.174032,270.0
2018-05-10 14:40:40+00:00,14.383056,270.0
2018-05-10 14:40:50+00:00,11.080741,270.0
2018-05-10 14:41:00+00:00,12.739474,270.0
2018-05-10 14:41:10+00:00,13.748787,270.0
2018-05-10 14:41:20+00:00,14.834622,270.0
2018-05-10 14:41:30+00:00,13.628999,270.0
2018-05-10 14:41:40+00:00,11.697403,270.0
2018-05-10 14:41:50+00:00,14.517527,270.0
2018-05-10 14:42:00+00:00,12.443524,270.0
2018-05-10 14:42:10+00:00,13.437225,270.0
2018-05-10 14:42:20+00:00,11.171229,270.0
2018-05-10 14:42:30+00:00,14.994429,270.0
2018-05-10 14:42:40+00:00,12.819607,270.0
2018-05-10 14:42:50+00:00,14.92766,270.0
2018-05-10 14:43:00+00:00,13.882119,270.0
2018-05-10 14:43:10+00:00,15.267275,270.0
2018-05-10 14:43:20+00:00,15.64737,270.0
2018-05-10 14:43:30+00:00,13.646824,270.0
2018-05-10 14:43:40+00:00,12.294831,270.0
2018-05-10 14:43:50+00:00,14.132314,270.0
2018-05-10 14:44:00+00:00,13.108075,270.0
2018-05-10 14:44:10+00:00,13.044893,270.0
2018-05-10 14:44:20+00:00,14.710732,270.0
2018-05-10 14:44:30+00:00,15.710477,270.0
2018-05-10 14:44:40+00:00,12.793836,270.0
2018-05-10 14:44:50+00:00,12.694524,270.0
2018-05-10 14:45:00+00:00,14.496138,270.0
2018-05-10 14:45:10+00:00,11.827428,270.0
2018-05-10 14:45:20+00:00,14.504653,270.0
2018-05-10 14:45:30+00:00,12.564497,270.0
2018-05-10 14:45:40+00:00,13.539882,270.0
2018-05-10 14:45:50+00:00,13.324655,270.0
2018-05-10 14:46:00+00:00,13.665013,270.0
2018-05-10 14:46:10+00:00,14.948387,270.0
2018-05-10 14:46:20+00:00,12.825368,270.0
2018-05-10 14:46:30+00:00,12.750301,270.0
2018-05-10 14:46:40+00:00,13.420547,270.0
2018-05-10 14:46:50+00:00,12.534282,270.0
2018-05-10 14:47:00+00:00,12.638429,270.0
2018-05-10 14:47:10+00:00,12.995992,270.0
2018-05-10 14:47:20+00:00,12.480761,270.0
2018-05-10 14:47:30+00:00,12.296418,270.0
2018-05-10 14:47:40+00:00,14.319609,270.0
2018-05-10 14:47:50+00:00,13.224272,270.0
2018-05-10 14:48:00+00:00,12.884796,270.0
2018-05-10 14:48:10+00:00,12.374106,270.0
2018-05-10 14:48:20+00:00,13.525071,270.0
2018-05-10 14:48:30+00:00,14.044115,270.0
2018-05-10 14:48:40+00:00,13.118774,270.0
2018-05-10 14:48:50+00:00,13.8032875,270.0
2018-05-10 14:49:00+00:00,13.165367,270.0
2018-05-10 14:49:10+00:00,14.04803,270.0
2018-05-10 14:49:20+00:00,15.101,270.0
2018-05-10 14:49:30+00:00,14.383202,270.0
2018-05-10 14:49:40+00:00,12.8540535,270.0
2018-05-10 14:49:50+00:00,13.770342,270.0
2018-05-10 14:50:00+00:00,13.508213,270.0
2018-05-10 14:50:10+00:00,14.893317,270.0
2018-05-10 14:50:20+00:00,12.523989,270.0
2018-05-10 14:50:30+00:00,13.890897,270.0
2018-05-10 14:50:40+00:00,12.175669,270.0
2018-05-10 14:50:50+00:00,11.477887,270.0
2018-05-10 14:51:00+00:00,13.392078,270.0
2018-05-10 14:51:10+00:00,13.511804,270.0
2018-05-10 14:51:20+00:00,14.27123,270.0
2018-05-10 14:51:30+00:00,12.354581,270.0
2018-05-10 14:51:40+00:00,12.413792,270.0
2018-05-10 14:51:50+00:00,13.354353,270.0
2018-05-10 14:52:00+00:00,10.952264,270.0
2018-05-10 14:52:10+00:00,14.2740345,270.0
2018-05-10 14:52:20+00:00,13.13728,270.0
2018-05-10 14:52:30+00:00,14.243072,270.0
2018-05-10 14:52:40+00:00,11.574502,270.0
2018-05-10 14:52:50+00:00,11.321002,270.0
2018-05-10 14:53:00+00:00,13.324855,270.0
2018-05-10 14:53:10+00:00,14.4453535,270.0
2018-05-10 14:53:20+00:00,15.002939,270.0
2018-05-10 14:53:30+00:00,14.623474,270.0
2018-05-10 14:53:40+00:00,11.526126,270.0
2018-05-10 14:53:50+00:00,13.324857,270.0
2018-05-10 14:54:00+00:00,12.116469,270.0
2018-05-10 14:54:10+00:00,11.538993,270.0
2018-05-10 14:54:20+00:00,13.285184,270.0
2018-05-10 14:54:30+00:00,12.917507,270.0
2018-05-10 14:54:40+00:00,10.640531,270.0
2018-05-10 14:54:50+00:00,11.689081,270.0
2018-05-10 14:55:00+00:00,14.990209,270.0
2018-05-10 14:55:10+00:00,11.861876,270.0
2018-05-10 14:55:20+00:00,13.430353,270.0
2018-05-10 14:55:30+00:00,15.146284,270.0
2018-05-10 14:55:40+00:00,14.535277,270.0
2018-05-10 14:55:50+00:00,12.8199,270.0
2018-05-10 14:56:00+00:00,12.662173,270.0
2018-05-10 14:56:10+00:00,16.229647,270.0
2018-05-10 14:56:20+00:00,11.443923,270.0
2018-05-10 14:56:30+00:00,14.377142,270.0
2018-05-10 14:56:40+00:00,15.15482,270.0
2018-05-10 14:56:50+00:00,13.463518,270.0
2018-05-10 14:57:00+00:00,12.250656,270.0
2018-05-10 14:57:10+00:00,15.2971325,270.0
2018-05-10 14:57:20+00:00,13.340781,270.0
2018-05-10 14:57:30+00:00,12.91431,270.0
2018-05-10 14:57:40+00:00,13.410931,270.0
2018-05-10 14:57:50+00:00,13.935668,270.0
2018-05-10 14:58:00+00:00,12.928283,270.0
2018-05-10 14:58:10+00:00,13.790569,270.0
2018-05-10 14:58:20+00:00,14.604748,270.0
2018-05-10 14:58:30+00:00,14.991478,270.0
2018-05-10 14:58:40+00:00,12.846396,270.0
2018-05-10 14:58:50+00:00,12.189989,270.0
2018-05-10 14:59:00+00:00,13.137818,270.0
2018-05-10 14:59:10+00:00,14.317597,270.0
2018-05-10 14:59:20+00:00,15.791992,270.0
2018-05-10 14:59:30+00:00,15.225216,270.0
2018-05-10 14:59:40+00:00,14.056999,270.0
2018-05-10 14:59:50+00:00,14.713213,270.0
2018-05-10 15:00:00+00:00,13.289905,270.0
2018-05-10 15:00:10+00:00,13.7070265,270.0
2018-05-10 15:00:20+00:00,14.708866,270.0
2018-05-10 15:00:30+00:00,13.6588745,270.0
2018-05-10 15:00:40+00:00,13.706369,270.0
2018-05-10 15:00:50+00:00,14.045491,270.0
2018-05-10 15:01:00+00:00,12.103048,270.0
2018-05-10 15:01:10+00:00,11.724106,270.0
2018-05-10 15:01:20+00:00,12.573853,270.0
2018-05-10 15:01:30+00:00,12.01376,270.0
2018-05-10 15:01:40+00:00,13.63835,270.0
2018-05-10 15:01:50+00:00,13.060876,270.0
2018-05-10 15:02:00+00:00,13.472953,270.0
2018-05-10 15:02:10+00:00,12.779049,270.0
2018-05-10 15:02:20+00:00,13.121712,270.0
2018-05-10 15:02:30+00:00,12.3916025,270.0
2018-05-10 15:02:40+00:00,15.84253,270.0
2018-05-10 15:02:50+00:00,12.128257,270.0
2018-05-10 15:03:00+00:00,11.4627075,270.0
2018-05-10 15:03:10+00:00,11.656773,270.0
2018-05-10 15:03:20+00:00,13.316783,270.0
2018-05-10 15:03:30+00:00,12.462417,270.0
2018-05-10 15:03:40+00:00,14.11965,270.0
2018-05-10 15:03:50+00:00,13.387438,270.0
2018-05-10 15:04:00+00:00,13.794027,270.0
2018-05-10 15:04:10+00:00,12.454033,270.0
2018-05-10 15:04:20+00:00,12.639565,270.0
2018-05-10 15:04:30+00:00,12.801498,270.0
2018-05-10 15:04:40+00:00,12.308281,270.0
2018-05-10 15:04:50+00:00,15.511933,270.0
2018-05-10 15:05:00+00:00,11.98121,270.0
2018-05-10 15:05:10+00:00,12.573423,270.0
2018-05-10 15:05:20+00:00,12.022435,270.0
2018-05-10 15:05:30+00:00,14.456779,270.0
2018-05-10 15:05:40+00:00,14.069977,270.0
2018-05-10 15:05:50+00:00,11.372638,270.0
2018-05-10 15:06:00+00:00,14.31059,270.0
2018-05-10 15:06:10+00:00,12.737511,270.0
2018-05-10 15:06:20+00:00,12.070749,270.0
2018-05-10 15:06:30+00:00,11.783291,270.0
2018-05-10 15:06:40+00:00,12.069808,270.0
2018-05-10 15:06:50+00:00,11.639036,270.0
2018-05-10 15:07:00+00:00,11.852686,270.0
2018-05-10 15:07:10+00:00,13.482501,270.0
2018-05-10 15:07:20+00:00,13.733995,270.0
2018-05-10 15:07:30+00:00,12.053238,270.0
2018-05-10 15:07:40+00:00,13.839291,270.0
2018-05-10 15:07:50+00:00,12.855941,270.0
2018-05-10 15:08:00+00:00,13.687351,270.0
2018-05-10 15:08:10+00:00,14.010818,270.0
2018-05-10 15:08:20+00:00,13.1235,270.0
2018-05-10 15:08:30+00:00,14.371994,270.0
2018-05-10 15:08:40+00:00,12.1031885,270.0
2018-05-10 15:08:50+00:00,13.462776,270.0
2018-05-10 15:09:00+00:00,13.510477,270.0
2018-05-10 15:09:10+00:00,14.036634,270.0
2018-05-10 15:09:20+00:00,12.440111,270.0
2018-05-10 15:09:30+00:00,12.440296,270.0
2018-05-10 15:09:40+00:00,12.870836,270.0
2018-05-10 15:09:50+00:00,12.71425,270.0
2018-05-10 15:10:00+00:00,13.906113,270.0
2018-05-10 15:10:10+00:00,13.99802,270.0
2018-05-10 15:10:20+00:00,12.569676,270.0
2018-05-10 15:10:30+00:00,12.167244,270.0
2018-05-10 15:10:40+00:00,13.316326,270.0
2018-05-10 15:10:50+00:00,13.417806,270.0
2018-05-10 15:11:00+00:00,12.834701,270.0
2018-05-10 15:11:10+00:00,13.183719,270.0
2018-05-10 15:11:20+00:00,12.820819,270.0
2018-05-10 15:11:30+00:00,11.037413,270.0
2018-05-10 15:11:40+00:00,13.275198,270.0
2018-05-10 15:11:50+00:00,13.932471,270.0
2018-05-10 15:12:00+00:00,12.996526,270.0
2018-05-10 15:12:10+00:00,13.841584,270.0
2018-05-10 15:12:20+00:00,12.698004,270.0
2018-05-10 15:12:30+00:00,13.387585,270.0
2018-05-10 15:12:40+00:00,13.170729,270.0
2018-05-10 15:12:50+00:00,12.428823,270.0
2018-05-10 15:13:00+00:00,12.334113,270.0
2018-05-10 15:13:10+00:00,11.964811,270.0
2018-05-10 15:13:20+00:00,12.83838,270.0
2018-05-10 15:13:30+00:00,10.90538,270.0
2018-05-10 15:13:40+00:00,12.28564,270.0
2018-05-10 15:13:50+00:00,12.613576,270.0
2018-05-10 15:14:00+00:00,11.969019,270.0
2018-05-10 15:14:10+00:00,11.827202,270.0
2018-05-10 15:14:20+00:00,11.22641,270.0
2018-05-10 15:14:30+00:00,12.89804,270.0
2018-05-10 15:14:40+00:00,11.725011,270.0
2018-05-10 15:14:50+00:00,13.329675,270.0
2018-05-10 15:15:00+00:00,11.015717,270.0
2018-05-10 15:15:10+00:00,13.429216,270.0
2018-05-10 15:15:20+00:00,10.537893,270.0
2018-05-10 15:15:30+00:00,13.291763,270.0
2018-05-10 15:15:40+00:00,12.410049,270.0
2018-05-10 15:15:50+00:00,12.77863,270.0
2018-05-10 15:16:00+00:00,13.803641,270.0
2018-05-10 15:16:10+00:00,12.888091,270.0
2018-05-10 15:16:20+00:00,13.798267,270.0
2018-05-10 15:16:30+00:00,11.909899,270.0
2018-05-10 15:16:40+00:00,12.441161,270.0
2018-05-10 15:16:50+00:00,12.511296,270.0
2018-05-10 15:17:00+00:00,11.148497,270.0
2018-05-10 15:17:10+00:00,12.258782,270.0
2018-05-10 15:17:20+00:00,13.946507,270.0
2018-05-10 15:17:30+00:00,11.459084,270.0
2018-05-10 15:17:40+00:00,12.911464,270.0
2018-05-10 15:17:50+00:00,14.138766,270.0
2018-05-10 15:18:00+00:00,11.787466,270.0
2018-05-10 15:18:10+00:00,12.17289,270.0
2018-05-10 15:18:20+00:00,10.236468,270.0
2018-05-10 15:18:30+00:00,11.662931,270.0
2018-05-10 15:18:40+00:00,13.502806,270.0
2018-05-10 15:18:50+00:00,12.040867,270.0
2018-05-10 15:19:00+00:00,11.763123,270.0
2018-05-10 15:19:10+00:00,12.582987,270.0
2018-05-10 15:19:20+00:00,12.469006,270.0
2018-05-10 15:19:30+00:00,13.252029,270.0
2018-05-10 15:19:40+00:00,12.57315,270.0
2018-05-10 15:19:50+00:00,11.063669,270.0
2018-05-10 15:20:00+00:00,9.192614,270.0
2018-05-10 15:20:10+00:00,12.58227,270.0
2018-05-10 15:20:20+00:00,12.462718,270.0
2018-05-10 15:20:30+00:00,11.952695,270.0
2018-05-10 15:20:40+00:00,11.831239,270.0
2018-05-10 15:20:50+00:00,10.647942,270.0
2018-05-10 15:21:00+00:00,11.943444,270.0
2018-05-10 15:21:10+00:00,10.646803,270.0
2018-05-10 15:21:20+00:00,13.098485,270.0
2018-05-10 15:21:30+00:00,12.408642,270.0
2018-05-10 15:21:40+00:00,11.1696825,270.0
2018-05-10 15:21:50+00:00,11.763095,270.0
2018-05-10 15:22:00+00:00,12.079716,270.0
2018-05-10 15:22:10+00:00,12.024737,270.0
2018-05-10 15:22:20+00:00,11.436833,270.0
2018-05-10 15:22:30+00:00,12.417829,270.0
2018-05-10 15:22:40+00:00,11.766629,270.0
2018-05-10 15:22:50+00:00,13.199768,270.0
2018-05-10 15:23:00+00:00,14.795979,270.0
2018-05-10 15:23:10+00:00,13.183126,270.0
2018-05-10 15:23:20+00:00,10.272233,270.0
2018-05-10 15:23:30+00:00,10.872915,270.0
2018-05-10 15:23:40+00:00,11.995883,270.0
2018-05-10 15:23:50+00:00,12.337157,270.0
2018-05-10 15:24:00+00:00,11.373868,270.0
2018-05-10 15:24:10+00:00,12.545891,270.0
2018-05-10 15:24:20+00:00,12.25192,270.0
2018-05-10 15:24:30+00:00,12.00665,270.0
2018-05-10 15:24:40+00:00,11.633627,270.0
2018-05-10 15:24:50+00:00,11.601477,270.0
2018-05-10 15:25:00+00:00,10.773492,270.0
2018-05-10 15:25:10+00:00,12.360238,270.0
2018-05-10 15:25:20+00:00,14.439047,270.0
2018-05-10 15:25:30+00:00,10.985852,270.0
2018-05-10 15:25:40+00:00,11.75437,270.0
2018-05-10 15:25:50+00:00,10.810993,270.0
2018-05-10 15:26:00+00:00,11.087264,270.0
2018-05-10 15:26:10+00:00,11.734145,270.0
2018-05-10 15:26:20+00:00,11.136751,270.0
2018-05-10 15:26:30+00:00,12.713361,270.0
2018-05-10 15:26:40+00:00,10.818353,270.0
2018-05-10 15:26:50+00:00,12.093419,270.0
2018-05-10 15:27:00+00:00,11.734394,270.0
2018-05-10 15:27:10+00:00,11.981437,270.0
2018-05-10 15:27:20+00:00,9.699188,270.0
2018-05-10 15:27:30+00:00,13.8858185,270.0
2018-05-10 15:27:40+00:00,11.689592,270.0
2018-05-10 15:27:50+00:00,11.3502865,270.0
2018-05-10 15:28:00+00:00,12.466785,270.0
2018-05-10 15:28:10+00:00,12.23589,270.0
2018-05-10 15:28:20+00:00,11.709371,270.0
2018-05-10 15:28:30+00:00,11.766301,270.0
2018-05-10 15:28:40+00:00,10.197989,270.0
2018-05-10 15:28:50+00:00,12.893597,270.0
2018-05-10 15:29:00+00:00,12.7607155,270.0
2018-05-10 15:29:10+00:00,11.627543,270.0
2018-05-10 15:29:20+00:00,11.802501,270.0
2018-05-10 15:29:30+00:00,11.980229,270.0
2018-05-10 15:29:40+00:00,11.795966,270.0
2018-05-10 15:29:50+00:00,11.86831,270.0
2018-05-10 15:30:00+00:00,11.744835,270.0
2018-05-10 15:30:10+00:00,10.958621,270.0
2018-05-10 15:30:20+00:00,11.014453,270.0
2018-05-10 15:30:30+00:00,12.49422,270.0
2018-05-10 15:30:40+00:00,13.092971,270.0
2018-05-10 15:30:50+00:00,11.249456,270.0
2018-05-10 15:31:00+00:00,12.492063,270.0
2018-05-10 15:31:10+00:00,12.204549,270.0
2018-05-10 15:31:20+00:00,12.184638,270.0
2018-05-10 15:31:30+00:00,11.810772,270.0
2018-05-10 15:31:40+00:00,11.536107,270.0
2018-05-10 15:31:50+00:00,11.749498,270.0
2018-05-10 15:32:00+00:00,12.496935,270.0
2018-05-10 15:32:10+00:00,11.860047,270.0
2018-05-10 15:32:20+00:00,12.127801,270.0
2018-05-10 15:32:30+00:00,12.924715,270.0
2018-05-10 15:32:40+00:00,12.341417,270.0
2018-05-10 15:32:50+00:00,10.342334,270.0
2018-05-10 15:33:00+00:00,11.834333,270.0
2018-05-10 15:33:10+00:00,13.82035,270.0
2018-05-10 15:33:20+00:00,10.1064415,270.0
2018-05-10 15:33:30+00:00,12.021678,270.0
2018-05-10 15:33:40+00:00,11.392967,270.0
2018-05-10 15:33:50+00:00,10.759325,270.0
2018-05-10 15:34:00+00:00,11.608703,270.0
2018-05-10 15:34:10+00:00,9.788084,270.0
2018-05-10 15:34:20+00:00,11.400039,270.0
2018-05-10 15:34:30+00:00,12.296135,270.0
2018-05-10 15:34:40+00:00,10.013038,270.0
2018-05-10 15:34:50+00:00,11.563056,270.0
2018-05-10 15:35:00+00:00,11.956678,270.0
2018-05-10 15:35:10+00:00,11.735542,270.0
2018-05-10 15:35:20+00:00,12.095164,270.0
2018-05-10 15:35:30+00:00,11.732638,270.0
2018-05-10 15:35:40+00:00,13.160241,270.0
2018-05-10 15:35:50+00:00,12.121147,270.0
2018-05-10 15:36:00+00:00,11.070054,270.0
2018-05-10 15:36:10+00:00,12.761147,270.0
2018-05-10 15:36:20+00:00,12.085017,270.0
2018-05-10 15:36:30+00:00,11.929437,270.0
2018-05-10 15:36:40+00:00,11.42719,270.0
2018-05-10 15:36:50+00:00,9.98877,270.0
2018-05-10 15:37:00+00:00,10.555751,270.0
2018-05-10 15:37:10+00:00,10.168825,270.0
2018-05-10 15:37:20+00:00,11.702592,270.0
2018-05-10 15:37:30+00:00,11.665573,270.0
2018-05-10 15:37:40+00:00,10.393476,270.0
2018-05-10 15:37:50+00:00,10.694163,270.0
2018-05-10 15:38:00+00:00,11.81831,270.0
2018-05-10 15:38:10+00:00,9.878193,270.0
2018-05-10 15:38:20+00:00,10.804789,270.0
2018-05-10 15:38:30+00:00,12.820378,270.0
2018-05-10 15:38:40+00:00,9.603998,270.0
2018-05-10 15:38:50+00:00,11.638045,270.0
2018-05-10 15:39:00+00:00,11.481636,270.0
2018-05-10 15:39:10+00:00,11.547288,270.0
2018-05-10 15:39:20+00:00,10.387552,270.0
2018-05-10 15:39:30+00:00,10.826408,270.0
2018-05-10 15:39:40+00:00,12.524155,270.0
2018-05-10 15:39:50+00:00,11.559407,270.0
2018-05-10 15:40:00+00:00,10.459602,270.0
2018-05-10 15:40:10+00:00,12.450621,270.0
2018-05-10 15:40:20+00:00,10.551373,270.0
2018-05-10 15:40:30+00:00,10.215859,270.0
2018-05-10 15:40:40+00:00,10.801334,270.0
2018-05-10 15:40:50+00:00,9.781748,270.0
2018-05-10 15:41:00+00:00,10.604833,270.0
2018-05-10 15:41:10+00:00,11.700588,270.0
2018-05-10 15:41:20+00:00,11.153376,270.0
2018-05-10 15:41:30+00:00,11.464349,270.0
2018-05-10 15:41:40+00:00,12.812066,270.0
2018-05-10 15:41:50+00:00,9.812231,270.0
2018-05-10 15:42:00+00:00,10.27775,270.0
2018-05-10 15:42:10+00:00,10.442511,270.0
2018-05-10 15:42:20+00:00,11.202254,270.0
2018-05-10 15:42:30+00:00,11.655424,270.0
2018-05-10 15:42:40+00:00,14.532861,270.0
2018-05-10 15:42:50+00:00,11.888829,270.0
2018-05-10 15:43:00+00:00,11.568884,270.0
2018-05-10 15:43:10+00:00,11.618529,270.0
2018-05-10 15:43:20+00:00,11.265593,270.0
2018-05-10 15:43:30+00:00,11.038716,270.0
2018-05-10 15:43:40+00:00,13.270142,270.0
2018-05-10 15:43:50+00:00,10.091714,270.0
2018-05-10 15:44:00+00:00,9.417054,270.0
2018-05-10 15:44:10+00:00,10.357407,270.0
2018-05-10 15:44:20+00:00,11.155277,270.0
2018-05-10 15:44:30+00:00,10.638802,270.0
2018-05-10 15:44:40+00:00,9.788057,270.0
2018-05-10 15:44:50+00:00,10.888671,270.0
2018-05-10 15:45:00+00:00,9.517978,270.0
2018-05-10 15:45:10+00:00,11.391928,270.0
2018-05-10 15:45:20+00:00,11.051466,270.0
2018-05-10 15:45:30+00:00,10.444879,270.0
2018-05-10 15:45:40+00:00,12.45586,270.0
2018-05-10 15:45:50+00:00,12.754814,270.0
2018-05-10 15:46:00+00:00,10.2607765,270.0
2018-05-10 15:46:10+00:00,9.353393,270.0
2018-05-10 15:46:20+00:00,12.006894,270.0
2018-05-10 15:46:30+00:00,11.344279,270.0
2018-05-10 15:46:40+00:00,10.307466,270.0
2018-05-10 15:46:50+00:00,10.010681,270.0
2018-05-10 15:47:00+00:00,12.148229,270.0
2018-05-10 15:47:10+00:00,9.725515,270.0
2018-05-10 15:47:20+00:00,11.575695,270.0
2018-05-10 15:47:30+00:00,12.453507,270.0
2018-05-10 15:47:40+00:00,12.005524,270.0
2018-05-10 15:47:50+00:00,10.73478,270.0
2018-05-10 15:48:00+00:00,11.204046,270.0
2018-05-10 15:48:10+00:00,11.066065,270.0
2018-05-10 15:48:20+00:00,9.251646,270.0
2018-05-10 15:48:30+00:00,11.740718,270.0
2018-05-10 15:48:40+00:00,11.089143,270.0
2018-05-10 15:48:50+00:00,11.739136,270.0
2018-05-10 15:49:00+00:00,11.5490265,270.0
2018-05-10 15:49:10+00:00,10.837414,270.0
2018-05-10 15:49:20+00:00,12.121925,270.0
2018-05-10 15:49:30+00:00,10.658234,270.0
2018-05-10 15:49:40+00:00,10.882311,270.0
2018-05-10 15:49:50+00:00,10.810779,270.0
2018-05-10 15:50:00+00:00,9.581396,270.0
2018-05-10 15:50:10+00:00,8.186636,270.0
2018-05-10 15:50:20+00:00,12.1253395,270.0
2018-05-10 15:50:30+00:00,10.982466,270.0
2018-05-10 15:50:40+00:00,11.308981,270.0
2018-05-10 15:50:50+00:00,11.299058,270.0
2018-05-10 15:51:00+00:00,12.690187,270.0
2018-05-10 15:51:10+00:00,11.474101,270.0
2018-05-10 15:51:20+00:00,10.848971,270.0
2018-05-10 15:51:30+00:00,12.618831,270.0
2018-05-10 15:51:40+00:00,11.906205,270.0
2018-05-10 15:51:50+00:00,12.146264,270.0
2018-05-10 15:52:00+00:00,10.172534,270.0
2018-05-10 15:52:10+00:00,10.624583,270.0
2018-05-10 15:52:20+00:00,9.320891,270.0
2018-05-10 15:52:30+00:00,11.472516,270.0
2018-05-10 15:52:40+00:00,10.461256,270.0
2018-05-10 15:52:50+00:00,9.5125675,270.0
2018-05-10 15:53:00+00:00,10.986896,270.0
2018-05-10 15:53:10+00:00,10.608526,270.0
2018-05-10 15:53:20+00:00,10.9908695,270.0
2018-05-10 15:53:30+00:00,9.869938,270.0
2018-05-10 15:53:40+00:00,11.392944,270.0
2018-05-10 15:53:50+00:00,8.936278,270.0
2018-05-10 15:54:00+00:00,9.713339,270.0
2018-05-10 15:54:10+00:00,12.632837,270.0
2018-05-10 15:54:20+00:00,11.72818,270.0
2018-05-10 15:54:30+00:00,9.949304,270.0
2018-05-10 15:54:40+00:00,12.420314,270.0
2018-05-10 15:54:50+00:00,12.515881,270.0
2018-05-10 15:55:00+00:00,10.047672,270.0
2018-05-10 15:55:10+00:00,10.321364,270.0
2018-05-10 15:55:20+00:00,10.212258,270.0
2018-05-10 15:55:30+00:00,10.349436,270.0
2018-05-10 15:55:40+00:00,12.297377,270.0
2018-05-10 15:55:50+00:00,12.930494,270.0
2018-05-10 15:56:00+00:00,11.061426,270.0
2018-05-10 15:56:10+00:00,12.724449,270.0
2018-05-10 15:56:20+00:00,9.583268,270.0
2018-05-10 15:56:30+00:00,12.045039,270.0
2018-05-10 15:56:40+00:00,11.105216,270.0
2018-05-10 15:56:50+00:00,11.391264,270.0
2018-05-10 15:57:00+00:00,11.619637,270.0
2018-05-10 15:57:10+00:00,10.692224,270.0
2018-05-10 15:57:20+00:00,10.891165,270.0
2018-05-10 15:57:30+00:00,11.496667,270.0
2018-05-10 15:57:40+00:00,10.441396,270.0
2018-05-10 15:57:50+00:00,10.004503,270.0
2018-05-10 15:58:00+00:00,9.786295,270.0
2018-05-10 15:58:10+00:00,11.22935,270.0
2018-05-10 15:58:20+00:00,11.418958,270.0
2018-05-10 15:58:30+00:00,10.097192,270.0
2018-05-10 15:58:40+00:00,11.289876,270.0
2018-05-10 15:58:50+00:00,10.697465,270.0
2018-05-10 15:59:00+00:00,10.658387,270.0
2018-05-10 15:59:10+00:00,10.080734,270.0
2018-05-10 15:59:20+00:00,9.374063,270.0
2018-05-10 15:59:30+00:00,10.518198,270.0
2018-05-10 15:59:40+00:00,12.240147,270.0
2018-05-10 15:59:50+00:00,10.525733,270.0
2018-05-10 16:00:00+00:00,11.9760895,270.0
2018-05-10 16:00:10+00:00,10.95703,270.0
2018-05-10 16:00:20+00:00,11.30736,270.0
2018-05-10 16:00:30+00:00,10.00838,270.0
2018-05-10 16:00:40+00:00,10.692374,270.0
2018-05-10 16:00:50+00:00,11.4769335,270.0
2018-05-10 16:01:00+00:00,11.312003,270.0
2018-05-10 16:01:10+00:00,12.125159,270.0
2018-05-10 16:01:20+00:00,11.074955,270.0
2018-05-10 16:01:30+00:00,10.481374,270.0
2018-05-10 16:01:40+00:00,9.661635,270.0
2018-05-10 16:01:50+00:00,9.08883,270.0
2018-05-10 16:02:00+00:00,11.324362,270.0
2018-05-10 16:02:10+00:00,9.759671,270.0
2018-05-10 16:02:20+00:00,12.892278,270.0
2018-05-10 16:02:30+00:00,9.584291,270.0
2018-05-10 16:02:40+00:00,9.387861,270.0
2018-05-10 16:02:50+00:00,10.684847,270.0
2018-05-10 16:03:00+00:00,10.147167,270.0
2018-05-10 16:03:10+00:00,9.621833,270.0
2018-05-10 16:03:20+00:00,10.024746,270.0
2018-05-10 16:03:30+00:00,11.4996,270.0
2018-05-10 16:03:40+00:00,9.974047,270.0
2018-05-10 16:03:50+00:00,11.416033,270.0
2018-05-10 16:04:00+00:00,9.928874,270.0
2018-05-10 16:04:10+00:00,11.480672,270.0
2018-05-10 16:04:20+00:00,10.235176,270.0
2018-05-10 16:04:30+00:00,9.687131,270.0
2018-05-10 16:04:40+00:00,12.084577,270.0
2018-05-10 16:04:50+00:00,11.332058,270.0
2018-05-10 16:05:00+00:00,10.35289,270.0
2018-05-10 16:05:10+00:00,9.72304,270.0
2018-05-10 16:05:20+00:00,11.960858,270.0
2018-05-10 16:05:30+00:00,10.291209,270.0
2018-05-10 16:05:40+00:00,10.756584,270.0
2018-05-10 16:05:50+00:00,11.11038,270.0
2018-05-10 16:06:00+00:00,10.805625,270.0
2018-05-10 16:06:10+00:00,11.835985,270.0
2018-05-10 16:06:20+00:00,10.883901,270.0
2018-05-10 16:06:30+00:00,9.427849,270.0
2018-05-10 16:06:40+00:00,12.656968,270.0
2018-05-10 16:06:50+00:00,9.472707,270.0
2018-05-10 16:07:00+00:00,13.508714,270.0
2018-05-10 16:07:10+00:00,12.468652,270.0
2018-05-10 16:07:20+00:00,12.205814,270.0
2018-05-10 16:07:30+00:00,10.852327,270.0
2018-05-10 16:07:40+00:00,9.508906,270.0
2018-05-10 16:07:50+00:00,9.208174,270.0
2018-05-10 16:08:00+00:00,8.548756,270.0
2018-05-10 16:08:10+00:00,10.455399,270.0
2018-05-10 16:08:20+00:00,9.458876,270.0
2018-05-10 16:08:30+00:00,10.245904,270.0
2018-05-10 16:08:40+00:00,9.230081,270.0
2018-05-10 16:08:50+00:00,11.996451,270.0
2018-05-10 16:09:00+00:00,10.145638,270.0
2018-05-10 16:09:10+00:00,10.696036,270.0
2018-05-10 16:09:20+00:00,11.30972,270.0
2018-05-10 16:09:30+00:00,11.254704,270.0
2018-05-10 16:09:40+00:00,10.6342535,270.0
2018-05-10 16:09:50+00:00,10.499509,270.0
2018-05-10 16:10:00+00:00,11.566391,270.0
2018-05-10 16:10:10+00:00,10.23631,270.0
2018-05-10 16:10:20+00:00,9.264205,270.0
2018-05-10 16:10:30+00:00,10.706771,270.0
2018-05-10 16:10:40+00:00,11.39512,270.0
2018-05-10 16:10:50+00:00,11.583424,270.0
2018-05-10 16:11:00+00:00,9.844528,270.0
2018-05-10 16:11:10+00:00,10.302527,270.0
2018-05-10 16:11:20+00:00,10.993325,270.0
2018-05-10 16:11:30+00:00,9.764143,270.0
2018-05-10 16:11:40+00:00,10.568761,270.0
2018-05-10 16:11:50+00:00,10.375695,270.0
2018-05-10 16:12:00+00:00,11.009019,270.0
2018-05-10 16:12:10+00:00,11.584461,270.0
2018-05-10 16:12:20+00:00,12.755204,270.0
2018-05-10 16:12:30+00:00,12.059133,270.0
2018-05-10 16:12:40+00:00,11.00589,270.0
2018-05-10 16:12:50+00:00,10.568818,270.0
2018-05-10 16:13:00+00:00,9.913872,270.0
2018-05-10 16:13:10+00:00,10.013723,270.0
2018-05-10 16:13:20+00:00,11.064508,270.0
2018-05-10 16:13:30+00:00,11.489041,270.0
2018-05-10 16:13:40+00:00,8.613529,270.0
2018-05-10 16:13:50+00:00,10.507271,270.0
2018-05-10 16:14:00+00:00,12.571078,270.0
2018-05-10 16:14:10+00:00,11.018733,270.0
2018-05-10 16:14:20+00:00,9.897203,270.0
2018-05-10 16:14:30+00:00,12.020316,270.0
2018-05-10 16:14:40+00:00,11.84575,270.0
2018-05-10 16:14:50+00:00,10.658962,270.0
2018-05-10 16:15:00+00:00,9.895811,270.0
2018-05-10 16:15:10+00:00,11.746433,270.0
2018-05-10 16:15:20+00:00,8.503497,270.0
2018-05-10 16:15:30+00:00,10.899542,270.0
2018-05-10 16:15:40+00:00,9.721308,270.0
2018-05-10 16:15:50+00:00,11.468824,270.0
2018-05-10 16:16:00+00:00,11.137757,270.0
2018-05-10 16:16:10+00:00,10.655347,270.0
2018-05-10 16:16:20+00:00,11.388459,270.0
2018-05-10 16:16:30+00:00,12.107529,270.0
2018-05-10 16:16:40+00:00,9.633555,270.0
2018-05-10 16:16:50+00:00,10.493317,270.0
2018-05-10 16:17:00+00:00,10.349418,270.0
2018-05-10 16:17:10+00:00,10.791617,270.0
2018-05-10 16:17:20+00:00,11.326793,270.0
2018-05-10 16:17:30+00:00,10.571395,270.0
2018-05-10 16:17:40+00:00,11.334807,270.0
2018-05-10 16:17:50+00:00,11.277561,270.0
2018-05-10 16:18:00+00:00,12.535546,270.0
2018-05-10 16:18:10+00:00,12.742911,270.0
2018-05-10 16:18:20+00:00,10.246494,270.0
2018-05-10 16:18:30+00:00,9.790252,270.0
2018-05-10 16:18:40+00:00,10.062927,270.0
2018-05-10 16:18:50+00:00,11.08938,270.0
2018-05-10 16:19:00+00:00,11.626446,270.0
2018-05-10 16:19:10+00:00,9.744891,270.0
2018-05-10 16:19:20+00:00,12.114795,270.0
2018-05-10 16:19:30+00:00,9.698544,270.0
2018-05-10 16:19:40+00:00,10.861116,270.0
2018-05-10 16:19:50+00:00,11.068674,270.0
2018-05-10 16:20:00+00:00,11.201864,270.0
2018-05-10 16:20:10+00:00,10.367823,270.0
2018-05-10 16:20:20+00:00,11.250111,270.0
2018-05-10 16:20:30+00:00,10.890374,270.0
2018-05-10 16:20:40+00:00,9.454573,270.0
2018-05-10 16:20:50+00:00,11.190928,270.0
2018-05-10 16:21:00+00:00,9.184817,270.0
2018-05-10 16:21:10+00:00,11.982622,270.0
2018-05-10 16:21:20+00:00,12.078421,270.0
2018-05-10 16:21:30+00:00,10.587698,270.0
2018-05-10 16:21:40+00:00,9.798216,270.0
2018-05-10 16:21:50+00:00,11.494348,270.0
2018-05-10 16:22:00+00:00,11.865788,270.0
2018-05-10 16:22:10+00:00,11.783838,270.0
2018-05-10 16:22:20+00:00,11.340539,270.0
2018-05-10 16:22:30+00:00,10.724723,270.0
2018-05-10 16:22:40+00:00,10.592753,270.0
2018-05-10 16:22:50+00:00,11.301769,270.0
2018-05-10 16:23:00+00:00,10.677549,270.0
2018-05-10 16:23:10+00:00,10.666178,270.0
2018-05-10 16:23:20+00:00,9.887537,270.0
2018-05-10 16:23:30+00:00,10.152034,270.0
2018-05-10 16:23:40+00:00,12.130452,270.0
2018-05-10 16:23:50+00:00,11.576944,270.0
2018-05-10 16:24:00+00:00,9.945786,270.0
2018-05-10 16:24:10+00:00,11.852664,270.0
2018-05-10 16:24:20+00:00,10.144603,270.0
2018-05-10 16:24:30+00:00,9.644527,270.0
2018-05-10 16:24:40+00:00,11.316757,270.0
2018-05-10 16:24:50+00:00,12.57692,270.0
2018-05-10 16:25:00+00:00,11.723308,270.0
2018-05-10 16:25:10+00:00,9.035607,270.0
2018-05-10 16:25:20+00:00,9.858975,270.0
2018-05-10 16:25:30+00:00,10.798319,270.0
2018-05-10 16:25:40+00:00,11.752631,270.0
2018-05-10 16:25:50+00:00,10.616042,270.0
2018-05-10 16:26:00+00:00,10.091368,270.0
2018-05-10 16:26:10+00:00,12.045193,270.0
2018-05-10 16:26:20+00:00,11.55213,270.0
2018-05-10 16:26:30+00:00,11.760175,270.0
2018-05-10 16:26:40+00:00,9.967607,270.0
2018-05-10 16:26:50+00:00,9.412992,270.0
2018-05-10 16:27:00+00:00,10.780656,270.0
2018-05-10 16:27:10+00:00,10.224681,270.0
2018-05-10 16:27:20+00:00,11.283708,270.0
2018-05-10 16:27:30+00:00,9.751407,270.0
2018-05-10 16:27:40+00:00,10.341684,270.0
2018-05-10 16:27:50+00:00,11.868643,270.0
2018-05-10 16:28:00+00:00,11.17078,270.0
2018-05-10 16:28:10+00:00,11.987663,270.0
2018-05-10 16:28:20+00:00,9.65706,270.0
2018-05-10 16:28:30+00:00,10.199913,270.0
2018-05-10 16:28:40+00:00,9.899645,270.0
2018-05-10 16:28:50+00:00,7.963154,270.0
2018-05-10 16:29:00+00:00,10.228012,270.0
2018-05-10 16:29:10+00:00,10.462818,270.0
2018-05-10 16:29:20+00:00,9.28923,270.0
2018-05-10 16:29:30+00:00,10.649096,270.0
2018-05-10 16:29:40+00:00,10.579577,270.0
2018-05-10 16:29:50+00:00,10.595622,270.0
2018-05-10 16:30:00+00:00,10.290305,270.0
2018-05-10 16:30:10+00:00,10.896935,270.0
2018-05-10 16:30:20+00:00,11.830261,270.0
2018-05-10 16:30:30+00:00,10.654269,270.0
2018-05-10 16:30:40+00:00,10.171389,270.0
2018-05-10 16:30:50+00:00,10.108497,270.0
2018-05-10 16:31:00+00:00,11.997245,270.0
2018-05-10 16:31:10+00:00,9.999634,270.0
2018-05-10 16:31:20+00:00,10.927499,270.0
2018-05-10 16:31:30+00:00,9.294362,270.0
2018-05-10 16:31:40+00:00,10.994777,270.0
2018-05-10 16:31:50+00:00,10.881473,270.0
2018-05-10 16:32:00+00:00,10.8961735,270.0
2018-05-10 16:32:10+00:00,12.525055,270.0
2018-05-10 16:32:20+00:00,9.434333,270.0
2018-05-10 16:32:30+00:00,11.567679,270.0
2018-05-10 16:32:40+00:00,9.741687,270.0
2018-05-10 16:32:50+00:00,10.515823,270.0
2018-05-10 16:33:00+00:00,10.068496,270.0
2018-05-10 16:33:10+00:00,9.814111,270.0
2018-05-10 16:33:20+00:00,9.831151,270.0
2018-05-10 16:33:30+00:00,9.35491,270.0
2018-05-10 16:33:40+00:00,9.62498,270.0
2018-05-10 16:33:50+00:00,9.995496,270.0
2018-05-10 16:34:00+00:00,10.658227,270.0
2018-05-10 16:34:10+00:00,11.332979,270.0
2018-05-10 16:34:20+00:00,10.017282,270.0
2018-05-10 16:34:30+00:00,10.174868,270.0
2018-05-10 16:34:40+00:00,11.878977,270.0
2018-05-10 16:34:50+00:00,9.61137,270.0
2018-05-10 16:35:00+00:00,8.922772,270.0
2018-05-10 16:35:10+00:00,9.351789,270.0
2018-05-10 16:35:20+00:00,10.846356,270.0
2018-05-10 16:35:30+00:00,9.772397,270.0
2018-05-10 16:35:40+00:00,11.632075,270.0
2018-05-10 16:35:50+00:00,10.567494,270.0
2018-05-10 16:36:00+00:00,12.331739,270.0
2018-05-10 16:36:10+00:00,10.30133,270.0
2018-05-10 16:36:20+00:00,9.90428,270.0
2018-05-10 16:36:30+00:00,10.9611,270.0
2018-05-10 16:36:40+00:00,9.734135,270.0
2018-05-10 16:36:50+00:00,12.083368,270.0
2018-05-10 16:37:00+00:00,9.259532,270.0
2018-05-10 16:37:10+00:00,8.962352,270.0
2018-05-10 16:37:20+00:00,10.089379,270.0
2018-05-10 16:37:30+00:00,10.018137,270.0
2018-05-10 16:37:40+00:00,8.091888,270.0
2018-05-10 16:37:50+00:00,10.708249,270.0
2018-05-10 16:38:00+00:00,10.05625,270.0
2018-05-10 16:38:10+00:00,9.6373825,270.0
2018-05-10 16:38:20+00:00,8.240781,270.0
2018-05-10 16:38:30+00:00,9.870782,270.0
2018-05-10 16:38:40+00:00,10.561192,270.0
2018-05-10 16:38:50+00:00,9.419603,270.0
2018-05-10 16:39:00+00:00,8.847999,270.0
2018-05-10 16:39:10+00:00,10.36641,270.0
2018-05-10 16:39:20+00:00,9.6293545,270.0
2018-05-10 16:39:30+00:00,11.52953,270.0
2018-05-10 16:39:40+00:00,10.045277,270.0
2018-05-10 16:39:50+00:00,9.54603,270.0
2018-05-10 16:40:00+00:00,10.175755,270.0
2018-05-10 16:40:10+00:00,9.92084,270.0
2018-05-10 16:40:20+00:00,10.446676,270.0
2018-05-10 16:40:30+00:00,10.946026,270.0
2018-05-10 16:40:40+00:00,9.893363,270.0
2018-05-10 16:40:50+00:00,9.5058565,270.0
2018-05-10 16:41:00+00:00,11.802174,270.0
2018-05-10 16:41:10+00:00,9.969742,270.0
2018-05-10 16:41:20+00:00,10.910604,270.0
2018-05-10 16:41:30+00:00,9.474087,270.0
2018-05-10 16:41:40+00:00,9.236457,270.0
2018-05-10 16:41:50+00:00,11.259977,270.0
2018-05-10 16:42:00+00:00,9.526476,270.0
2018-05-10 16:42:10+00:00,10.371669,270.0
2018-05-10 16:42:20+00:00,11.21337,270.0
2018-05-10 16:42:30+00:00,10.601694,270.0
2018-05-10 16:42:40+00:00,10.780859,270.0
2018-05-10 16:42:50+00:00,11.901817,270.0
2018-05-10 16:43:00+00:00,10.455025,270.0
2018-05-10 16:43:10+00:00,9.229994,270.0
2018-05-10 16:43:20+00:00,8.032522,270.0
2018-05-10 16:43:30+00:00,10.632038,270.0
2018-05-10 16:43:40+00:00,9.58711,270.0
2018-05-10 16:43:50+00:00,11.176564,270.0
2018-05-10 16:44:00+00:00,9.891997,270.0
2018-05-10 16:44:10+00:00,10.111582,270.0
2018-05-10 16:44:20+00:00,9.480204,270.0
2018-05-10 16:44:30+00:00,11.145273,270.0
2018-05-10 16:44:40+00:00,9.331555,270.0
2018-05-10 16:44:50+00:00,10.12598,270.0
2018-05-10 16:45:00+00:00,10.679635,270.0
2018-05-10 16:45:10+00:00,10.129457,270.0
2018-05-10 16:45:20+00:00,10.072886,270.0
2018-05-10 16:45:30+00:00,9.347094,270.0
2018-05-10 16:45:40+00:00,9.149392,270.0
2018-05-10 16:45:50+00:00,9.593959,270.0
2018-05-10 16:46:00+00:00,10.260596,270.0
2018-05-10 16:46:10+00:00,11.303995,270.0
2018-05-10 16:46:20+00:00,10.950809,270.0
2018-05-10 16:46:30+00:00,9.914526,270.0
2018-05-10 16:46:40+00:00,9.418092,270.0
2018-05-10 16:46:50+00:00,10.004758,270.0
2018-05-10 16:47:00+00:00,10.556975,270.0
2018-05-10 16:47:10+00:00,12.003297,270.0
2018-05-10 16:47:20+00:00,10.353152,270.0
2018-05-10 16:47:30+00:00,10.846983,270.0
2018-05-10 16:47:40+00:00,10.162088,270.0
2018-05-10 16:47:50+00:00,11.305077,270.0
2018-05-10 16:48:00+00:00,10.447757,270.0
2018-05-10 16:48:10+00:00,10.656974,270.0
2018-05-10 16:48:20+00:00,11.456615,270.0
2018-05-10 16:48:30+00:00,11.041818,270.0
2018-05-10 16:48:40+00:00,12.038994,270.0
2018-05-10 16:48:50+00:00,7.8254466,270.0
2018-05-10 16:49:00+00:00,10.488346,270.0
2018-05-10 16:49:10+00:00,9.688305,270.0
2018-05-10 16:49:20+00:00,10.046816,270.0
2018-05-10 16:49:30+00:00,9.542542,270.0
2018-05-10 16:49:40+00:00,9.54353,270.0
2018-05-10 16:49:50+00:00,8.86598,270.0
2018-05-10 16:50:00+00:00,11.423366,270.0
2018-05-10 16:50:10+00:00,8.8639,270.0
2018-05-10 16:50:20+00:00,11.613033,270.0
2018-05-10 16:50:30+00:00,9.83913,270.0
2018-05-10 16:50:40+00:00,10.913468,270.0
2018-05-10 16:50:50+00:00,10.402689,270.0
2018-05-10 16:51:00+00:00,12.133789,270.0
2018-05-10 16:51:10+00:00,11.352896,270.0
2018-05-10 16:51:20+00:00,9.577227,270.0
2018-05-10 16:51:30+00:00,9.500237,270.0
2018-05-10 16:51:40+00:00,10.218011,270.0
2018-05-10 16:51:50+00:00,11.264971,270.0
2018-05-10 16:52:00+00:00,9.877855,270.0
2018-05-10 16:52:10+00:00,10.411244,270.0
2018-05-10 16:52:20+00:00,9.892184,270.0
2018-05-10 16:52:30+00:00,9.7341385,270.0
2018-05-10 16:52:40+00:00,9.698853,270.0
2018-05-10 16:52:50+00:00,10.881236,270.0
2018-05-10 16:53:00+00:00,10.228853,270.0
2018-05-10 16:53:10+00:00,9.589685,270.0
2018-05-10 16:53:20+00:00,9.886067,270.0
2018-05-10 16:53:30+00:00,11.736082,270.0
2018-05-10 16:53:40+00:00,11.4729185,270.0
2018-05-10 16:53:50+00:00,10.526166,270.0
2018-05-10 16:54:00+00:00,10.876688,270.0
2018-05-10 16:54:10+00:00,9.083135,270.0
2018-05-10 16:54:20+00:00,10.917594,270.0
2018-05-10 16:54:30+00:00,9.588819,270.0
2018-05-10 16:54:40+00:00,9.782066,270.0
2018-05-10 16:54:50+00:00,8.130585,270.0
2018-05-10 16:55:00+00:00,12.225319,270.0
2018-05-10 16:55:10+00:00,10.676223,270.0
2018-05-10 16:55:20+00:00,10.40201,270.0
2018-05-10 16:55:30+00:00,11.093073,270.0
2018-05-10 16:55:40+00:00,11.302996,270.0
2018-05-10 16:55:50+00:00,11.085435,270.0
2018-05-10 16:56:00+00:00,10.162713,270.0
2018-05-10 16:56:10+00:00,10.085822,270.0
2018-05-10 16:56:20+00:00,8.998942,270.0
2018-05-10 16:56:30+00:00,10.274741,270.0
2018-05-10 16:56:40+00:00,11.345771,270.0
2018-05-10 16:56:50+00:00,10.867364,270.0
2018-05-10 16:57:00+00:00,10.286906,270.0
2018-05-10 16:57:10+00:00,10.531484,270.0
2018-05-10 16:57:20+00:00,11.177225,270.0
2018-05-10 16:57:30+00:00,7.9085116,270.0
2018-05-10 16:57:40+00:00,10.603068,270.0
2018-05-10 16:57:50+00:00,10.15384,270.0
2018-05-10 16:58:00+00:00,9.413919,270.0
2018-05-10 16:58:10+00:00,11.430399,270.0
2018-05-10 16:58:20+00:00,12.232359,270.0
2018-05-10 16:58:30+00:00,11.088215,270.0
2018-05-10 16:58:40+00:00,9.187113,270.0
2018-05-10 16:58:50+00:00,10.779931,270.0
2018-05-10 16:59:00+00:00,9.5626745,270.0
2018-05-10 16:59:10+00:00,10.211149,270.0
2018-05-10 16:59:20+00:00,9.127812,270.0
2018-05-10 16:59:30+00:00,10.092858,270.0
2018-05-10 16:59:40+00:00,9.701205,270.0
2018-05-10 16:59:50+00:00,9.967147,270.0
2018-05-10 17:00:00+00:00,10.232258,270.0
2018-05-10 17:00:10+00:00,11.327555,270.0
2018-05-10 17:00:20+00:00,9.246904,270.0
2018-05-10 17:00:30+00:00,11.148933,270.0
2018-05-10 17:00:40+00:00,11.583316,270.0
2018-05-10 17:00:50+00:00,11.647588,270.0
2018-05-10 17:01:00+00:00,10.618,270.0
2018-05-10 17:01:10+00:00,11.132254,270.0
2018-05-10 17:01:20+00:00,10.5276985,270.0
2018-05-10 17:01:30+00:00,10.55307,270.0
2018-05-10 17:01:40+00:00,9.712913,270.0
2018-05-10 17:01:50+00:00,9.717438,270.0
2018-05-10 17:02:00+00:00,9.977121,270.0
2018-05-10 17:02:10+00:00,9.819703,270.0
2018-05-10 17:02:20+00:00,11.377675,270.0
2018-05-10 17:02:30+00:00,10.199407,270.0
2018-05-10 17:02:40+00:00,9.249242,270.0
2018-05-10 17:02:50+00:00,9.455926,270.0
2018-05-10 17:03:00+00:00,9.70799,270.0
2018-05-10 17:03:10+00:00,9.898632,270.0
2018-05-10 17:03:20+00:00,10.888489,270.0
2018-05-10 17:03:30+00:00,8.994008,270.0
2018-05-10 17:03:40+00:00,11.410568,270.0
2018-05-10 17:03:50+00:00,9.978456,270.0
2018-05-10 17:04:00+00:00,11.711359,270.0
2018-05-10 17:04:10+00:00,10.651169,270.0
2018-05-10 17:04:20+00:00,9.507843,270.0
2018-05-10 17:04:30+00:00,8.605824,270.0
2018-05-10 17:04:40+00:00,8.626984,270.0
2018-05-10 17:04:50+00:00,11.26353,270.0
2018-05-10 17:05:00+00:00,9.566494,270.0
2018-05-10 17:05:10+00:00,11.078855,270.0
2018-05-10 17:05:20+00:00,10.659802,270.0
2018-05-10 17:05:30+00:00,10.47288,270.0
2018-05-10 17:05:40+00:00,10.206826,270.0
2018-05-10 17:05:50+00:00,9.148185,270.0
2018-05-10 17:06:00+00:00,11.239036,270.0
2018-05-10 17:06:10+00:00,8.73058,270.0
2018-05-10 17:06:20+00:00,9.041651,270.0
2018-05-10 17:06:30+00:00,9.494356,270.0
2018-05-10 17:06:40+00:00,9.909156,270.0
2018-05-10 17:06:50+00:00,9.289531,270.0
2018-05-10 17:07:00+00:00,11.18738,270.0
2018-05-10 17:07:10+00:00,8.671282,270.0
2018-05-10 17:07:20+00:00,8.470582,270.0
2018-05-10 17:07:30+00:00,10.066007,270.0
2018-05-10 17:07:40+00:00,9.393575,270.0
2018-05-10 17:07:50+00:00,9.070788,270.0
2018-05-10 17:08:00+00:00,10.23865,270.0
2018-05-10 17:08:10+00:00,8.935159,270.0
2018-05-10 17:08:20+00:00,9.132815,270.0
2018-05-10 17:08:30+00:00,9.755709,270.0
2018-05-10 17:08:40+00:00,11.742449,270.0
2018-05-10 17:08:50+00:00,8.414041,270.0
2018-05-10 17:09:00+00:00,9.794499,270.0
2018-05-10 17:09:10+00:00,10.015733,270.0
2018-05-10 17:09:20+00:00,9.67115,270.0
2018-05-10 17:09:30+00:00,9.781525,270.0
2018-05-10 17:09:40+00:00,10.467534,270.0
2018-05-10 17:09:50+00:00,9.21884,270.0
2018-05-10 17:10:00+00:00,9.316337,270.0
2018-05-10 17:10:10+00:00,10.287925,270.0
2018-05-10 17:10:20+00:00,10.601748,270.0
2018-05-10 17:10:30+00:00,11.316876,270.0
2018-05-10 17:10:40+00:00,11.429466,270.0
2018-05-10 17:10:50+00:00,9.977763,270.0
2018-05-10 17:11:00+00:00,12.687881,270.0
2018-05-10 17:11:10+00:00,10.022105,270.0
2018-05-10 17:11:20+00:00,9.66533,270.0
2018-05-10 17:11:30+00:00,9.597005,270.0
2018-05-10 17:11:40+00:00,9.401398,270.0
2018-05-10 17:11:50+00:00,11.4691925,270.0
2018-05-10 17:12:00+00:00,10.740785,270.0
2018-05-10 17:12:10+00:00,10.385024,270.0
2018-05-10 17:12:20+00:00,8.687028,270.0
2018-05-10 17:12:30+00:00,10.130005,270.0
2018-05-10 17:12:40+00:00,10.098711,270.0
2018-05-10 17:12:50+00:00,9.458328,270.0
2018-05-10 17:13:00+00:00,10.375784,270.0
2018-05-10 17:13:10+00:00,9.605689,270.0
2018-05-10 17:13:20+00:00,10.547167,270.0
2018-05-10 17:13:30+00:00,9.218578,270.0
2018-05-10 17:13:40+00:00,8.913213,270.0
2018-05-10 17:13:50+00:00,10.079038,270.0
2018-05-10 17:14:00+00:00,9.920824,270.0
2018-05-10 17:14:10+00:00,10.686354,270.0
2018-05-10 17:14:20+00:00,9.612668,270.0
2018-05-10 17:14:30+00:00,10.328939,270.0
2018-05-10 17:14:40+00:00,10.977333,270.0
2018-05-10 17:14:50+00:00,10.89871,270.0
2018-05-10 17:15:00+00:00,11.382769,270.0
2018-05-10 17:15:10+00:00,9.744235,270.0
2018-05-10 17:15:20+00:00,11.091885,270.0
2018-05-10 17:15:30+00:00,11.117358,270.0
2018-05-10 17:15:40+00:00,11.370704,270.0
2018-05-10 17:15:50+00:00,9.578906,270.0
2018-05-10 17:16:00+00:00,6.6499076,270.0
2018-05-10 17:16:10+00:00,9.901523,270.0
2018-05-10 17:16:20+00:00,10.291289,270.0
2018-05-10 17:16:30+00:00,9.371455,270.0
2018-05-10 17:16:40+00:00,10.792077,270.0
2018-05-10 17:16:50+00:00,11.468519,270.0
2018-05-10 17:17:00+00:00,9.874328,270.0
2018-05-10 17:17:10+00:00,11.058302,270.0
2018-05-10 17:17:20+00:00,7.379794,270.0
2018-05-10 17:17:30+00:00,9.458384,270.0
2018-05-10 17:17:40+00:00,10.297941,270.0
2018-05-10 17:17:50+00:00,10.154998,270.0
2018-05-10 17:18:00+00:00,8.308891,270.0
2018-05-10 17:18:10+00:00,8.613421,270.0
2018-05-10 17:18:20+00:00,9.732521,270.0
2018-05-10 17:18:30+00:00,9.610627,270.0
2018-05-10 17:18:40+00:00,10.031311,270.0
2018-05-10 17:18:50+00:00,10.147163,270.0
2018-05-10 17:19:00+00:00,11.021554,270.0
2018-05-10 17:19:10+00:00,10.180729,270.0
2018-05-10 17:19:20+00:00,12.137628,270.0
2018-05-10 17:19:30+00:00,10.671032,270.0
2018-05-10 17:19:40+00:00,9.01626,270.0
2018-05-10 17:19:50+00:00,10.163633,270.0
2018-05-10 17:20:00+00:00,8.867544,270.0
2018-05-10 17:20:10+00:00,11.405005,270.0
2018-05-10 17:20:20+00:00,11.344899,270.0
2018-05-10 17:20:30+00:00,10.459353,270.0
2018-05-10 17:20:40+00:00,10.193858,270.0
2018-05-10 17:20:50+00:00,10.265369,270.0
2018-05-10 17:21:00+00:00,11.230221,270.0
2018-05-10 17:21:10+00:00,10.052346,270.0
2018-05-10 17:21:20+00:00,10.80252,270.0
2018-05-10 17:21:30+00:00,9.308675,270.0
2018-05-10 17:21:40+00:00,10.654947,270.0
2018-05-10 17:21:50+00:00,10.108529,270.0
2018-05-10 17:22:00+00:00,10.048428,270.0
2018-05-10 17:22:10+00:00,10.021057,270.0
2018-05-10 17:22:20+00:00,8.82954,270.0
2018-05-10 17:22:30+00:00,10.173935,270.0
2018-05-10 17:22:40+00:00,9.649234,270.0
2018-05-10 17:22:50+00:00,12.322078,270.0
2018-05-10 17:23:00+00:00,10.555528,270.0
2018-05-10 17:23:10+00:00,9.574039,270.0
2018-05-10 17:23:20+00:00,9.643624,270.0
2018-05-10 17:23:30+00:00,11.455558,270.0
2018-05-10 17:23:40+00:00,11.747606,270.0
2018-05-10 17:23:50+00:00,10.611922,270.0
2018-05-10 17:24:00+00:00,9.998062,270.0
2018-05-10 17:24:10+00:00,10.417698,270.0
2018-05-10 17:24:20+00:00,10.264203,270.0
2018-05-10 17:24:30+00:00,8.684436,270.0
2018-05-10 17:24:40+00:00,9.798158,270.0
2018-05-10 17:24:50+00:00,8.939373,270.0
2018-05-10 17:25:00+00:00,9.856832,270.0
2018-05-10 17:25:10+00:00,9.817918,270.0
2018-05-10 17:25:20+00:00,11.583286,270.0
2018-05-10 17:25:30+00:00,12.045487,270.0
2018-05-10 17:25:40+00:00,10.870732,270.0
2018-05-10 17:25:50+00:00,10.491614,270.0
2018-05-10 17:26:00+00:00,10.368965,270.0
2018-05-10 17:26:10+00:00,10.431889,270.0
2018-05-10 17:26:20+00:00,10.599488,270.0
2018-05-10 17:26:30+00:00,8.719912,270.0
2018-05-10 17:26:40+00:00,8.613111,270.0
2018-05-10 17:26:50+00:00,8.80234,270.0
2018-05-10 17:27:00+00:00,9.836466,270.0
2018-05-10 17:27:10+00:00,11.075024,270.0
2018-05-10 17:27:20+00:00,11.772877,270.0
2018-05-10 17:27:30+00:00,11.197124,270.0
2018-05-10 17:27:40+00:00,11.15694,270.0
2018-05-10 17:27:50+00:00,11.011401,270.0
2018-05-10 17:28:00+00:00,11.173574,270.0
2018-05-10 17:28:10+00:00,10.919482,270.0
2018-05-10 17:28:20+00:00,10.387592,270.0
2018-05-10 17:28:30+00:00,10.234818,270.0
2018-05-10 17:28:40+00:00,9.669762,270.0
2018-05-10 17:28:50+00:00,9.563225,270.0
2018-05-10 17:29:00+00:00,10.346388,270.0
2018-05-10 17:29:10+00:00,11.916094,270.0
2018-05-10 17:29:20+00:00,11.269534,270.0
2018-05-10 17:29:30+00:00,11.783358,270.0
2018-05-10 17:29:40+00:00,10.574598,270.0
2018-05-10 17:29:50+00:00,9.93505,270.0
2018-05-10 17:30:00+00:00,8.849318,270.0
2018-05-10 17:30:10+00:00,9.708024,270.0
2018-05-10 17:30:20+00:00,9.436737,270.0
2018-05-10 17:30:30+00:00,9.789991,270.0
2018-05-10 17:30:40+00:00,8.716376,270.0
2018-05-10 17:30:50+00:00,10.593788,270.0
2018-05-10 17:31:00+00:00,10.695044,270.0
2018-05-10 17:31:10+00:00,10.166741,270.0
2018-05-10 17:31:20+00:00,10.632332,270.0
2018-05-10 17:31:30+00:00,9.921798,270.0
2018-05-10 17:31:40+00:00,10.728721,270.0
2018-05-10 17:31:50+00:00,9.261109,270.0
2018-05-10 17:32:00+00:00,10.323134,270.0
2018-05-10 17:32:10+00:00,10.515681,270.0
2018-05-10 17:32:20+00:00,11.362027,270.0
2018-05-10 17:32:30+00:00,10.492629,270.0
2018-05-10 17:32:40+00:00,12.15197,270.0
2018-05-10 17:32:50+00:00,10.873592,270.0
2018-05-10 17:33:00+00:00,9.475407,270.0
2018-05-10 17:33:10+00:00,9.201544,270.0
2018-05-10 17:33:20+00:00,11.70235,270.0
2018-05-10 17:33:30+00:00,10.109199,270.0
2018-05-10 17:33:40+00:00,8.519568,270.0
2018-05-10 17:33:50+00:00,10.159392,270.0
2018-05-10 17:34:00+00:00,8.694041,270.0
2018-05-10 17:34:10+00:00,9.8520975,270.0
2018-05-10 17:34:20+00:00,9.828579,270.0
2018-05-10 17:34:30+00:00,10.822457,270.0
2018-05-10 17:34:40+00:00,9.368368,270.0
2018-05-10 17:34:50+00:00,11.154343,270.0
2018-05-10 17:35:00+00:00,10.1956835,270.0
2018-05-10 17:35:10+00:00,9.963925,270.0
2018-05-10 17:35:20+00:00,10.323326,270.0
2018-05-10 17:35:30+00:00,12.458108,270.0
2018-05-10 17:35:40+00:00,10.228308,270.0
2018-05-10 17:35:50+00:00,10.768979,270.0
2018-05-10 17:36:00+00:00,7.5069175,270.0
2018-05-10 17:36:10+00:00,12.014487,270.0
2018-05-10 17:36:20+00:00,10.012796,270.0
2018-05-10 17:36:30+00:00,10.509009,270.0
2018-05-10 17:36:40+00:00,11.585339,270.0
2018-05-10 17:36:50+00:00,9.996089,270.0
2018-05-10 17:37:00+00:00,11.619311,270.0
2018-05-10 17:37:10+00:00,10.862302,270.0
2018-05-10 17:37:20+00:00,10.713902,270.0
2018-05-10 17:37:30+00:00,9.46265,270.0
2018-05-10 17:37:40+00:00,9.4892845,270.0
2018-05-10 17:37:50+00:00,11.396092,270.0
2018-05-10 17:38:00+00:00,9.563883,270.0
2018-05-10 17:38:10+00:00,10.607443,270.0
2018-05-10 17:38:20+00:00,9.919161,270.0
2018-05-10 17:38:30+00:00,10.559885,270.0
2018-05-10 17:38:40+00:00,12.073612,270.0
2018-05-10 17:38:50+00:00,11.530031,270.0
2018-05-10 17:39:00+00:00,10.907871,270.0
2018-05-10 17:39:10+00:00,9.647009,270.0
2018-05-10 17:39:20+00:00,10.816616,270.0
2018-05-10 17:39:30+00:00,12.882435,270.0
2018-05-10 17:39:40+00:00,9.513243,270.0
2018-05-10 17:39:50+00:00,9.103676,270.0
2018-05-10 17:40:00+00:00,8.833665,270.0
2018-05-10 17:40:10+00:00,10.899582,270.0
2018-05-10 17:40:20+00:00,10.475965,270.0
2018-05-10 17:40:30+00:00,11.176501,270.0
2018-05-10 17:40:40+00:00,10.771365,270.0
2018-05-10 17:40:50+00:00,11.342844,270.0
2018-05-10 17:41:00+00:00,10.27129,270.0
2018-05-10 17:41:10+00:00,10.1615505,270.0
2018-05-10 17:41:20+00:00,9.305501,270.0
2018-05-10 17:41:30+00:00,10.942933,270.0
2018-05-10 17:41:40+00:00,10.044674,270.0
2018-05-10 17:41:50+00:00,10.590769,270.0
2018-05-10 17:42:00+00:00,10.309494,270.0
2018-05-10 17:42:10+00:00,11.5504465,270.0
2018-05-10 17:42:20+00:00,10.464413,270.0
2018-05-10 17:42:30+00:00,10.242275,270.0
2018-05-10 17:42:40+00:00,11.96217,270.0
2018-05-10 17:42:50+00:00,11.03617,270.0
2018-05-10 17:43:00+00:00,10.115701,270.0
2018-05-10 17:43:10+00:00,10.207243,270.0
2018-05-10 17:43:20+00:00,10.579763,270.0
2018-05-10 17:43:30+00:00,8.887898,270.0
2018-05-10 17:43:40+00:00,12.096296,270.0
2018-05-10 17:43:50+00:00,11.399051,270.0
2018-05-10 17:44:00+00:00,8.858845,270.0
2018-05-10 17:44:10+00:00,10.444446,270.0
2018-05-10 17:44:20+00:00,9.657507,270.0
2018-05-10 17:44:30+00:00,9.613126,270.0
2018-05-10 17:44:40+00:00,10.589561,270.0
2018-05-10 17:44:50+00:00,10.244331,270.0
2018-05-10 17:45:00+00:00,10.67207,270.0
2018-05-10 17:45:10+00:00,10.009568,270.0
2018-05-10 17:45:20+00:00,10.478013,270.0
2018-05-10 17:45:30+00:00,9.594343,270.0
2018-05-10 17:45:40+00:00,9.880185,270.0
2018-05-10 17:45:50+00:00,12.704962,270.0
2018-05-10 17:46:00+00:00,10.432824,270.0
2018-05-10 17:46:10+00:00,11.798159,270.0
2018-05-10 17:46:20+00:00,9.055694,270.0
2018-05-10 17:46:30+00:00,11.590655,270.0
2018-05-10 17:46:40+00:00,10.71586,270.0
2018-05-10 17:46:50+00:00,11.856832,270.0
2018-05-10 17:47:00+00:00,9.851952,270.0
2018-05-10 17:47:10+00:00,8.932922,270.0
2018-05-10 17:47:20+00:00,9.091369,270.0
2018-05-10 17:47:30+00:00,10.222123,270.0
2018-05-10 17:47:40+00:00,10.256639,270.0
2018-05-10 17:47:50+00:00,10.832523,270.0
2018-05-10 17:48:00+00:00,11.481951,270.0
2018-05-10 17:48:10+00:00,9.047901,270.0
2018-05-10 17:48:20+00:00,10.311658,270.0
2018-05-10 17:48:30+00:00,11.533881,270.0
2018-05-10 17:48:40+00:00,10.749395,270.0
2018-05-10 17:48:50+00:00,11.1284075,270.0
2018-05-10 17:49:00+00:00,9.734518,270.0
2018-05-10 17:49:10+00:00,12.278086,270.0
2018-05-10 17:49:20+00:00,12.418707,270.0
2018-05-10 17:49:30+00:00,11.087671,270.0
2018-05-10 17:49:40+00:00,11.709514,270.0
2018-05-10 17:49:50+00:00,9.75245,270.0
2018-05-10 17:50:00+00:00,10.0588045,270.0
2018-05-10 17:50:10+00:00,12.40408,270.0
2018-05-10 17:50:20+00:00,11.548574,270.0
2018-05-10 17:50:30+00:00,11.525117,270.0
2018-05-10 17:50:40+00:00,12.404607,270.0
2018-05-10 17:50:50+00:00,10.399095,270.0
2018-05-10 17:51:00+00:00,13.152916,270.0
2018-05-10 17:51:10+00:00,12.009905,270.0
2018-05-10 17:51:20+00:00,10.867296,270.0
2018-05-10 17:51:30+00:00,11.978727,270.0
2018-05-10 17:51:40+00:00,11.461272,270.0
2018-05-10 17:51:50+00:00,9.991671,270.0
2018-05-10 17:52:00+00:00,10.832013,270.0
2018-05-10 17:52:10+00:00,11.601903,270.0
2018-05-10 17:52:20+00:00,11.200408,270.0
2018-05-10 17:52:30+00:00,10.234151,270.0
2018-05-10 17:52:40+00:00,10.941162,270.0
2018-05-10 17:52:50+00:00,9.675222,270.0
2018-05-10 17:53:00+00:00,10.774208,270.0
2018-05-10 17:53:10+00:00,12.639507,270.0
2018-05-10 17:53:20+00:00,11.184041,270.0
2018-05-10 17:53:30+00:00,10.643701,270.0
2018-05-10 17:53:40+00:00,13.192104,270.0
2018-05-10 17:53:50+00:00,9.701448,270.0
2018-05-10 17:54:00+00:00,12.875109,270.0
2018-05-10 17:54:10+00:00,8.283051,270.0
2018-05-10 17:54:20+00:00,9.292788,270.0
2018-05-10 17:54:30+00:00,11.278397,270.0
2018-05-10 17:54:40+00:00,10.99214,270.0
2018-05-10 17:54:50+00:00,10.905687,270.0
2018-05-10 17:55:00+00:00,11.609678,270.0
2018-05-10 17:55:10+00:00,10.591907,270.0
2018-05-10 17:55:20+00:00,10.969709,270.0
2018-05-10 17:55:30+00:00,11.421184,270.0
2018-05-10 17:55:40+00:00,10.516271,270.0
2018-05-10 17:55:50+00:00,11.663788,270.0
2018-05-10 17:56:00+00:00,11.28273,270.0
2018-05-10 17:56:10+00:00,9.311702,270.0
2018-05-10 17:56:20+00:00,12.2032,270.0
2018-05-10 17:56:30+00:00,13.010654,270.0
2018-05-10 17:56:40+00:00,8.778512,270.0
2018-05-10 17:56:50+00:00,12.964016,270.0
2018-05-10 17:57:00+00:00,10.641582,270.0
2018-05-10 17:57:10+00:00,11.217931,270.0
2018-05-10 17:57:20+00:00,11.442517,270.0
2018-05-10 17:57:30+00:00,10.684768,270.0
2018-05-10 17:57:40+00:00,11.613778,270.0
2018-05-10 17:57:50+00:00,11.393863,270.0
2018-05-10 17:58:00+00:00,10.526544,270.0
2018-05-10 17:58:10+00:00,12.135761,270.0
2018-05-10 17:58:20+00:00,12.29635,270.0
2018-05-10 17:58:30+00:00,10.653801,270.0
2018-05-10 17:58:40+00:00,9.962794,270.0
2018-05-10 17:58:50+00:00,9.601365,270.0
2018-05-10 17:59:00+00:00,10.601249,270.0
2018-05-10 17:59:10+00:00,11.056911,270.0
2018-05-10 17:59:20+00:00,11.242303,270.0
2018-05-10 17:59:30+00:00,12.617418,270.0
2018-05-10 17:59:40+00:00,11.159504,270.0
2018-05-10 17:59:50+00:00,11.5652685,270.0
2018-05-10 18:00:00+00:00,12.806935,270.0
2018-05-10 18:00:10+00:00,11.481921,270.0
2018-05-10 18:00:20+00:00,12.191246,270.0
2018-05-10 18:00:30+00:00,12.373457,270.0
2018-05-10 18:00:40+00:00,11.49621,270.0
2018-05-10 18:00:50+00:00,9.257785,270.0
2018-05-10 18:01:00+00:00,11.802221,270.0
2018-05-10 18:01:10+00:00,9.963626,270.0
2018-05-10 18:01:20+00:00,11.394163,270.0
2018-05-10 18:01:30+00:00,11.630173,270.0
2018-05-10 18:01:40+00:00,12.449129,270.0
2018-05-10 18:01:50+00:00,11.215232,270.0
2018-05-10 18:02:00+00:00,11.56857,270.0
2018-05-10 18:02:10+00:00,10.860898,270.0
2018-05-10 18:02:20+00:00,11.125391,270.0
2018-05-10 18:02:30+00:00,10.518534,270.0
2018-05-10 18:02:40+00:00,11.986846,270.0
2018-05-10 18:02:50+00:00,11.346545,270.0
2018-05-10 18:03:00+00:00,12.502933,270.0
2018-05-10 18:03:10+00:00,10.882475,270.0
2018-05-10 18:03:20+00:00,10.144184,270.0
2018-05-10 18:03:30+00:00,12.085365,270.0
2018-05-10 18:03:40+00:00,12.461487,270.0
2018-05-10 18:03:50+00:00,10.692415,270.0
2018-05-10 18:04:00+00:00,11.602761,270.0
2018-05-10 18:04:10+00:00,11.917521,270.0
2018-05-10 18:04:20+00:00,10.966304,270.0
2018-05-10 18:04:30+00:00,12.235637,270.0
2018-05-10 18:04:40+00:00,10.759109,270.0
2018-05-10 18:04:50+00:00,10.624291,270.0
2018-05-10 18:05:00+00:00,11.22604,270.0
2018-05-10 18:05:10+00:00,11.957354,270.0
2018-05-10 18:05:20+00:00,12.514431,270.0
2018-05-10 18:05:30+00:00,10.877444,270.0
2018-05-10 18:05:40+00:00,11.670763,270.0
2018-05-10 18:05:50+00:00,10.929871,270.0
2018-05-10 18:06:00+00:00,8.9699745,270.0
2018-05-10 18:06:10+00:00,12.04009,270.0
2018-05-10 18:06:20+00:00,11.514636,270.0
2018-05-10 18:06:30+00:00,12.388877,270.0
2018-05-10 18:06:40+00:00,10.763356,270.0
2018-05-10 18:06:50+00:00,14.268697,270.0
2018-05-10 18:07:00+00:00,10.506136,270.0
2018-05-10 18:07:10+00:00,11.3602295,270.0
2018-05-10 18:07:20+00:00,11.837894,270.0
2018-05-10 18:07:30+00:00,13.104933,270.0
2018-05-10 18:07:40+00:00,10.673436,270.0
2018-05-10 18:07:50+00:00,12.541616,270.0
2018-05-10 18:08:00+00:00,10.387385,270.0
2018-05-10 18:08:10+00:00,11.164058,270.0
2018-05-10 18:08:20+00:00,9.594418,270.0
2018-05-10 18:08:30+00:00,10.326011,270.0
2018-05-10 18:08:40+00:00,10.917424,270.0
2018-05-10 18:08:50+00:00,12.728471,270.0
2018-05-10 18:09:00+00:00,11.196818,270.0
2018-05-10 18:09:10+00:00,12.334415,270.0
2018-05-10 18:09:20+00:00,11.318218,270.0
2018-05-10 18:09:30+00:00,11.953333,270.0
2018-05-10 18:09:40+00:00,11.270579,270.0
2018-05-10 18:09:50+00:00,9.377294,270.0
2018-05-10 18:10:00+00:00,13.729006,270.0
2018-05-10 18:10:10+00:00,11.583119,270.0
2018-05-10 18:10:20+00:00,11.031356,270.0
2018-05-10 18:10:30+00:00,12.671095,270.0
2018-05-10 18:10:40+00:00,11.602164,270.0
2018-05-10 18:10:50+00:00,12.242457,270.0
2018-05-10 18:11:00+00:00,12.249365,270.0
2018-05-10 18:11:10+00:00,10.286,270.0
2018-05-10 18:11:20+00:00,11.784138,270.0
2018-05-10 18:11:30+00:00,13.181158,270.0
2018-05-10 18:11:40+00:00,11.646085,270.0
2018-05-10 18:11:50+00:00,10.4187,270.0
2018-05-10 18:12:00+00:00,10.982341,270.0
2018-05-10 18:12:10+00:00,12.970776,270.0
2018-05-10 18:12:20+00:00,11.958144,270.0
2018-05-10 18:12:30+00:00,11.886041,270.0
2018-05-10 18:12:40+00:00,9.731411,270.0
2018-05-10 18:12:50+00:00,11.551097,270.0
2018-05-10 18:13:00+00:00,13.765187,270.0
2018-05-10 18:13:10+00:00,11.9088745,270.0
2018-05-10 18:13:20+00:00,11.227745,270.0
2018-05-10 18:13:30+00:00,12.290043,270.0
2018-05-10 18:13:40+00:00,11.280682,270.0
2018-05-10 18:13:50+00:00,11.633639,270.0
2018-05-10 18:14:00+00:00,10.931043,270.0
2018-05-10 18:14:10+00:00,10.034964,270.0
2018-05-10 18:14:20+00:00,10.259868,270.0
2018-05-10 18:14:30+00:00,9.856221,270.0
2018-05-10 18:14:40+00:00,8.402049,270.0
2018-05-10 18:14:50+00:00,12.095893,270.0
2018-05-10 18:15:00+00:00,11.402404,270.0
2018-05-10 18:15:10+00:00,13.37657,270.0
2018-05-10 18:15:20+00:00,10.834018,270.0
2018-05-10 18:15:30+00:00,12.423741,270.0
2018-05-10 18:15:40+00:00,10.29697,270.0
2018-05-10 18:15:50+00:00,12.048523,270.0
2018-05-10 18:16:00+00:00,11.70493,270.0
2018-05-10 18:16:10+00:00,11.526936,270.0
2018-05-10 18:16:20+00:00,11.0984125,270.0
2018-05-10 18:16:30+00:00,11.64776,270.0
2018-05-10 18:16:40+00:00,13.736967,270.0
2018-05-10 18:16:50+00:00,12.501086,270.0
2018-05-10 18:17:00+00:00,12.343863,270.0
2018-05-10 18:17:10+00:00,10.373553,270.0
2018-05-10 18:17:20+00:00,11.506583,270.0
2018-05-10 18:17:30+00:00,10.894194,270.0
2018-05-10 18:17:40+00:00,12.616178,270.0
2018-05-10 18:17:50+00:00,13.362582,270.0
2018-05-10 18:18:00+00:00,11.636549,270.0
2018-05-10 18:18:10+00:00,10.552164,270.0
2018-05-10 18:18:20+00:00,13.025342,270.0
2018-05-10 18:18:30+00:00,9.253804,270.0
2018-05-10 18:18:40+00:00,13.220768,270.0
2018-05-10 18:18:50+00:00,10.771244,270.0
2018-05-10 18:19:00+00:00,12.258048,270.0
2018-05-10 18:19:10+00:00,11.79925,270.0
2018-05-10 18:19:20+00:00,11.262239,270.0
2018-05-10 18:19:30+00:00,11.88544,270.0
2018-05-10 18:19:40+00:00,11.633227,270.0
2018-05-10 18:19:50+00:00,11.643414,270.0
2018-05-10 18:20:00+00:00,13.464392,270.0
2018-05-10 18:20:10+00:00,11.668588,270.0
2018-05-10 18:20:20+00:00,12.771028,270.0
2018-05-10 18:20:30+00:00,11.861342,270.0
2018-05-10 18:20:40+00:00,13.017912,270.0
2018-05-10 18:20:50+00:00,11.497276,270.0
2018-05-10 18:21:00+00:00,12.99875,270.0
2018-05-10 18:21:10+00:00,12.947891,270.0
2018-05-10 18:21:20+00:00,11.2304735,270.0
2018-05-10 18:21:30+00:00,13.14358,270.0
2018-05-10 18:21:40+00:00,12.164676,270.0
2018-05-10 18:21:50+00:00,12.527424,270.0
2018-05-10 18:22:00+00:00,11.830032,270.0
2018-05-10 18:22:10+00:00,12.246995,270.0
2018-05-10 18:22:20+00:00,10.277131,270.0
2018-05-10 18:22:30+00:00,12.13924,270.0
2018-05-10 18:22:40+00:00,10.620954,270.0
2018-05-10 18:22:50+00:00,11.19237,270.0
2018-05-10 18:23:00+00:00,11.315722,270.0
2018-05-10 18:23:10+00:00,10.364125,270.0
2018-05-10 18:23:20+00:00,11.442399,270.0
2018-05-10 18:23:30+00:00,10.097973,270.0
2018-05-10 18:23:40+00:00,10.309079,270.0
2018-05-10 18:23:50+00:00,10.180145,270.0
2018-05-10 18:24:00+00:00,13.531165,270.0
2018-05-10 18:24:10+00:00,13.719217,270.0
2018-05-10 18:24:20+00:00,11.877533,270.0
2018-05-10 18:24:30+00:00,10.739857,270.0
2018-05-10 18:24:40+00:00,12.341415,270.0
2018-05-10 18:24:50+00:00,11.367923,270.0
2018-05-10 18:25:00+00:00,10.342754,270.0
2018-05-10 18:25:10+00:00,12.364941,270.0
2018-05-10 18:25:20+00:00,11.704262,270.0
2018-05-10 18:25:30+00:00,11.61161,270.0
2018-05-10 18:25:40+00:00,11.886752,270.0
2018-05-10 18:25:50+00:00,11.905066,270.0
2018-05-10 18:26:00+00:00,11.934616,270.0
2018-05-10 18:26:10+00:00,11.241252,270.0
2018-05-10 18:26:20+00:00,12.591781,270.0
2018-05-10 18:26:30+00:00,11.999968,270.0
2018-05-10 18:26:40+00:00,11.175146,270.0
2018-05-10 18:26:50+00:00,12.290296,270.0
2018-05-10 18:27:00+00:00,10.898069,270.0
2018-05-10 18:27:10+00:00,13.397951,270.0
2018-05-10 18:27:20+00:00,11.1213045,270.0
2018-05-10 18:27:30+00:00,9.945421,270.0
2018-05-10 18:27:40+00:00,11.520379,270.0
2018-05-10 18:27:50+00:00,13.521374,270.0
2018-05-10 18:28:00+00:00,11.860833,270.0
2018-05-10 18:28:10+00:00,11.666237,270.0
2018-05-10 18:28:20+00:00,12.557182,270.0
2018-05-10 18:28:30+00:00,12.096731,270.0
2018-05-10 18:28:40+00:00,12.548791,270.0
2018-05-10 18:28:50+00:00,12.533672,270.0
2018-05-10 18:29:00+00:00,13.098437,270.0
2018-05-10 18:29:10+00:00,13.459206,270.0
2018-05-10 18:29:20+00:00,12.431956,270.0
2018-05-10 18:29:30+00:00,9.72589,270.0
2018-05-10 18:29:40+00:00,13.082444,270.0
2018-05-10 18:29:50+00:00,14.469652,270.0
2018-05-10 18:30:00+00:00,12.3448305,270.0
2018-05-10 18:30:10+00:00,13.666014,270.0
2018-05-10 18:30:20+00:00,9.799345,270.0
2018-05-10 18:30:30+00:00,10.517018,270.0
2018-05-10 18:30:40+00:00,12.062451,270.0
2018-05-10 18:30:50+00:00,13.648227,270.0
2018-05-10 18:31:00+00:00,11.872503,270.0
2018-05-10 18:31:10+00:00,11.907708,270.0
2018-05-10 18:31:20+00:00,11.293559,270.0
2018-05-10 18:31:30+00:00,11.507939,270.0
2018-05-10 18:31:40+00:00,11.999,270.0
2018-05-10 18:31:50+00:00,13.333289,270.0
2018-05-10 18:32:00+00:00,10.497957,270.0
2018-05-10 18:32:10+00:00,11.617846,270.0
2018-05-10 18:32:20+00:00,11.08409,270.0
2018-05-10 18:32:30+00:00,11.672067,270.0
2018-05-10 18:32:40+00:00,13.079954,270.0
2018-05-10 18:32:50+00:00,12.381349,270.0
2018-05-10 18:33:00+00:00,12.711872,270.0
2018-05-10 18:33:10+00:00,10.934271,270.0
2018-05-10 18:33:20+00:00,11.075047,270.0
2018-05-10 18:33:30+00:00,12.629415,270.0
2018-05-10 18:33:40+00:00,12.297953,270.0
2018-05-10 18:33:50+00:00,12.635707,270.0
2018-05-10 18:34:00+00:00,10.922391,270.0
2018-05-10 18:34:10+00:00,13.82679,270.0
2018-05-10 18:34:20+00:00,10.60056,270.0
2018-05-10 18:34:30+00:00,11.014281,270.0
2018-05-10 18:34:40+00:00,11.533671,270.0
2018-05-10 18:34:50+00:00,13.121511,270.0
2018-05-10 18:35:00+00:00,12.0321455,270.0
2018-05-10 18:35:10+00:00,12.924816,270.0
2018-05-10 18:35:20+00:00,11.00792,270.0
2018-05-10 18:35:30+00:00,11.60841,270.0
2018-05-10 18:35:40+00:00,11.403362,270.0
2018-05-10 18:35:50+00:00,11.949353,270.0
2018-05-10 18:36:00+00:00,13.053545,270.0
2018-05-10 18:36:10+00:00,12.860723,270.0
2018-05-10 18:36:20+00:00,12.101567,270.0
2018-05-10 18:36:30+00:00,12.081371,270.0
2018-05-10 18:36:40+00:00,12.586907,270.0
2018-05-10 18:36:50+00:00,9.661574,270.0
2018-05-10 18:37:00+00:00,13.1043215,270.0
2018-05-10 18:37:10+00:00,11.475127,270.0
2018-05-10 18:37:20+00:00,10.799914,270.0
2018-05-10 18:37:30+00:00,12.298941,270.0
2018-05-10 18:37:40+00:00,13.992215,270.0
2018-05-10 18:37:50+00:00,12.214608,270.0
2018-05-10 18:38:00+00:00,14.198693,270.0
2018-05-10 18:38:10+00:00,12.557374,270.0
2018-05-10 18:38:20+00:00,10.453016,270.0
2018-05-10 18:38:30+00:00,12.807218,270.0
2018-05-10 18:38:40+00:00,11.879142,270.0
2018-05-10 18:38:50+00:00,12.437858,270.0
2018-05-10 18:39:00+00:00,10.973414,270.0
2018-05-10 18:39:10+00:00,12.185297,270.0
2018-05-10 18:39:20+00:00,14.026648,270.0
2018-05-10 18:39:30+00:00,11.812293,270.0
2018-05-10 18:39:40+00:00,14.706093,270.0
2018-05-10 18:39:50+00:00,12.526981,270.0
2018-05-10 18:40:00+00:00,14.951797,270.0
2018-05-10 18:40:10+00:00,10.591479,270.0
2018-05-10 18:40:20+00:00,11.201934,270.0
2018-05-10 18:40:30+00:00,12.724162,270.0
2018-05-10 18:40:40+00:00,10.351165,270.0
2018-05-10 18:40:50+00:00,11.511337,270.0
2018-05-10 18:41:00+00:00,12.371978,270.0
2018-05-10 18:41:10+00:00,10.415357,270.0
2018-05-10 18:41:20+00:00,10.83749,270.0
2018-05-10 18:41:30+00:00,11.198805,270.0
2018-05-10 18:41:40+00:00,12.971269,270.0
2018-05-10 18:41:50+00:00,11.884489,270.0
2018-05-10 18:42:00+00:00,12.216867,270.0
2018-05-10 18:42:10+00:00,13.493577,270.0
2018-05-10 18:42:20+00:00,12.936846,270.0
2018-05-10 18:42:30+00:00,14.43812,270.0
2018-05-10 18:42:40+00:00,11.38894,270.0
2018-05-10 18:42:50+00:00,13.209161,270.0
2018-05-10 18:43:00+00:00,11.394824,270.0
2018-05-10 18:43:10+00:00,12.3842325,270.0
2018-05-10 18:43:20+00:00,12.324259,270.0
2018-05-10 18:43:30+00:00,12.552114,270.0
2018-05-10 18:43:40+00:00,10.866316,270.0
2018-05-10 18:43:50+00:00,13.317085,270.0
2018-05-10 18:44:00+00:00,13.332041,270.0
2018-05-10 18:44:10+00:00,13.51429,270.0
2018-05-10 18:44:20+00:00,13.730128,270.0
2018-05-10 18:44:30+00:00,14.239635,270.0
2018-05-10 18:44:40+00:00,12.328616,270.0
2018-05-10 18:44:50+00:00,14.091948,270.0
2018-05-10 18:45:00+00:00,13.798059,270.0
2018-05-10 18:45:10+00:00,12.519618,270.0
2018-05-10 18:45:20+00:00,12.695316,270.0
2018-05-10 18:45:30+00:00,11.826955,270.0
2018-05-10 18:45:40+00:00,13.354367,270.0
2018-05-10 18:45:50+00:00,14.829255,270.0
2018-05-10 18:46:00+00:00,12.234685,270.0
2018-05-10 18:46:10+00:00,12.684427,270.0
2018-05-10 18:46:20+00:00,11.143855,270.0
2018-05-10 18:46:30+00:00,12.190822,270.0
2018-05-10 18:46:40+00:00,12.994444,270.0
2018-05-10 18:46:50+00:00,13.929031,270.0
2018-05-10 18:47:00+00:00,13.208577,270.0
2018-05-10 18:47:10+00:00,12.638487,270.0
2018-05-10 18:47:20+00:00,11.840133,270.0
2018-05-10 18:47:30+00:00,12.023096,270.0
2018-05-10 18:47:40+00:00,13.663003,270.0
2018-05-10 18:47:50+00:00,12.580666,270.0
2018-05-10 18:48:00+00:00,12.424757,270.0
2018-05-10 18:48:10+00:00,12.1167145,270.0
2018-05-10 18:48:20+00:00,15.03505,270.0
2018-05-10 18:48:30+00:00,13.18668,270.0
2018-05-10 18:48:40+00:00,12.76621,270.0
2018-05-10 18:48:50+00:00,10.961577,270.0
2018-05-10 18:49:00+00:00,12.644123,270.0
2018-05-10 18:49:10+00:00,9.825781,270.0
2018-05-10 18:49:20+00:00,12.55402,270.0
2018-05-10 18:49:30+00:00,13.007711,270.0
2018-05-10 18:49:40+00:00,14.645914,270.0
2018-05-10 18:49:50+00:00,10.717704,270.0
2018-05-10 18:50:00+00:00,11.962081,270.0
2018-05-10 18:50:10+00:00,14.493738,270.0
2018-05-10 18:50:20+00:00,13.360634,270.0
2018-05-10 18:50:30+00:00,14.67666,270.0
2018-05-10 18:50:40+00:00,16.736336,270.0
2018-05-10 18:50:50+00:00,12.502027,270.0
2018-05-10 18:51:00+00:00,12.72406,270.0
2018-05-10 18:51:10+00:00,14.186004,270.0
2018-05-10 18:51:20+00:00,14.64915,270.0
2018-05-10 18:51:30+00:00,13.338702,270.0
2018-05-10 18:51:40+00:00,12.514165,270.0
2018-05-10 18:51:50+00:00,13.738931,270.0
2018-05-10 18:52:00+00:00,13.783147,270.0
2018-05-10 18:52:10+00:00,14.95493,270.0
2018-05-10 18:52:20+00:00,13.133762,270.0
2018-05-10 18:52:30+00:00,15.072393,270.0
2018-05-10 18:52:40+00:00,13.556994,270.0
2018-05-10 18:52:50+00:00,11.43921,270.0
2018-05-10 18:53:00+00:00,13.056199,270.0
2018-05-10 18:53:10+00:00,13.934776,270.0
2018-05-10 18:53:20+00:00,11.903646,270.0
2018-05-10 18:53:30+00:00,12.860062,270.0
2018-05-10 18:53:40+00:00,11.965264,270.0
2018-05-10 18:53:50+00:00,13.869804,270.0
2018-05-10 18:54:00+00:00,15.337398,270.0
2018-05-10 18:54:10+00:00,14.718888,270.0
2018-05-10 18:54:20+00:00,12.521168,270.0
2018-05-10 18:54:30+00:00,14.232134,270.0
2018-05-10 18:54:40+00:00,12.730792,270.0
2018-05-10 18:54:50+00:00,14.006841,270.0
2018-05-10 18:55:00+00:00,14.498372,270.0
2018-05-10 18:55:10+00:00,14.12902,270.0
2018-05-10 18:55:20+00:00,12.240325,270.0
2018-05-10 18:55:30+00:00,13.712243,270.0
2018-05-10 18:55:40+00:00,12.822495,270.0
2018-05-10 18:55:50+00:00,11.497187,270.0
2018-05-10 18:56:00+00:00,11.613338,270.0
2018-05-10 18:56:10+00:00,13.380556,270.0
2018-05-10 18:56:20+00:00,13.205299,270.0
2018-05-10 18:56:30+00:00,14.589217,270.0
2018-05-10 18:56:40+00:00,13.92044,270.0
2018-05-10 18:56:50+00:00,12.722082,270.0
2018-05-10 18:57:00+00:00,12.412026,270.0
2018-05-10 18:57:10+00:00,12.204435,270.0
2018-05-10 18:57:20+00:00,12.498863,270.0
2018-05-10 18:57:30+00:00,12.878949,270.0
2018-05-10 18:57:40+00:00,13.492955,270.0
2018-05-10 18:57:50+00:00,11.492227,270.0
2018-05-10 18:58:00+00:00,12.640996,270.0
2018-05-10 18:58:10+00:00,13.537378,270.0
2018-05-10 18:58:20+00:00,13.359164,270.0
2018-05-10 18:58:30+00:00,13.230236,270.0
2018-05-10 18:58:40+00:00,12.316789,270.0
2018-05-10 18:58:50+00:00,12.756854,270.0
2018-05-10 18:59:00+00:00,13.40118,270.0
2018-05-10 18:59:10+00:00,14.144183,270.0
2018-05-10 18:59:20+00:00,11.974805,270.0
2018-05-10 18:59:30+00:00,11.72153,270.0
2018-05-10 18:59:40+00:00,13.644262,270.0
2018-05-10 18:59:50+00:00,10.037926,270.0
2018-05-10 19:00:00+00:00,14.103929,270.0
2018-05-10 19:00:10+00:00,13.00932,270.0
2018-05-10 19:00:20+00:00,13.0161085,270.0
2018-05-10 19:00:30+00:00,12.664739,270.0
2018-05-10 19:00:40+00:00,12.814298,270.0
2018-05-10 19:00:50+00:00,12.880359,270.0
2018-05-10 19:01:00+00:00,12.248001,270.0
2018-05-10 19:01:10+00:00,13.938097,270.0
2018-05-10 19:01:20+00:00,12.653602,270.0
2018-05-10 19:01:30+00:00,14.048086,270.0
2018-05-10 19:01:40+00:00,12.052953,270.0
2018-05-10 19:01:50+00:00,12.771263,270.0
2018-05-10 19:02:00+00:00,13.097036,270.0
2018-05-10 19:02:10+00:00,13.714825,270.0
2018-05-10 19:02:20+00:00,12.301904,270.0
2018-05-10 19:02:30+00:00,12.880893,270.0
2018-05-10 19:02:40+00:00,12.7725115,270.0
2018-05-10 19:02:50+00:00,9.656353,270.0
2018-05-10 19:03:00+00:00,11.641822,270.0
2018-05-10 19:03:10+00:00,13.55322,270.0
2018-05-10 19:03:20+00:00,13.918561,270.0
2018-05-10 19:03:30+00:00,11.041155,270.0
2018-05-10 19:03:40+00:00,12.430482,270.0
2018-05-10 19:03:50+00:00,12.534565,270.0
2018-05-10 19:04:00+00:00,13.819846,270.0
2018-05-10 19:04:10+00:00,15.160216,270.0
2018-05-10 19:04:20+00:00,15.902396,270.0
2018-05-10 19:04:30+00:00,13.307155,270.0
2018-05-10 19:04:40+00:00,11.474107,270.0
2018-05-10 19:04:50+00:00,14.010472,270.0
2018-05-10 19:05:00+00:00,13.9206295,270.0
2018-05-10 19:05:10+00:00,12.2443695,270.0
2018-05-10 19:05:20+00:00,13.49453,270.0
2018-05-10 19:05:30+00:00,13.200992,270.0
2018-05-10 19:05:40+00:00,12.6396885,270.0
2018-05-10 19:05:50+00:00,11.674361,270.0
2018-05-10 19:06:00+00:00,14.955814,270.0
2018-05-10 19:06:10+00:00,14.032017,270.0
2018-05-10 19:06:20+00:00,13.088604,270.0
2018-05-10 19:06:30+00:00,13.671574,270.0
2018-05-10 19:06:40+00:00,13.3718405,270.0
2018-05-10 19:06:50+00:00,12.5600815,270.0
2018-05-10 19:07:00+00:00,11.329796,270.0
2018-05-10 19:07:10+00:00,11.349483,270.0
2018-05-10 19:07:20+00:00,13.0812,270.0
2018-05-10 19:07:30+00:00,13.624349,270.0
2018-05-10 19:07:40+00:00,13.547159,270.0
2018-05-10 19:07:50+00:00,12.018024,270.0
2018-05-10 19:08:00+00:00,13.105183,270.0
2018-05-10 19:08:10+00:00,13.495253,270.0
2018-05-10 19:08:20+00:00,14.19351,270.0
2018-05-10 19:08:30+00:00,13.613634,270.0
2018-05-10 19:08:40+00:00,13.53608,270.0
2018-05-10 19:08:50+00:00,13.397116,270.0
2018-05-10 19:09:00+00:00,13.679894,270.0
2018-05-10 19:09:10+00:00,12.722029,270.0
2018-05-10 19:09:20+00:00,13.528089,270.0
2018-05-10 19:09:30+00:00,12.836454,270.0
2018-05-10 19:09:40+00:00,13.5851345,270.0
2018-05-10 19:09:50+00:00,13.649083,270.0
2018-05-10 19:10:00+00:00,12.933565,270.0
2018-05-10 19:10:10+00:00,11.82887,270.0
2018-05-10 19:10:20+00:00,13.423255,270.0
2018-05-10 19:10:30+00:00,12.598117,270.0
2018-05-10 19:10:40+00:00,12.991202,270.0
2018-05-10 19:10:50+00:00,12.56333,270.0
2018-05-10 19:11:00+00:00,13.368364,270.0
2018-05-10 19:11:10+00:00,13.124047,270.0
2018-05-10 19:11:20+00:00,12.468421,270.0
2018-05-10 19:11:30+00:00,12.58577,270.0
2018-05-10 19:11:40+00:00,13.357034,270.0
2018-05-10 19:11:50+00:00,12.195125,270.0
2018-05-10 19:12:00+00:00,12.892055,270.0
2018-05-10 19:12:10+00:00,15.025437,270.0
2018-05-10 19:12:20+00:00,12.579835,270.0
2018-05-10 19:12:30+00:00,13.708974,270.0
2018-05-10 19:12:40+00:00,13.444372,270.0
2018-05-10 19:12:50+00:00,13.903427,270.0
2018-05-10 19:13:00+00:00,11.087688,270.0
2018-05-10 19:13:10+00:00,13.139546,270.0
2018-05-10 19:13:20+00:00,12.989119,270.0
2018-05-10 19:13:30+00:00,12.391228,270.0
2018-05-10 19:13:40+00:00,13.791691,270.0
2018-05-10 19:13:50+00:00,12.835591,270.0
2018-05-10 19:14:00+00:00,15.139405,270.0
2018-05-10 19:14:10+00:00,12.587413,270.0
2018-05-10 19:14:20+00:00,14.399863,270.0
2018-05-10 19:14:30+00:00,14.878454,270.0
2018-05-10 19:14:40+00:00,13.106111,270.0
2018-05-10 19:14:50+00:00,15.419509,270.0
2018-05-10 19:15:00+00:00,12.564812,270.0
2018-05-10 19:15:10+00:00,11.834789,270.0
2018-05-10 19:15:20+00:00,13.190164,270.0
2018-05-10 19:15:30+00:00,13.197204,270.0
2018-05-10 19:15:40+00:00,14.108267,270.0
2018-05-10 19:15:50+00:00,13.517617,270.0
2018-05-10 19:16:00+00:00,12.694341,270.0
2018-05-10 19:16:10+00:00,13.810822,270.0
2018-05-10 19:16:20+00:00,13.748792,270.0
2018-05-10 19:16:30+00:00,13.266863,270.0
2018-05-10 19:16:40+00:00,12.0749445,270.0
2018-05-10 19:16:50+00:00,15.289806,270.0
2018-05-10 19:17:00+00:00,12.801092,270.0
2018-05-10 19:17:10+00:00,14.613496,270.0
2018-05-10 19:17:20+00:00,14.666983,270.0
2018-05-10 19:17:30+00:00,15.166728,270.0
2018-05-10 19:17:40+00:00,14.089872,270.0
2018-05-10 19:17:50+00:00,12.83638,270.0
2018-05-10 19:18:00+00:00,13.438695,270.0
2018-05-10 19:18:10+00:00,13.560599,270.0
2018-05-10 19:18:20+00:00,14.592008,270.0
2018-05-10 19:18:30+00:00,13.311338,270.0
2018-05-10 19:18:40+00:00,12.99589,270.0
2018-05-10 19:18:50+00:00,14.492976,270.0
2018-05-10 19:19:00+00:00,12.22818,270.0
2018-05-10 19:19:10+00:00,12.567243,270.0
2018-05-10 19:19:20+00:00,13.34819,270.0
2018-05-10 19:19:30+00:00,13.770533,270.0
2018-05-10 19:19:40+00:00,11.240043,270.0
2018-05-10 19:19:50+00:00,13.842948,270.0
2018-05-10 19:20:00+00:00,14.151285,270.0
2018-05-10 19:20:10+00:00,13.290267,270.0
2018-05-10 19:20:20+00:00,11.966203,270.0
2018-05-10 19:20:30+00:00,12.748109,270.0
2018-05-10 19:20:40+00:00,15.503768,270.0
2018-05-10 19:20:50+00:00,13.969886,270.0
2018-05-10 19:21:00+00:00,13.865738,270.0
2018-05-10 19:21:10+00:00,13.294469,270.0
2018-05-10 19:21:20+00:00,14.040108,270.0
2018-05-10 19:21:30+00:00,13.123492,270.0
2018-05-10 19:21:40+00:00,14.024909,270.0
2018-05-10 19:21:50+00:00,14.130401,270.0
2018-05-10 19:22:00+00:00,13.886134,270.0
2018-05-10 19:22:10+00:00,13.084821,270.0
2018-05-10 19:22:20+00:00,10.48214,270.0
2018-05-10 19:22:30+00:00,13.826881,270.0
2018-05-10 19:22:40+00:00,12.681564,270.0
2018-05-10 19:22:50+00:00,13.368745,270.0
2018-05-10 19:23:00+00:00,13.143038,270.0
2018-05-10 19:23:10+00:00,11.6742735,270.0
2018-05-10 19:23:20+00:00,14.406978,270.0
2018-05-10 19:23:30+00:00,14.795021,270.0
2018-05-10 19:23:40+00:00,12.453382,270.0
2018-05-10 19:23:50+00:00,12.697808,270.0
2018-05-10 19:24:00+00:00,13.641199,270.0
2018-05-10 19:24:10+00:00,11.821001,270.0
2018-05-10 19:24:20+00:00,14.895294,270.0
2018-05-10 19:24:30+00:00,14.634949,270.0
2018-05-10 19:24:40+00:00,13.156886,270.0
2018-05-10 19:24:50+00:00,13.089423,270.0
2018-05-10 19:25:00+00:00,14.401905,270.0
2018-05-10 19:25:10+00:00,13.529238,270.0
2018-05-10 19:25:20+00:00,13.704376,270.0
2018-05-10 19:25:30+00:00,12.864823,270.0
2018-05-10 19:25:40+00:00,14.089472,270.0
2018-05-10 19:25:50+00:00,14.209315,270.0
2018-05-10 19:26:00+00:00,14.24671,270.0
2018-05-10 19:26:10+00:00,13.590859,270.0
2018-05-10 19:26:20+00:00,14.898319,270.0
2018-05-10 19:26:30+00:00,12.874346,270.0
2018-05-10 19:26:40+00:00,13.683742,270.0
2018-05-10 19:26:50+00:00,13.321031,270.0
2018-05-10 19:27:00+00:00,15.91459,270.0
2018-05-10 19:27:10+00:00,12.432405,270.0
2018-05-10 19:27:20+00:00,11.373838,270.0
2018-05-10 19:27:30+00:00,13.377515,270.0
2018-05-10 19:27:40+00:00,14.4963045,270.0
2018-05-10 19:27:50+00:00,12.221597,270.0
2018-05-10 19:28:00+00:00,15.468837,270.0
2018-05-10 19:28:10+00:00,13.214344,270.0
2018-05-10 19:28:20+00:00,13.315633,270.0
2018-05-10 19:28:30+00:00,11.250424,270.0
2018-05-10 19:28:40+00:00,14.398931,270.0
2018-05-10 19:28:50+00:00,13.549476,270.0
2018-05-10 19:29:00+00:00,12.933211,270.0
2018-05-10 19:29:10+00:00,11.904619,270.0
2018-05-10 19:29:20+00:00,12.300345,270.0
2018-05-10 19:29:30+00:00,15.232801,270.0
2018-05-10 19:29:40+00:00,12.802484,270.0
2018-05-10 19:29:50+00:00,12.765329,270.0
2018-05-10 19:30:00+00:00,14.843539,270.0
2018-05-10 19:30:10+00:00,13.115821,270.0
2018-05-10 19:30:20+00:00,14.778204,270.0
2018-05-10 19:30:30+00:00,14.184423,270.0
2018-05-10 19:30:40+00:00,12.983958,270.0
2018-05-10 19:30:50+00:00,10.693098,270.0
2018-05-10 19:31:00+00:00,13.454783,270.0
2018-05-10 19:31:10+00:00,15.057841,270.0
2018-05-10 19:31:20+00:00,13.62794,270.0
2018-05-10 19:31:30+00:00,13.390186,270.0
2018-05-10 19:31:40+00:00,14.61177,270.0
2018-05-10 19:31:50+00:00,13.676612,270.0
2018-05-10 19:32:00+00:00,16.362486,270.0
2018-05-10 19:32:10+00:00,14.573884,270.0
2018-05-10 19:32:20+00:00,16.097939,270.0
2018-05-10 19:32:30+00:00,14.091872,270.0
2018-05-10 19:32:40+00:00,13.081087,270.0
2018-05-10 19:32:50+00:00,15.106444,270.0
2018-05-10 19:33:00+00:00,12.455677,270.0
2018-05-10 19:33:10+00:00,13.777644,270.0
2018-05-10 19:33:20+00:00,14.745957,270.0
2018-05-10 19:33:30+00:00,13.192108,270.0
2018-05-10 19:33:40+00:00,14.121222,270.0
2018-05-10 19:33:50+00:00,13.759783,270.0
2018-05-10 19:34:00+00:00,13.490511,270.0
2018-05-10 19:34:10+00:00,13.437156,270.0
2018-05-10 19:34:20+00:00,13.262669,270.0
2018-05-10 19:34:30+00:00,15.680319,270.0
2018-05-10 19:34:40+00:00,14.052364,270.0
2018-05-10 19:34:50+00:00,13.835574,270.0
2018-05-10 19:35:00+00:00,14.699215,270.0
2018-05-10 19:35:10+00:00,14.625177,270.0
2018-05-10 19:35:20+00:00,13.727501,270.0
2018-05-10 19:35:30+00:00,12.418293,270.0
2018-05-10 19:35:40+00:00,14.105817,270.0
2018-05-10 19:35:50+00:00,12.723497,270.0
2018-05-10 19:36:00+00:00,13.914786,270.0
2018-05-10 19:36:10+00:00,13.945361,270.0
2018-05-10 19:36:20+00:00,11.949566,270.0
2018-05-10 19:36:30+00:00,14.251157,270.0
2018-05-10 19:36:40+00:00,14.207541,270.0
2018-05-10 19:36:50+00:00,13.810758,270.0
2018-05-10 19:37:00+00:00,13.215753,270.0
2018-05-10 19:37:10+00:00,12.770202,270.0
2018-05-10 19:37:20+00:00,13.368257,270.0
2018-05-10 19:37:30+00:00,11.997592,270.0
2018-05-10 19:37:40+00:00,14.542273,270.0
2018-05-10 19:37:50+00:00,14.620532,270.0
2018-05-10 19:38:00+00:00,13.906444,270.0
2018-05-10 19:38:10+00:00,13.670946,270.0
2018-05-10 19:38:20+00:00,12.872443,270.0
2018-05-10 19:38:30+00:00,14.46037,270.0
2018-05-10 19:38:40+00:00,14.12317,270.0
2018-05-10 19:38:50+00:00,12.997076,270.0
2018-05-10 19:39:00+00:00,14.191799,270.0
2018-05-10 19:39:10+00:00,12.254868,270.0
2018-05-10 19:39:20+00:00,12.236183,270.0
2018-05-10 19:39:30+00:00,13.43642,270.0
2018-05-10 19:39:40+00:00,14.304443,270.0
2018-05-10 19:39:50+00:00,11.797996,270.0
2018-05-10 19:40:00+00:00,13.342202,270.0
2018-05-10 19:40:10+00:00,15.312834,270.0
2018-05-10 19:40:20+00:00,14.040917,270.0
2018-05-10 19:40:30+00:00,14.814936,270.0
2018-05-10 19:40:40+00:00,13.14859,270.0
2018-05-10 19:40:50+00:00,13.7190275,270.0
2018-05-10 19:41:00+00:00,13.570034,270.0
2018-05-10 19:41:10+00:00,11.325105,270.0
2018-05-10 19:41:20+00:00,11.184715,270.0
2018-05-10 19:41:30+00:00,13.570753,270.0
2018-05-10 19:41:40+00:00,13.602193,270.0
2018-05-10 19:41:50+00:00,11.81156,270.0
2018-05-10 19:42:00+00:00,13.996338,270.0
2018-05-10 19:42:10+00:00,14.068449,270.0
2018-05-10 19:42:20+00:00,14.774191,270.0
2018-05-10 19:42:30+00:00,11.417394,270.0
2018-05-10 19:42:40+00:00,10.11374,270.0
2018-05-10 19:42:50+00:00,15.245142,270.0
2018-05-10 19:43:00+00:00,13.11866,270.0
2018-05-10 19:43:10+00:00,15.1889105,270.0
2018-05-10 19:43:20+00:00,12.712093,270.0
2018-05-10 19:43:30+00:00,12.389755,270.0
2018-05-10 19:43:40+00:00,13.760671,270.0
2018-05-10 19:43:50+00:00,12.036863,270.0
2018-05-10 19:44:00+00:00,12.378729,270.0
2018-05-10 19:44:10+00:00,12.506158,270.0
2018-05-10 19:44:20+00:00,12.452036,270.0
2018-05-10 19:44:30+00:00,13.616951,270.0
2018-05-10 19:44:40+00:00,13.743064,270.0
2018-05-10 19:44:50+00:00,13.0448885,270.0
2018-05-10 19:45:00+00:00,13.569237,270.0
2018-05-10 19:45:10+00:00,13.460188,270.0
2018-05-10 19:45:20+00:00,11.190843,270.0
2018-05-10 19:45:30+00:00,13.66066,270.0
2018-05-10 19:45:40+00:00,12.044654,270.0
2018-05-10 19:45:50+00:00,13.181216,270.0
2018-05-10 19:46:00+00:00,12.574363,270.0
2018-05-10 19:46:10+00:00,14.778643,270.0
2018-05-10 19:46:20+00:00,14.3379345,270.0
2018-05-10 19:46:30+00:00,13.581053,270.0
2018-05-10 19:46:40+00:00,13.960594,270.0
2018-05-10 19:46:50+00:00,15.895039,270.0
2018-05-10 19:47:00+00:00,13.992315,270.0
2018-05-10 19:47:10+00:00,12.423294,270.0
2018-05-10 19:47:20+00:00,13.365068,270.0
2018-05-10 19:47:30+00:00,12.361204,270.0
2018-05-10 19:47:40+00:00,11.996717,270.0
2018-05-10 19:47:50+00:00,14.35368,270.0
2018-05-10 19:48:00+00:00,13.771925,270.0
2018-05-10 19:48:10+00:00,13.06367,270.0
2018-05-10 19:48:20+00:00,12.538268,270.0
2018-05-10 19:48:30+00:00,13.70212,270.0
2018-05-10 19:48:40+00:00,13.869542,270.0
2018-05-10 19:48:50+00:00,12.966694,270.0
2018-05-10 19:49:00+00:00,12.109221,270.0
2018-05-10 19:49:10+00:00,9.643403,270.0
2018-05-10 19:49:20+00:00,12.479082,270.0
2018-05-10 19:49:30+00:00,12.77978,270.0
2018-05-10 19:49:40+00:00,12.636682,270.0
2018-05-10 19:49:50+00:00,13.4402895,270.0
2018-05-10 19:50:00+00:00,15.156773,270.0
2018-05-10 19:50:10+00:00,14.457836,270.0
2018-05-10 19:50:20+00:00,14.645868,270.0
2018-05-10 19:50:30+00:00,11.5193,270.0
2018-05-10 19:50:40+00:00,12.662153,270.0
2018-05-10 19:50:50+00:00,12.844056,270.0
2018-05-10 19:51:00+00:00,14.625118,270.0
2018-05-10 19:51:10+00:00,14.318626,270.0
2018-05-10 19:51:20+00:00,14.579942,270.0
2018-05-10 19:51:30+00:00,14.111152,270.0
2018-05-10 19:51:40+00:00,12.936964,270.0
2018-05-10 19:51:50+00:00,15.142982,270.0
2018-05-10 19:52:00+00:00,13.234921,270.0
2018-05-10 19:52:10+00:00,12.998374,270.0
2018-05-10 19:52:20+00:00,11.663937,270.0
2018-05-10 19:52:30+00:00,14.170575,270.0
2018-05-10 19:52:40+00:00,13.159556,270.0
2018-05-10 19:52:50+00:00,13.159045,270.0
2018-05-10 19:53:00+00:00,11.622575,270.0
2018-05-10 19:53:10+00:00,12.861244,270.0
2018-05-10 19:53:20+00:00,13.344373,270.0
2018-05-10 19:53:30+00:00,13.34434,270.0
2018-05-10 19:53:40+00:00,13.778156,270.0
2018-05-10 19:53:50+00:00,11.95262,270.0
2018-05-10 19:54:00+00:00,13.62724,270.0
2018-05-10 19:54:10+00:00,13.5434065,270.0
2018-05-10 19:54:20+00:00,14.033219,270.0
2018-05-10 19:54:30+00:00,13.112997,270.0
2018-05-10 19:54:40+00:00,13.198495,270.0
2018-05-10 19:54:50+00:00,13.895666,270.0
2018-05-10 19:55:00+00:00,14.984428,270.0
2018-05-10 19:55:10+00:00,13.781534,270.0
2018-05-10 19:55:20+00:00,13.317281,270.0
2018-05-10 19:55:30+00:00,12.234394,270.0
2018-05-10 19:55:40+00:00,11.442367,270.0
2018-05-10 19:55:50+00:00,14.541749,270.0
2018-05-10 19:56:00+00:00,12.142573,270.0
2018-05-10 19:56:10+00:00,13.733709,270.0
2018-05-10 19:56:20+00:00,13.57931,270.0
2018-05-10 19:56:30+00:00,13.198223,270.0
2018-05-10 19:56:40+00:00,13.602689,270.0
2018-05-10 19:56:50+00:00,14.514703,270.0
2018-05-10 19:57:00+00:00,13.266459,270.0
2018-05-10 19:57:10+00:00,13.788438,270.0
2018-05-10 19:57:20+00:00,14.701355,270.0
2018-05-10 19:57:30+00:00,13.930947,270.0
2018-05-10 19:57:40+00:00,13.44387,270.0
2018-05-10 19:57:50+00:00,13.059481,270.0
2018-05-10 19:58:00+00:00,11.87446,270.0
2018-05-10 19:58:10+00:00,14.05738,270.0
2018-05-10 19:58:20+00:00,12.324183,270.0
2018-05-10 19:58:30+00:00,11.971971,270.0
2018-05-10 19:58:40+00:00,14.1006365,270.0
2018-05-10 19:58:50+00:00,13.131364,270.0
2018-05-10 19:59:00+00:00,13.385064,270.0
2018-05-10 19:59:10+00:00,15.941766,270.0
2018-05-10 19:59:20+00:00,13.344315,270.0
2018-05-10 19:59:30+00:00,12.27152,270.0
2018-05-10 19:59:40+00:00,14.610112,270.0
2018-05-10 19:59:50+00:00,15.463598,270.0
2018-05-10 20:00:00+00:00,15.757549,270.0
2018-05-10 20:00:10+00:00,15.464198,270.0
2018-05-10 20:00:20+00:00,15.9438715,270.0
2018-05-10 20:00:30+00:00,15.242708,270.0
2018-05-10 20:00:40+00:00,10.918695,270.0
2018-05-10 20:00:50+00:00,12.655154,270.0
2018-05-10 20:01:00+00:00,15.429442,270.0
2018-05-10 20:01:10+00:00,14.046156,270.0
2018-05-10 20:01:20+00:00,13.581306,270.0
2018-05-10 20:01:30+00:00,13.148493,270.0
2018-05-10 20:01:40+00:00,13.825659,270.0
2018-05-10 20:01:50+00:00,12.475604,270.0
2018-05-10 20:02:00+00:00,13.549193,270.0
2018-05-10 20:02:10+00:00,12.475162,270.0
2018-05-10 20:02:20+00:00,11.79357,270.0
2018-05-10 20:02:30+00:00,13.658872,270.0
2018-05-10 20:02:40+00:00,13.751083,270.0
2018-05-10 20:02:50+00:00,11.8542185,270.0
2018-05-10 20:03:00+00:00,15.445886,270.0
2018-05-10 20:03:10+00:00,14.261487,270.0
2018-05-10 20:03:20+00:00,14.794407,270.0
2018-05-10 20:03:30+00:00,10.748293,270.0
2018-05-10 20:03:40+00:00,13.137492,270.0
2018-05-10 20:03:50+00:00,11.869622,270.0
2018-05-10 20:04:00+00:00,10.960202,270.0
2018-05-10 20:04:10+00:00,13.984348,270.0
2018-05-10 20:04:20+00:00,15.593153,270.0
2018-05-10 20:04:30+00:00,12.336637,270.0
2018-05-10 20:04:40+00:00,12.189842,270.0
2018-05-10 20:04:50+00:00,13.131284,270.0
2018-05-10 20:05:00+00:00,13.023197,270.0
2018-05-10 20:05:10+00:00,12.302753,270.0
2018-05-10 20:05:20+00:00,13.30345,270.0
2018-05-10 20:05:30+00:00,13.003369,270.0
2018-05-10 20:05:40+00:00,14.911519,270.0
2018-05-10 20:05:50+00:00,12.688289,270.0
2018-05-10 20:06:00+00:00,12.520443,270.0
2018-05-10 20:06:10+00:00,12.6204605,270.0
2018-05-10 20:06:20+00:00,13.533911,270.0
2018-05-10 20:06:30+00:00,12.379296,270.0
2018-05-10 20:06:40+00:00,12.5222845,270.0
2018-05-10 20:06:50+00:00,12.2077465,270.0
2018-05-10 20:07:00+00:00,14.847208,270.0
2018-05-10 20:07:10+00:00,12.9184885,270.0
2018-05-10 20:07:20+00:00,14.836225,270.0
2018-05-10 20:07:30+00:00,10.78405,270.0
2018-05-10 20:07:40+00:00,11.926118,270.0
2018-05-10 20:07:50+00:00,12.403721,270.0
2018-05-10 20:08:00+00:00,13.4916725,270.0
2018-05-10 20:08:10+00:00,13.432684,270.0
2018-05-10 20:08:20+00:00,12.563744,270.0
2018-05-10 20:08:30+00:00,12.144805,270.0
2018-05-10 20:08:40+00:00,13.284819,270.0
2018-05-10 20:08:50+00:00,13.250362,270.0
2018-05-10 20:09:00+00:00,14.084033,270.0
2018-05-10 20:09:10+00:00,12.305954,270.0
2018-05-10 20:09:20+00:00,12.385397,270.0
2018-05-10 20:09:30+00:00,13.8232355,270.0
2018-05-10 20:09:40+00:00,13.863863,270.0
2018-05-10 20:09:50+00:00,14.514401,270.0
2018-05-10 20:10:00+00:00,13.021637,270.0
2018-05-10 20:10:10+00:00,17.063627,270.0
2018-05-10 20:10:20+00:00,14.274662,270.0
2018-05-10 20:10:30+00:00,13.967471,270.0
2018-05-10 20:10:40+00:00,12.595397,270.0
2018-05-10 20:10:50+00:00,12.807252,270.0
2018-05-10 20:11:00+00:00,12.625281,270.0
2018-05-10 20:11:10+00:00,13.071021,270.0
2018-05-10 20:11:20+00:00,14.2369,270.0
2018-05-10 20:11:30+00:00,10.490023,270.0
2018-05-10 20:11:40+00:00,11.912373,270.0
2018-05-10 20:11:50+00:00,9.2177105,270.0
2018-05-10 20:12:00+00:00,13.411553,270.0
2018-05-10 20:12:10+00:00,11.536255,270.0
2018-05-10 20:12:20+00:00,10.255975,270.0
2018-05-10 20:12:30+00:00,13.706107,270.0
2018-05-10 20:12:40+00:00,12.28895,270.0
2018-05-10 20:12:50+00:00,13.46737,270.0
2018-05-10 20:13:00+00:00,12.213075,270.0
2018-05-10 20:13:10+00:00,14.2431965,270.0
2018-05-10 20:13:20+00:00,12.012526,270.0
2018-05-10 20:13:30+00:00,13.390415,270.0
2018-05-10 20:13:40+00:00,11.22885,270.0
2018-05-10 20:13:50+00:00,12.719943,270.0
2018-05-10 20:14:00+00:00,12.863602,270.0
2018-05-10 20:14:10+00:00,14.6242285,270.0
2018-05-10 20:14:20+00:00,12.258937,270.0
2018-05-10 20:14:30+00:00,12.156296,270.0
2018-05-10 20:14:40+00:00,10.907368,270.0
2018-05-10 20:14:50+00:00,11.731444,270.0
2018-05-10 20:15:00+00:00,13.941685,270.0
2018-05-10 20:15:10+00:00,14.495739,270.0
2018-05-10 20:15:20+00:00,11.362234,270.0
2018-05-10 20:15:30+00:00,11.555568,270.0
2018-05-10 20:15:40+00:00,15.105274,270.0
2018-05-10 20:15:50+00:00,12.534901,270.0
2018-05-10 20:16:00+00:00,13.941521,270.0
2018-05-10 20:16:10+00:00,12.309037,270.0
2018-05-10 20:16:20+00:00,11.77691,270.0
2018-05-10 20:16:30+00:00,12.170595,270.0
2018-05-10 20:16:40+00:00,14.528165,270.0
2018-05-10 20:16:50+00:00,12.158153,270.0
2018-05-10 20:17:00+00:00,12.721072,270.0
2018-05-10 20:17:10+00:00,13.71819,270.0
2018-05-10 20:17:20+00:00,13.411881,270.0
2018-05-10 20:17:30+00:00,14.223125,270.0
2018-05-10 20:17:40+00:00,14.104278,270.0
2018-05-10 20:17:50+00:00,15.129971,270.0
2018-05-10 20:18:00+00:00,12.169705,270.0
2018-05-10 20:18:10+00:00,15.143737,270.0
2018-05-10 20:18:20+00:00,13.745081,270.0
2018-05-10 20:18:30+00:00,12.860326,270.0
2018-05-10 20:18:40+00:00,11.72834,270.0
2018-05-10 20:18:50+00:00,13.6793375,270.0
2018-05-10 20:19:00+00:00,12.124011,270.0
2018-05-10 20:19:10+00:00,13.124822,270.0
2018-05-10 20:19:20+00:00,13.11793,270.0
2018-05-10 20:19:30+00:00,13.3236265,270.0
2018-05-10 20:19:40+00:00,12.984602,270.0
2018-05-10 20:19:50+00:00,12.238032,270.0
2018-05-10 20:20:00+00:00,10.790335,270.0
2018-05-10 20:20:10+00:00,12.670196,270.0
2018-05-10 20:20:20+00:00,13.511103,270.0
2018-05-10 20:20:30+00:00,12.923072,270.0
2018-05-10 20:20:40+00:00,13.983344,270.0
2018-05-10 20:20:50+00:00,13.703503,270.0
2018-05-10 20:21:00+00:00,10.982778,270.0
2018-05-10 20:21:10+00:00,13.864871,270.0
2018-05-10 20:21:20+00:00,12.884993,270.0
2018-05-10 20:21:30+00:00,12.40102,270.0
2018-05-10 20:21:40+00:00,12.478215,270.0
2018-05-10 20:21:50+00:00,13.543645,270.0
2018-05-10 20:22:00+00:00,13.132126,270.0
2018-05-10 20:22:10+00:00,14.280348,270.0
2018-05-10 20:22:20+00:00,14.188683,270.0
2018-05-10 20:22:30+00:00,14.103998,270.0
2018-05-10 20:22:40+00:00,12.288918,270.0
2018-05-10 20:22:50+00:00,11.8807535,270.0
2018-05-10 20:23:00+00:00,11.693732,270.0
2018-05-10 20:23:10+00:00,13.621595,270.0
2018-05-10 20:23:20+00:00,11.872072,270.0
2018-05-10 20:23:30+00:00,14.061177,270.0
2018-05-10 20:23:40+00:00,12.873697,270.0
2018-05-10 20:23:50+00:00,12.50361,270.0
2018-05-10 20:24:00+00:00,14.273374,270.0
2018-05-10 20:24:10+00:00,13.646869,270.0
2018-05-10 20:24:20+00:00,11.400252,270.0
2018-05-10 20:24:30+00:00,11.576877,270.0
2018-05-10 20:24:40+00:00,14.415781,270.0
2018-05-10 20:24:50+00:00,14.295085,270.0
2018-05-10 20:25:00+00:00,11.605954,270.0
2018-05-10 20:25:10+00:00,11.227538,270.0
2018-05-10 20:25:20+00:00,14.368377,270.0
2018-05-10 20:25:30+00:00,12.437233,270.0
2018-05-10 20:25:40+00:00,13.23009,270.0
2018-05-10 20:25:50+00:00,11.281798,270.0
2018-05-10 20:26:00+00:00,11.219194,270.0
2018-05-10 20:26:10+00:00,12.149065,270.0
2018-05-10 20:26:20+00:00,11.87366,270.0
2018-05-10 20:26:30+00:00,14.7353735,270.0
2018-05-10 20:26:40+00:00,14.275368,270.0
2018-05-10 20:26:50+00:00,12.198408,270.0
2018-05-10 20:27:00+00:00,13.481589,270.0
2018-05-10 20:27:10+00:00,12.368418,270.0
2018-05-10 20:27:20+00:00,13.29479,270.0
2018-05-10 20:27:30+00:00,15.145405,270.0
2018-05-10 20:27:40+00:00,12.261534,270.0
2018-05-10 20:27:50+00:00,11.924502,270.0
2018-05-10 20:28:00+00:00,14.532748,270.0
2018-05-10 20:28:10+00:00,14.70038,270.0
2018-05-10 20:28:20+00:00,12.818737,270.0
2018-05-10 20:28:30+00:00,11.960514,270.0
2018-05-10 20:28:40+00:00,12.799248,270.0
2018-05-10 20:28:50+00:00,10.320727,270.0
2018-05-10 20:29:00+00:00,11.811904,270.0
2018-05-10 20:29:10+00:00,11.526647,270.0
2018-05-10 20:29:20+00:00,11.90503,270.0
2018-05-10 20:29:30+00:00,12.475685,270.0
2018-05-10 20:29:40+00:00,11.483767,270.0
2018-05-10 20:29:50+00:00,13.574404,270.0
2018-05-10 20:30:00+00:00,12.88324,270.0
2018-05-10 20:30:10+00:00,13.9891,270.0
2018-05-10 20:30:20+00:00,12.061886,270.0
2018-05-10 20:30:30+00:00,12.890971,270.0
2018-05-10 20:30:40+00:00,14.471745,270.0
2018-05-10 20:30:50+00:00,14.0388155,270.0
2018-05-10 20:31:00+00:00,13.592587,270.0
2018-05-10 20:31:10+00:00,12.710637,270.0
2018-05-10 20:31:20+00:00,13.398739,270.0
2018-05-10 20:31:30+00:00,12.646476,270.0
2018-05-10 20:31:40+00:00,11.7622385,270.0
2018-05-10 20:31:50+00:00,13.253798,270.0
2018-05-10 20:32:00+00:00,12.513754,270.0
2018-05-10 20:32:10+00:00,13.166236,270.0
2018-05-10 20:32:20+00:00,12.822197,270.0
2018-05-10 20:32:30+00:00,11.334605,270.0
2018-05-10 20:32:40+00:00,12.9334345,270.0
2018-05-10 20:32:50+00:00,10.9815855,270.0
2018-05-10 20:33:00+00:00,13.823609,270.0
2018-05-10 20:33:10+00:00,13.6628065,270.0
2018-05-10 20:33:20+00:00,13.034123,270.0
2018-05-10 20:33:30+00:00,14.13567,270.0
2018-05-10 20:33:40+00:00,14.330319,270.0
2018-05-10 20:33:50+00:00,12.617808,270.0
2018-05-10 20:34:00+00:00,13.089643,270.0
2018-05-10 20:34:10+00:00,13.465241,270.0
2018-05-10 20:34:20+00:00,13.860124,270.0
2018-05-10 20:34:30+00:00,15.1494875,270.0
2018-05-10 20:34:40+00:00,13.896108,270.0
2018-05-10 20:34:50+00:00,12.976452,270.0
2018-05-10 20:35:00+00:00,10.679309,270.0
2018-05-10 20:35:10+00:00,14.629268,270.0
2018-05-10 20:35:20+00:00,12.117689,270.0
2018-05-10 20:35:30+00:00,13.996304,270.0
2018-05-10 20:35:40+00:00,14.596474,270.0
2018-05-10 20:35:50+00:00,12.931726,270.0
2018-05-10 20:36:00+00:00,13.700857,270.0
2018-05-10 20:36:10+00:00,13.19732,270.0
2018-05-10 20:36:20+00:00,13.7984705,270.0
2018-05-10 20:36:30+00:00,14.507268,270.0
2018-05-10 20:36:40+00:00,12.62174,270.0
2018-05-10 20:36:50+00:00,14.888271,270.0
2018-05-10 20:37:00+00:00,13.515843,270.0
2018-05-10 20:37:10+00:00,12.423984,270.0
2018-05-10 20:37:20+00:00,14.156716,270.0
2018-05-10 20:37:30+00:00,12.829949,270.0
2018-05-10 20:37:40+00:00,13.479043,270.0
2018-05-10 20:37:50+00:00,12.863972,270.0
2018-05-10 20:38:00+00:00,14.094505,270.0
2018-05-10 20:38:10+00:00,14.104834,270.0
2018-05-10 20:38:20+00:00,14.153184,270.0
2018-05-10 20:38:30+00:00,12.52888,270.0
2018-05-10 20:38:40+00:00,14.091907,270.0
2018-05-10 20:38:50+00:00,13.526356,270.0
2018-05-10 20:39:00+00:00,15.1764965,270.0
2018-05-10 20:39:10+00:00,13.528607,270.0
2018-05-10 20:39:20+00:00,12.103381,270.0
2018-05-10 20:39:30+00:00,13.876842,270.0
2018-05-10 20:39:40+00:00,13.017607,270.0
2018-05-10 20:39:50+00:00,14.829876,270.0
2018-05-10 20:40:00+00:00,15.950713,270.0
2018-05-10 20:40:10+00:00,13.579659,270.0
2018-05-10 20:40:20+00:00,12.033168,270.0
2018-05-10 20:40:30+00:00,11.643738,270.0
2018-05-10 20:40:40+00:00,14.097276,270.0
2018-05-10 20:40:50+00:00,11.298109,270.0
2018-05-10 20:41:00+00:00,13.271818,270.0
2018-05-10 20:41:10+00:00,14.072063,270.0
2018-05-10 20:41:20+00:00,15.059037,270.0
2018-05-10 20:41:30+00:00,11.95473,270.0
2018-05-10 20:41:40+00:00,11.28846,270.0
2018-05-10 20:41:50+00:00,14.189511,270.0
2018-05-10 20:42:00+00:00,14.823708,270.0
2018-05-10 20:42:10+00:00,11.669191,270.0
2018-05-10 20:42:20+00:00,13.890086,270.0
2018-05-10 20:42:30+00:00,14.952444,270.0
2018-05-10 20:42:40+00:00,13.063896,270.0
2018-05-10 20:42:50+00:00,11.759241,270.0
2018-05-10 20:43:00+00:00,14.80136,270.0
2018-05-10 20:43:10+00:00,13.867557,270.0
2018-05-10 20:43:20+00:00,13.848213,270.0
2018-05-10 20:43:30+00:00,14.172471,270.0
2018-05-10 20:43:40+00:00,11.694173,270.0
2018-05-10 20:43:50+00:00,14.041998,270.0
2018-05-10 20:44:00+00:00,12.528479,270.0
2018-05-10 20:44:10+00:00,13.054645,270.0
2018-05-10 20:44:20+00:00,13.535156,270.0
2018-05-10 20:44:30+00:00,13.338816,270.0
2018-05-10 20:44:40+00:00,11.411075,270.0
2018-05-10 20:44:50+00:00,12.794832,270.0
2018-05-10 20:45:00+00:00,12.274905,270.0
2018-05-10 20:45:10+00:00,13.083018,270.0
2018-05-10 20:45:20+00:00,13.696128,270.0
2018-05-10 20:45:30+00:00,11.936052,270.0
2018-05-10 20:45:40+00:00,11.707605,270.0
2018-05-10 20:45:50+00:00,12.23302,270.0
2018-05-10 20:46:00+00:00,13.791765,270.0
2018-05-10 20:46:10+00:00,16.069006,270.0
2018-05-10 20:46:20+00:00,11.785991,270.0
2018-05-10 20:46:30+00:00,12.811763,270.0
2018-05-10 20:46:40+00:00,15.157784,270.0
2018-05-10 20:46:50+00:00,13.644501,270.0
2018-05-10 20:47:00+00:00,11.869234,270.0
2018-05-10 20:47:10+00:00,13.204356,270.0
2018-05-10 20:47:20+00:00,14.724648,270.0
2018-05-10 20:47:30+00:00,13.471886,270.0
2018-05-10 20:47:40+00:00,13.077434,270.0
2018-05-10 20:47:50+00:00,12.308355,270.0
2018-05-10 20:48:00+00:00,10.9664955,270.0
2018-05-10 20:48:10+00:00,13.313033,270.0
2018-05-10 20:48:20+00:00,12.971321,270.0
2018-05-10 20:48:30+00:00,13.536387,270.0
2018-05-10 20:48:40+00:00,12.753536,270.0
2018-05-10 20:48:50+00:00,14.137725,270.0
2018-05-10 20:49:00+00:00,13.607428,270.0
2018-05-10 20:49:10+00:00,11.319726,270.0
2018-05-10 20:49:20+00:00,13.658886,270.0
2018-05-10 20:49:30+00:00,12.16452,270.0
2018-05-10 20:49:40+00:00,13.722982,270.0
2018-05-10 20:49:50+00:00,12.554303,270.0
2018-05-10 20:50:00+00:00,15.795372,270.0
2018-05-10 20:50:10+00:00,12.478659,270.0
2018-05-10 20:50:20+00:00,13.151049,270.0
2018-05-10 20:50:30+00:00,13.344889,270.0
2018-05-10 20:50:40+00:00,12.777812,270.0
2018-05-10 20:50:50+00:00,14.730339,270.0
2018-05-10 20:51:00+00:00,13.570832,270.0
2018-05-10 20:51:10+00:00,11.257756,270.0
2018-05-10 20:51:20+00:00,12.070828,270.0
2018-05-10 20:51:30+00:00,13.48615,270.0
2018-05-10 20:51:40+00:00,13.803769,270.0
2018-05-10 20:51:50+00:00,13.980088,270.0
2018-05-10 20:52:00+00:00,11.946931,270.0
2018-05-10 20:52:10+00:00,13.490856,270.0
2018-05-10 20:52:20+00:00,14.782822,270.0
2018-05-10 20:52:30+00:00,12.438493,270.0
2018-05-10 20:52:40+00:00,13.777525,270.0
2018-05-10 20:52:50+00:00,15.7213,270.0
2018-05-10 20:53:00+00:00,12.904607,270.0
2018-05-10 20:53:10+00:00,13.320209,270.0
2018-05-10 20:53:20+00:00,11.769054,270.0
2018-05-10 20:53:30+00:00,13.421421,270.0
2018-05-10 20:53:40+00:00,11.655676,270.0
2018-05-10 20:53:50+00:00,14.944833,270.0
2018-05-10 20:54:00+00:00,13.308983,270.0
2018-05-10 20:54:10+00:00,13.2792425,270.0
2018-05-10 20:54:20+00:00,14.375328,270.0
2018-05-10 20:54:30+00:00,12.217457,270.0
2018-05-10 20:54:40+00:00,13.264308,270.0
2018-05-10 20:54:50+00:00,13.524825,270.0
2018-05-10 20:55:00+00:00,12.431362,270.0
2018-05-10 20:55:10+00:00,14.365707,270.0
2018-05-10 20:55:20+00:00,13.445966,270.0
2018-05-10 20:55:30+00:00,13.731375,270.0
2018-05-10 20:55:40+00:00,13.2395735,270.0
2018-05-10 20:55:50+00:00,14.516749,270.0
2018-05-10 20:56:00+00:00,14.865277,270.0
2018-05-10 20:56:10+00:00,14.107415,270.0
2018-05-10 20:56:20+00:00,12.926406,270.0
2018-05-10 20:56:30+00:00,12.202798,270.0
2018-05-10 20:56:40+00:00,11.939452,270.0
2018-05-10 20:56:50+00:00,12.520794,270.0
2018-05-10 20:57:00+00:00,14.233402,270.0
2018-05-10 20:57:10+00:00,14.422333,270.0
2018-05-10 20:57:20+00:00,14.8789425,270.0
2018-05-10 20:57:30+00:00,13.880252,270.0
2018-05-10 20:57:40+00:00,13.441541,270.0
2018-05-10 20:57:50+00:00,12.443539,270.0
2018-05-10 20:58:00+00:00,13.808581,270.0
2018-05-10 20:58:10+00:00,15.41977,270.0
2018-05-10 20:58:20+00:00,12.873656,270.0
2018-05-10 20:58:30+00:00,12.974504,270.0
2018-05-10 20:58:40+00:00,14.555793,270.0
2018-05-10 20:58:50+00:00,13.582031,270.0
2018-05-10 20:59:00+00:00,14.248413,270.0
2018-05-10 20:59:10+00:00,11.964125,270.0
2018-05-10 20:59:20+00:00,14.2865715,270.0
2018-05-10 20:59:30+00:00,12.617791,270.0
2018-05-10 20:59:40+00:00,14.018378,270.0
2018-05-10 20:59:50+00:00,12.921646,270.0
2018-05-10 21:00:00+00:00,13.029825,270.0
2018-05-10 21:00:10+00:00,12.485417,270.0
2018-05-10 21:00:20+00:00,14.272274,270.0
2018-05-10 21:00:30+00:00,14.778289,270.0
2018-05-10 21:00:40+00:00,14.725907,270.0
2018-05-10 21:00:50+00:00,13.5220175,270.0
2018-05-10 21:01:00+00:00,13.208305,270.0
2018-05-10 21:01:10+00:00,12.407593,270.0
2018-05-10 21:01:20+00:00,13.5274315,270.0
2018-05-10 21:01:30+00:00,14.780206,270.0
2018-05-10 21:01:40+00:00,13.699906,270.0
2018-05-10 21:01:50+00:00,12.373209,270.0
2018-05-10 21:02:00+00:00,14.348439,270.0
2018-05-10 21:02:10+00:00,14.3196535,270.0
2018-05-10 21:02:20+00:00,14.227695,270.0
2018-05-10 21:02:30+00:00,14.631677,270.0
2018-05-10 21:02:40+00:00,12.11148,270.0
2018-05-10 21:02:50+00:00,14.13268,270.0
2018-05-10 21:03:00+00:00,14.283722,270.0
2018-05-10 21:03:10+00:00,14.562504,270.0
2018-05-10 21:03:20+00:00,13.377165,270.0
2018-05-10 21:03:30+00:00,15.160312,270.0
2018-05-10 21:03:40+00:00,13.731092,270.0
2018-05-10 21:03:50+00:00,15.261909,270.0
2018-05-10 21:04:00+00:00,13.811585,270.0
2018-05-10 21:04:10+00:00,12.63049,270.0
2018-05-10 21:04:20+00:00,15.261513,270.0
2018-05-10 21:04:30+00:00,12.53084,270.0
2018-05-10 21:04:40+00:00,11.927684,270.0
2018-05-10 21:04:50+00:00,13.1219015,270.0
2018-05-10 21:05:00+00:00,14.16953,270.0
2018-05-10 21:05:10+00:00,13.595171,270.0
2018-05-10 21:05:20+00:00,14.447931,270.0
2018-05-10 21:05:30+00:00,13.100692,270.0
2018-05-10 21:05:40+00:00,12.251452,270.0
2018-05-10 21:05:50+00:00,12.980696,270.0
2018-05-10 21:06:00+00:00,12.495475,270.0
2018-05-10 21:06:10+00:00,13.377637,270.0
2018-05-10 21:06:20+00:00,13.180572,270.0
2018-05-10 21:06:30+00:00,12.038707,270.0
2018-05-10 21:06:40+00:00,13.034054,270.0
2018-05-10 21:06:50+00:00,13.258007,270.0
2018-05-10 21:07:00+00:00,15.136842,270.0
2018-05-10 21:07:10+00:00,14.755052,270.0
2018-05-10 21:07:20+00:00,13.994874,270.0
2018-05-10 21:07:30+00:00,11.669445,270.0
2018-05-10 21:07:40+00:00,12.556999,270.0
2018-05-10 21:07:50+00:00,11.855899,270.0
2018-05-10 21:08:00+00:00,13.328136,270.0
2018-05-10 21:08:10+00:00,13.274921,270.0
2018-05-10 21:08:20+00:00,13.390105,270.0
2018-05-10 21:08:30+00:00,13.395047,270.0
2018-05-10 21:08:40+00:00,14.079654,270.0
2018-05-10 21:08:50+00:00,14.610652,270.0
2018-05-10 21:09:00+00:00,12.431423,270.0
2018-05-10 21:09:10+00:00,14.090203,270.0
2018-05-10 21:09:20+00:00,12.830679,270.0
2018-05-10 21:09:30+00:00,12.670097,270.0
2018-05-10 21:09:40+00:00,13.538237,270.0
2018-05-10 21:09:50+00:00,13.316346,270.0
2018-05-10 21:10:00+00:00,11.645691,270.0
2018-05-10 21:10:10+00:00,13.533562,270.0
2018-05-10 21:10:20+00:00,13.315973,270.0
2018-05-10 21:10:30+00:00,13.012638,270.0
2018-05-10 21:10:40+00:00,13.280608,270.0
2018-05-10 21:10:50+00:00,12.946582,270.0
2018-05-10 21:11:00+00:00,12.217,270.0
2018-05-10 21:11:10+00:00,12.913263,270.0
2018-05-10 21:11:20+00:00,13.612302,270.0
2018-05-10 21:11:30+00:00,13.139913,270.0
2018-05-10 21:11:40+00:00,13.028345,270.0
2018-05-10 21:11:50+00:00,14.158604,270.0
2018-05-10 21:12:00+00:00,12.703482,270.0
2018-05-10 21:12:10+00:00,13.673749,270.0
2018-05-10 21:12:20+00:00,14.657763,270.0
2018-05-10 21:12:30+00:00,13.385875,270.0
2018-05-10 21:12:40+00:00,11.899947,270.0
2018-05-10 21:12:50+00:00,13.668697,270.0
2018-05-10 21:13:00+00:00,14.290992,270.0
2018-05-10 21:13:10+00:00,12.131205,270.0
2018-05-10 21:13:20+00:00,14.348503,270.0
2018-05-10 21:13:30+00:00,15.275369,270.0
2018-05-10 21:13:40+00:00,12.493014,270.0
2018-05-10 21:13:50+00:00,13.166085,270.0
2018-05-10 21:14:00+00:00,14.684453,270.0
2018-05-10 21:14:10+00:00,13.327129,270.0
2018-05-10 21:14:20+00:00,15.629348,270.0
2018-05-10 21:14:30+00:00,12.943397,270.0
2018-05-10 21:14:40+00:00,13.709278,270.0
2018-05-10 21:14:50+00:00,12.471769,270.0
2018-05-10 21:15:00+00:00,11.13049,270.0
2018-05-10 21:15:10+00:00,13.642389,270.0
2018-05-10 21:15:20+00:00,14.437703,270.0
2018-05-10 21:15:30+00:00,13.98329,270.0
2018-05-10 21:15:40+00:00,13.546645,270.0
2018-05-10 21:15:50+00:00,12.8413925,270.0
2018-05-10 21:16:00+00:00,12.523777,270.0
2018-05-10 21:16:10+00:00,13.002429,270.0
2018-05-10 21:16:20+00:00,14.5001955,270.0
2018-05-10 21:16:30+00:00,13.480194,270.0
2018-05-10 21:16:40+00:00,12.557171,270.0
2018-05-10 21:16:50+00:00,14.435059,270.0
2018-05-10 21:17:00+00:00,14.111044,270.0
2018-05-10 21:17:10+00:00,13.697186,270.0
2018-05-10 21:17:20+00:00,12.371427,270.0
2018-05-10 21:17:30+00:00,13.3917,270.0
2018-05-10 21:17:40+00:00,12.3164215,270.0
2018-05-10 21:17:50+00:00,15.311749,270.0
2018-05-10 21:18:00+00:00,12.853316,270.0
2018-05-10 21:18:10+00:00,13.29815,270.0
2018-05-10 21:18:20+00:00,13.458148,270.0
2018-05-10 21:18:30+00:00,11.176267,270.0
2018-05-10 21:18:40+00:00,10.943206,270.0
2018-05-10 21:18:50+00:00,13.477716,270.0
2018-05-10 21:19:00+00:00,12.632269,270.0
2018-05-10 21:19:10+00:00,14.390112,270.0
2018-05-10 21:19:20+00:00,14.488966,270.0
2018-05-10 21:19:30+00:00,14.210206,270.0
2018-05-10 21:19:40+00:00,12.6567955,270.0
2018-05-10 21:19:50+00:00,12.13809,270.0
2018-05-10 21:20:00+00:00,14.166389,270.0
2018-05-10 21:20:10+00:00,15.7368555,270.0
2018-05-10 21:20:20+00:00,14.262482,270.0
2018-05-10 21:20:30+00:00,12.225735,270.0
2018-05-10 21:20:40+00:00,15.389811,270.0
2018-05-10 21:20:50+00:00,13.755746,270.0
2018-05-10 21:21:00+00:00,11.145488,270.0
2018-05-10 21:21:10+00:00,14.4852705,270.0
2018-05-10 21:21:20+00:00,13.839883,270.0
2018-05-10 21:21:30+00:00,12.663199,270.0
2018-05-10 21:21:40+00:00,12.881871,270.0
2018-05-10 21:21:50+00:00,12.210892,270.0
2018-05-10 21:22:00+00:00,13.098625,270.0
2018-05-10 21:22:10+00:00,14.974883,270.0
2018-05-10 21:22:20+00:00,15.116566,270.0
2018-05-10 21:22:30+00:00,14.063286,270.0
2018-05-10 21:22:40+00:00,12.809507,270.0
2018-05-10 21:22:50+00:00,12.782649,270.0
2018-05-10 21:23:00+00:00,12.935744,270.0
2018-05-10 21:23:10+00:00,12.445262,270.0
2018-05-10 21:23:20+00:00,13.462467,270.0
2018-05-10 21:23:30+00:00,14.6051655,270.0
2018-05-10 21:23:40+00:00,12.224106,270.0
2018-05-10 21:23:50+00:00,14.327245,270.0
2018-05-10 21:24:00+00:00,12.433784,270.0
2018-05-10 21:24:10+00:00,12.046061,270.0
2018-05-10 21:24:20+00:00,16.367773,270.0
2018-05-10 21:24:30+00:00,14.713451,270.0
2018-05-10 21:24:40+00:00,11.466787,270.0
2018-05-10 21:24:50+00:00,13.0340185,270.0
2018-05-10 21:25:00+00:00,14.26743,270.0
2018-05-10 21:25:10+00:00,12.944271,270.0
2018-05-10 21:25:20+00:00,12.878333,270.0
2018-05-10 21:25:30+00:00,13.4416685,270.0
2018-05-10 21:25:40+00:00,14.04338,270.0
2018-05-10 21:25:50+00:00,12.461535,270.0
2018-05-10 21:26:00+00:00,11.156549,270.0
2018-05-10 21:26:10+00:00,14.099744,270.0
2018-05-10 21:26:20+00:00,12.554615,270.0
2018-05-10 21:26:30+00:00,13.69426,270.0
2018-05-10 21:26:40+00:00,15.090307,270.0
2018-05-10 21:26:50+00:00,12.814752,270.0
2018-05-10 21:27:00+00:00,14.569386,270.0
2018-05-10 21:27:10+00:00,12.596871,270.0
2018-05-10 21:27:20+00:00,14.526007,270.0
2018-05-10 21:27:30+00:00,14.712363,270.0
2018-05-10 21:27:40+00:00,14.238444,270.0
2018-05-10 21:27:50+00:00,12.857118,270.0
2018-05-10 21:28:00+00:00,11.521093,270.0
2018-05-10 21:28:10+00:00,12.928257,270.0
2018-05-10 21:28:20+00:00,14.098351,270.0
2018-05-10 21:28:30+00:00,14.237589,270.0
2018-05-10 21:28:40+00:00,12.938413,270.0
2018-05-10 21:28:50+00:00,11.750175,270.0
2018-05-10 21:29:00+00:00,13.39174,270.0
2018-05-10 21:29:10+00:00,12.009456,270.0
2018-05-10 21:29:20+00:00,14.055061,270.0
2018-05-10 21:29:30+00:00,13.424849,270.0
2018-05-10 21:29:40+00:00,15.715723,270.0
2018-05-10 21:29:50+00:00,13.1363735,270.0
2018-05-10 21:30:00+00:00,13.443689,270.0
2018-05-10 21:30:10+00:00,13.667994,270.0
2018-05-10 21:30:20+00:00,12.979577,270.0
2018-05-10 21:30:30+00:00,14.244349,270.0
2018-05-10 21:30:40+00:00,12.890797,270.0
2018-05-10 21:30:50+00:00,12.998234,270.0
2018-05-10 21:31:00+00:00,13.710004,270.0
2018-05-10 21:31:10+00:00,13.582393,270.0
2018-05-10 21:31:20+00:00,14.480069,270.0
2018-05-10 21:31:30+00:00,13.142184,270.0
2018-05-10 21:31:40+00:00,12.650062,270.0
2018-05-10 21:31:50+00:00,15.132495,270.0
2018-05-10 21:32:00+00:00,12.784987,270.0
2018-05-10 21:32:10+00:00,14.830172,270.0
2018-05-10 21:32:20+00:00,14.51543,270.0
2018-05-10 21:32:30+00:00,13.963347,270.0
2018-05-10 21:32:40+00:00,14.040811,270.0
2018-05-10 21:32:50+00:00,13.271736,270.0
2018-05-10 21:33:00+00:00,12.53633,270.0
2018-05-10 21:33:10+00:00,11.06785,270.0
2018-05-10 21:33:20+00:00,14.534588,270.0
2018-05-10 21:33:30+00:00,12.229991,270.0
2018-05-10 21:33:40+00:00,14.4352045,270.0
2018-05-10 21:33:50+00:00,13.986513,270.0
2018-05-10 21:34:00+00:00,13.227537,270.0
2018-05-10 21:34:10+00:00,14.77395,270.0
2018-05-10 21:34:20+00:00,14.985817,270.0
2018-05-10 21:34:30+00:00,13.9018,270.0
2018-05-10 21:34:40+00:00,13.556483,270.0
2018-05-10 21:34:50+00:00,13.682295,270.0
2018-05-10 21:35:00+00:00,12.8492775,270.0
2018-05-10 21:35:10+00:00,15.1694975,270.0
2018-05-10 21:35:20+00:00,14.552244,270.0
2018-05-10 21:35:30+00:00,11.6322975,270.0
2018-05-10 21:35:40+00:00,13.885094,270.0
2018-05-10 21:35:50+00:00,12.042692,270.0
2018-05-10 21:36:00+00:00,11.483138,270.0
2018-05-10 21:36:10+00:00,13.665425,270.0
2018-05-10 21:36:20+00:00,15.765254,270.0
2018-05-10 21:36:30+00:00,13.732403,270.0
2018-05-10 21:36:40+00:00,16.49653,270.0
2018-05-10 21:36:50+00:00,14.560142,270.0
2018-05-10 21:37:00+00:00,14.967688,270.0
2018-05-10 21:37:10+00:00,14.713385,270.0
2018-05-10 21:37:20+00:00,14.690641,270.0
2018-05-10 21:37:30+00:00,15.984927,270.0
2018-05-10 21:37:40+00:00,13.21242,270.0
2018-05-10 21:37:50+00:00,14.391067,270.0
2018-05-10 21:38:00+00:00,13.186894,270.0
2018-05-10 21:38:10+00:00,13.42378,270.0
2018-05-10 21:38:20+00:00,14.089387,270.0
2018-05-10 21:38:30+00:00,15.927773,270.0
2018-05-10 21:38:40+00:00,12.928565,270.0
2018-05-10 21:38:50+00:00,17.115602,270.0
2018-05-10 21:39:00+00:00,13.621911,270.0
2018-05-10 21:39:10+00:00,14.221642,270.0
2018-05-10 21:39:20+00:00,15.273016,270.0
2018-05-10 21:39:30+00:00,15.069702,270.0
2018-05-10 21:39:40+00:00,14.683855,270.0
2018-05-10 21:39:50+00:00,14.320694,270.0
2018-05-10 21:40:00+00:00,15.657194,270.0
2018-05-10 21:40:10+00:00,13.22432,270.0
2018-05-10 21:40:20+00:00,15.305707,270.0
2018-05-10 21:40:30+00:00,11.668693,270.0
2018-05-10 21:40:40+00:00,12.499667,270.0
2018-05-10 21:40:50+00:00,11.808478,270.0
2018-05-10 21:41:00+00:00,14.165596,270.0
2018-05-10 21:41:10+00:00,12.466123,270.0
2018-05-10 21:41:20+00:00,14.685655,270.0
2018-05-10 21:41:30+00:00,15.688984,270.0
2018-05-10 21:41:40+00:00,12.465339,270.0
2018-05-10 21:41:50+00:00,13.846365,270.0
2018-05-10 21:42:00+00:00,15.144416,270.0
2018-05-10 21:42:10+00:00,14.916832,270.0
2018-05-10 21:42:20+00:00,14.79854,270.0
2018-05-10 21:42:30+00:00,14.524271,270.0
2018-05-10 21:42:40+00:00,13.467069,270.0
2018-05-10 21:42:50+00:00,14.108118,270.0
2018-05-10 21:43:00+00:00,12.645446,270.0
2018-05-10 21:43:10+00:00,15.970223,270.0
2018-05-10 21:43:20+00:00,14.926538,270.0
2018-05-10 21:43:30+00:00,15.025764,270.0
2018-05-10 21:43:40+00:00,14.263101,270.0
2018-05-10 21:43:50+00:00,16.17056,270.0
2018-05-10 21:44:00+00:00,14.120067,270.0
2018-05-10 21:44:10+00:00,15.2763405,270.0
2018-05-10 21:44:20+00:00,12.36542,270.0
2018-05-10 21:44:30+00:00,13.323743,270.0
2018-05-10 21:44:40+00:00,13.920173,270.0
2018-05-10 21:44:50+00:00,15.89371,270.0
2018-05-10 21:45:00+00:00,15.859859,270.0
2018-05-10 21:45:10+00:00,14.319415,270.0
2018-05-10 21:45:20+00:00,16.052242,270.0
2018-05-10 21:45:30+00:00,13.850632,270.0
2018-05-10 21:45:40+00:00,13.531021,270.0
2018-05-10 21:45:50+00:00,14.81372,270.0
2018-05-10 21:46:00+00:00,15.373477,270.0
2018-05-10 21:46:10+00:00,13.164436,270.0
2018-05-10 21:46:20+00:00,13.758301,270.0
2018-05-10 21:46:30+00:00,12.866416,270.0
2018-05-10 21:46:40+00:00,14.070642,270.0
2018-05-10 21:46:50+00:00,12.881031,270.0
2018-05-10 21:47:00+00:00,12.72415,270.0
2018-05-10 21:47:10+00:00,14.713068,270.0
2018-05-10 21:47:20+00:00,14.6192045,270.0
2018-05-10 21:47:30+00:00,13.159469,270.0
2018-05-10 21:47:40+00:00,12.350416,270.0
2018-05-10 21:47:50+00:00,14.11079,270.0
2018-05-10 21:48:00+00:00,15.443676,270.0
2018-05-10 21:48:10+00:00,13.2365675,270.0
2018-05-10 21:48:20+00:00,13.388896,270.0
2018-05-10 21:48:30+00:00,13.609069,270.0
2018-05-10 21:48:40+00:00,13.498625,270.0
2018-05-10 21:48:50+00:00,13.055566,270.0
2018-05-10 21:49:00+00:00,14.297121,270.0
2018-05-10 21:49:10+00:00,14.68719,270.0
2018-05-10 21:49:20+00:00,13.164976,270.0
2018-05-10 21:49:30+00:00,14.008604,270.0
2018-05-10 21:49:40+00:00,14.869374,270.0
2018-05-10 21:49:50+00:00,12.829807,270.0
2018-05-10 21:50:00+00:00,12.462891,270.0
2018-05-10 21:50:10+00:00,14.620583,270.0
2018-05-10 21:50:20+00:00,13.712077,270.0
2018-05-10 21:50:30+00:00,15.703178,270.0
2018-05-10 21:50:40+00:00,12.127502,270.0
2018-05-10 21:50:50+00:00,14.839511,270.0
2018-05-10 21:51:00+00:00,14.70508,270.0
2018-05-10 21:51:10+00:00,12.65015,270.0
2018-05-10 21:51:20+00:00,13.604016,270.0
2018-05-10 21:51:30+00:00,15.015958,270.0
2018-05-10 21:51:40+00:00,14.616341,270.0
2018-05-10 21:51:50+00:00,14.303319,270.0
2018-05-10 21:52:00+00:00,13.0855055,270.0
2018-05-10 21:52:10+00:00,14.613434,270.0
2018-05-10 21:52:20+00:00,12.3944435,270.0
2018-05-10 21:52:30+00:00,13.4661,270.0
2018-05-10 21:52:40+00:00,14.461101,270.0
2018-05-10 21:52:50+00:00,14.796045,270.0
2018-05-10 21:53:00+00:00,14.528642,270.0
2018-05-10 21:53:10+00:00,13.429296,270.0
2018-05-10 21:53:20+00:00,15.0564785,270.0
2018-05-10 21:53:30+00:00,15.071041,270.0
2018-05-10 21:53:40+00:00,11.789081,270.0
2018-05-10 21:53:50+00:00,14.028792,270.0
2018-05-10 21:54:00+00:00,14.694547,270.0
2018-05-10 21:54:10+00:00,11.23951,270.0
2018-05-10 21:54:20+00:00,14.688298,270.0
2018-05-10 21:54:30+00:00,13.197196,270.0
2018-05-10 21:54:40+00:00,13.811713,270.0
2018-05-10 21:54:50+00:00,14.116865,270.0
2018-05-10 21:55:00+00:00,12.823344,270.0
2018-05-10 21:55:10+00:00,13.134459,270.0
2018-05-10 21:55:20+00:00,14.265113,270.0
2018-05-10 21:55:30+00:00,13.634439,270.0
2018-05-10 21:55:40+00:00,13.2862425,270.0
2018-05-10 21:55:50+00:00,10.854461,270.0
2018-05-10 21:56:00+00:00,15.193037,270.0
2018-05-10 21:56:10+00:00,14.159403,270.0
2018-05-10 21:56:20+00:00,15.143969,270.0
2018-05-10 21:56:30+00:00,13.491281,270.0
2018-05-10 21:56:40+00:00,11.650233,270.0
2018-05-10 21:56:50+00:00,14.156845,270.0
2018-05-10 21:57:00+00:00,12.651572,270.0
2018-05-10 21:57:10+00:00,13.914265,270.0
2018-05-10 21:57:20+00:00,13.597772,270.0
2018-05-10 21:57:30+00:00,14.609779,270.0
2018-05-10 21:57:40+00:00,14.5108795,270.0
2018-05-10 21:57:50+00:00,14.0880785,270.0
2018-05-10 21:58:00+00:00,15.4714155,270.0
2018-05-10 21:58:10+00:00,13.308031,270.0
2018-05-10 21:58:20+00:00,13.046399,270.0
2018-05-10 21:58:30+00:00,14.656454,270.0
2018-05-10 21:58:40+00:00,11.809084,270.0
2018-05-10 21:58:50+00:00,12.143488,270.0
2018-05-10 21:59:00+00:00,14.189703,270.0
2018-05-10 21:59:10+00:00,15.43233,270.0
2018-05-10 21:59:20+00:00,14.09815,270.0
2018-05-10 21:59:30+00:00,15.089438,270.0
2018-05-10 21:59:40+00:00,14.462841,270.0
2018-05-10 21:59:50+00:00,14.424613,270.0
2018-05-10 22:00:00+00:00,12.130123,270.0
2018-05-10 22:00:10+00:00,12.814184,270.0
2018-05-10 22:00:20+00:00,14.624987,270.0
2018-05-10 22:00:30+00:00,11.949975,270.0
2018-05-10 22:00:40+00:00,13.894355,270.0
2018-05-10 22:00:50+00:00,13.241736,270.0
2018-05-10 22:01:00+00:00,14.217309,270.0
2018-05-10 22:01:10+00:00,13.307797,270.0
2018-05-10 22:01:20+00:00,13.941227,270.0
2018-05-10 22:01:30+00:00,13.869419,270.0
2018-05-10 22:01:40+00:00,15.41913,270.0
2018-05-10 22:01:50+00:00,12.309674,270.0
2018-05-10 22:02:00+00:00,16.859417,270.0
2018-05-10 22:02:10+00:00,15.5891485,270.0
2018-05-10 22:02:20+00:00,15.363139,270.0
2018-05-10 22:02:30+00:00,13.860141,270.0
2018-05-10 22:02:40+00:00,14.127923,270.0
2018-05-10 22:02:50+00:00,14.421205,270.0
2018-05-10 22:03:00+00:00,13.558513,270.0
2018-05-10 22:03:10+00:00,13.698078,270.0
2018-05-10 22:03:20+00:00,15.957603,270.0
2018-05-10 22:03:30+00:00,14.638557,270.0
2018-05-10 22:03:40+00:00,15.09646,270.0
2018-05-10 22:03:50+00:00,16.176052,270.0
2018-05-10 22:04:00+00:00,14.283937,270.0
2018-05-10 22:04:10+00:00,15.118693,270.0
2018-05-10 22:04:20+00:00,13.820123,270.0
2018-05-10 22:04:30+00:00,14.815408,270.0
2018-05-10 22:04:40+00:00,14.066702,270.0
2018-05-10 22:04:50+00:00,13.891472,270.0
2018-05-10 22:05:00+00:00,15.719668,270.0
2018-05-10 22:05:10+00:00,13.485572,270.0
2018-05-10 22:05:20+00:00,14.139269,270.0
2018-05-10 22:05:30+00:00,15.427858,270.0
2018-05-10 22:05:40+00:00,15.866117,270.0
2018-05-10 22:05:50+00:00,14.66815,270.0
2018-05-10 22:06:00+00:00,14.414363,270.0
2018-05-10 22:06:10+00:00,13.680518,270.0
2018-05-10 22:06:20+00:00,12.546203,270.0
2018-05-10 22:06:30+00:00,15.28707,270.0
2018-05-10 22:06:40+00:00,17.23227,270.0
2018-05-10 22:06:50+00:00,15.088355,270.0
2018-05-10 22:07:00+00:00,12.984004,270.0
2018-05-10 22:07:10+00:00,13.579446,270.0
2018-05-10 22:07:20+00:00,15.801112,270.0
2018-05-10 22:07:30+00:00,12.507508,270.0
2018-05-10 22:07:40+00:00,15.498417,270.0
2018-05-10 22:07:50+00:00,14.689816,270.0
2018-05-10 22:08:00+00:00,13.251261,270.0
2018-05-10 22:08:10+00:00,14.559887,270.0
2018-05-10 22:08:20+00:00,13.514994,270.0
2018-05-10 22:08:30+00:00,13.827922,270.0
2018-05-10 22:08:40+00:00,13.381231,270.0
2018-05-10 22:08:50+00:00,13.985956,270.0
2018-05-10 22:09:00+00:00,11.423942,270.0
2018-05-10 22:09:10+00:00,14.897729,270.0
2018-05-10 22:09:20+00:00,15.668276,270.0
2018-05-10 22:09:30+00:00,15.420599,270.0
2018-05-10 22:09:40+00:00,15.868515,270.0
2018-05-10 22:09:50+00:00,13.2983265,270.0
2018-05-10 22:10:00+00:00,13.609477,270.0
2018-05-10 22:10:10+00:00,13.982025,270.0
2018-05-10 22:10:20+00:00,13.468872,270.0
2018-05-10 22:10:30+00:00,14.136419,270.0
2018-05-10 22:10:40+00:00,12.001111,270.0
2018-05-10 22:10:50+00:00,14.51199,270.0
2018-05-10 22:11:00+00:00,14.35083,270.0
2018-05-10 22:11:10+00:00,15.049397,270.0
2018-05-10 22:11:20+00:00,12.729892,270.0
2018-05-10 22:11:30+00:00,13.862284,270.0
2018-05-10 22:11:40+00:00,15.116163,270.0
2018-05-10 22:11:50+00:00,14.710457,270.0
2018-05-10 22:12:00+00:00,13.494619,270.0
2018-05-10 22:12:10+00:00,14.557321,270.0
2018-05-10 22:12:20+00:00,14.386454,270.0
2018-05-10 22:12:30+00:00,14.399831,270.0
2018-05-10 22:12:40+00:00,14.366586,270.0
2018-05-10 22:12:50+00:00,14.445723,270.0
2018-05-10 22:13:00+00:00,14.239937,270.0
2018-05-10 22:13:10+00:00,15.046367,270.0
2018-05-10 22:13:20+00:00,13.668875,270.0
2018-05-10 22:13:30+00:00,14.897288,270.0
2018-05-10 22:13:40+00:00,14.934525,270.0
2018-05-10 22:13:50+00:00,14.864328,270.0
2018-05-10 22:14:00+00:00,15.144513,270.0
2018-05-10 22:14:10+00:00,13.438417,270.0
2018-05-10 22:14:20+00:00,14.073994,270.0
2018-05-10 22:14:30+00:00,14.59741,270.0
2018-05-10 22:14:40+00:00,12.484265,270.0
2018-05-10 22:14:50+00:00,15.458572,270.0
2018-05-10 22:15:00+00:00,16.321007,270.0
2018-05-10 22:15:10+00:00,15.270949,270.0
2018-05-10 22:15:20+00:00,15.507494,270.0
2018-05-10 22:15:30+00:00,15.0644865,270.0
2018-05-10 22:15:40+00:00,15.806682,270.0
2018-05-10 22:15:50+00:00,15.624444,270.0
2018-05-10 22:16:00+00:00,15.452177,270.0
2018-05-10 22:16:10+00:00,13.07742,270.0
2018-05-10 22:16:20+00:00,13.91579,270.0
2018-05-10 22:16:30+00:00,13.198403,270.0
2018-05-10 22:16:40+00:00,13.385097,270.0
2018-05-10 22:16:50+00:00,15.048391,270.0
2018-05-10 22:17:00+00:00,14.95737,270.0
2018-05-10 22:17:10+00:00,13.20253,270.0
2018-05-10 22:17:20+00:00,12.085525,270.0
2018-05-10 22:17:30+00:00,13.749716,270.0
2018-05-10 22:17:40+00:00,14.70757,270.0
2018-05-10 22:17:50+00:00,15.401826,270.0
2018-05-10 22:18:00+00:00,16.37338,270.0
2018-05-10 22:18:10+00:00,14.119668,270.0
2018-05-10 22:18:20+00:00,13.22495,270.0
2018-05-10 22:18:30+00:00,14.19935,270.0
2018-05-10 22:18:40+00:00,17.16284,270.0
2018-05-10 22:18:50+00:00,16.04548,270.0
2018-05-10 22:19:00+00:00,15.387021,270.0
2018-05-10 22:19:10+00:00,17.713726,270.0
2018-05-10 22:19:20+00:00,16.278488,270.0
2018-05-10 22:19:30+00:00,14.469514,270.0
2018-05-10 22:19:40+00:00,16.547152,270.0
2018-05-10 22:19:50+00:00,13.953499,270.0
2018-05-10 22:20:00+00:00,14.698247,270.0
2018-05-10 22:20:10+00:00,14.074695,270.0
2018-05-10 22:20:20+00:00,16.389433,270.0
2018-05-10 22:20:30+00:00,14.79704,270.0
2018-05-10 22:20:40+00:00,14.434559,270.0
2018-05-10 22:20:50+00:00,15.716451,270.0
2018-05-10 22:21:00+00:00,13.265434,270.0
2018-05-10 22:21:10+00:00,17.393751,270.0
2018-05-10 22:21:20+00:00,15.77348,270.0
2018-05-10 22:21:30+00:00,13.596457,270.0
2018-05-10 22:21:40+00:00,14.806755,270.0
2018-05-10 22:21:50+00:00,14.947878,270.0
2018-05-10 22:22:00+00:00,15.224948,270.0
2018-05-10 22:22:10+00:00,16.991829,270.0
2018-05-10 22:22:20+00:00,15.5432825,270.0
2018-05-10 22:22:30+00:00,16.352894,270.0
2018-05-10 22:22:40+00:00,18.273714,270.0
2018-05-10 22:22:50+00:00,14.439865,270.0
2018-05-10 22:23:00+00:00,15.174974,270.0
2018-05-10 22:23:10+00:00,16.026873,270.0
2018-05-10 22:23:20+00:00,15.399148,270.0
2018-05-10 22:23:30+00:00,14.71095,270.0
2018-05-10 22:23:40+00:00,15.169993,270.0
2018-05-10 22:23:50+00:00,15.393376,270.0
2018-05-10 22:24:00+00:00,16.928333,270.0
2018-05-10 22:24:10+00:00,15.369585,270.0
2018-05-10 22:24:20+00:00,16.568382,270.0
2018-05-10 22:24:30+00:00,16.738834,270.0
2018-05-10 22:24:40+00:00,14.998782,270.0
2018-05-10 22:24:50+00:00,15.302612,270.0
2018-05-10 22:25:00+00:00,16.038448,270.0
2018-05-10 22:25:10+00:00,13.61562,270.0
2018-05-10 22:25:20+00:00,14.108255,270.0
2018-05-10 22:25:30+00:00,15.760239,270.0
2018-05-10 22:25:40+00:00,15.586566,270.0
2018-05-10 22:25:50+00:00,14.660384,270.0
2018-05-10 22:26:00+00:00,15.75384,270.0
2018-05-10 22:26:10+00:00,18.61297,270.0
2018-05-10 22:26:20+00:00,14.829329,270.0
2018-05-10 22:26:30+00:00,17.125042,270.0
2018-05-10 22:26:40+00:00,15.509617,270.0
2018-05-10 22:26:50+00:00,16.179144,270.0
2018-05-10 22:27:00+00:00,14.616362,270.0
2018-05-10 22:27:10+00:00,16.543974,270.0
2018-05-10 22:27:20+00:00,15.725669,270.0
2018-05-10 22:27:30+00:00,18.488506,270.0
2018-05-10 22:27:40+00:00,15.091164,270.0
2018-05-10 22:27:50+00:00,14.362962,270.0
2018-05-10 22:28:00+00:00,15.762768,270.0
2018-05-10 22:28:10+00:00,14.067155,270.0
2018-05-10 22:28:20+00:00,15.436023,270.0
2018-05-10 22:28:30+00:00,15.850468,270.0
2018-05-10 22:28:40+00:00,14.877198,270.0
2018-05-10 22:28:50+00:00,12.688463,270.0
2018-05-10 22:29:00+00:00,16.244156,270.0
2018-05-10 22:29:10+00:00,16.216265,270.0
2018-05-10 22:29:20+00:00,15.012047,270.0
2018-05-10 22:29:30+00:00,15.955317,270.0
2018-05-10 22:29:40+00:00,14.7608595,270.0
2018-05-10 22:29:50+00:00,14.616115,270.0
2018-05-10 22:30:00+00:00,15.380844,270.0
2018-05-10 22:30:10+00:00,13.705762,270.0
2018-05-10 22:30:20+00:00,15.749401,270.0
2018-05-10 22:30:30+00:00,16.076944,270.0
2018-05-10 22:30:40+00:00,14.062156,270.0
2018-05-10 22:30:50+00:00,15.272675,270.0
2018-05-10 22:31:00+00:00,15.504633,270.0
2018-05-10 22:31:10+00:00,14.119537,270.0
2018-05-10 22:31:20+00:00,15.4935665,270.0
2018-05-10 22:31:30+00:00,14.104441,270.0
2018-05-10 22:31:40+00:00,14.897116,270.0
2018-05-10 22:31:50+00:00,17.873905,270.0
2018-05-10 22:32:00+00:00,17.765821,270.0
2018-05-10 22:32:10+00:00,14.977958,270.0
2018-05-10 22:32:20+00:00,14.024904,270.0
2018-05-10 22:32:30+00:00,11.951539,270.0
2018-05-10 22:32:40+00:00,17.702246,270.0
2018-05-10 22:32:50+00:00,14.601097,270.0
2018-05-10 22:33:00+00:00,15.453361,270.0
2018-05-10 22:33:10+00:00,16.423079,270.0
2018-05-10 22:33:20+00:00,16.202938,270.0
2018-05-10 22:33:30+00:00,15.420788,270.0
2018-05-10 22:33:40+00:00,16.877779,270.0
2018-05-10 22:33:50+00:00,13.645827,270.0
2018-05-10 22:34:00+00:00,16.591946,270.0
2018-05-10 22:34:10+00:00,15.170979,270.0
2018-05-10 22:34:20+00:00,16.874825,270.0
2018-05-10 22:34:30+00:00,14.24986,270.0
2018-05-10 22:34:40+00:00,15.976078,270.0
2018-05-10 22:34:50+00:00,14.999317,270.0
2018-05-10 22:35:00+00:00,12.839105,270.0
2018-05-10 22:35:10+00:00,16.283026,270.0
2018-05-10 22:35:20+00:00,15.734317,270.0
2018-05-10 22:35:30+00:00,15.53538,270.0
2018-05-10 22:35:40+00:00,14.600282,270.0
2018-05-10 22:35:50+00:00,17.998316,270.0
2018-05-10 22:36:00+00:00,15.499495,270.0
2018-05-10 22:36:10+00:00,14.989226,270.0
2018-05-10 22:36:20+00:00,14.637832,270.0
2018-05-10 22:36:30+00:00,14.340496,270.0
2018-05-10 22:36:40+00:00,14.615618,270.0
2018-05-10 22:36:50+00:00,15.289309,270.0
2018-05-10 22:37:00+00:00,14.2177105,270.0
2018-05-10 22:37:10+00:00,14.534418,270.0
2018-05-10 22:37:20+00:00,15.246173,270.0
2018-05-10 22:37:30+00:00,14.278413,270.0
2018-05-10 22:37:40+00:00,14.511073,270.0
2018-05-10 22:37:50+00:00,17.42536,270.0
2018-05-10 22:38:00+00:00,18.459064,270.0
2018-05-10 22:38:10+00:00,15.667084,270.0
2018-05-10 22:38:20+00:00,15.941491,270.0
2018-05-10 22:38:30+00:00,16.020393,270.0
2018-05-10 22:38:40+00:00,15.044322,270.0
2018-05-10 22:38:50+00:00,14.815417,270.0
2018-05-10 22:39:00+00:00,14.28337,270.0
2018-05-10 22:39:10+00:00,14.053006,270.0
2018-05-10 22:39:20+00:00,14.702877,270.0
2018-05-10 22:39:30+00:00,15.173795,270.0
2018-05-10 22:39:40+00:00,12.683032,270.0
2018-05-10 22:39:50+00:00,14.055905,270.0
2018-05-10 22:40:00+00:00,15.644351,270.0
2018-05-10 22:40:10+00:00,15.595066,270.0
2018-05-10 22:40:20+00:00,15.5506525,270.0
2018-05-10 22:40:30+00:00,16.19101,270.0
2018-05-10 22:40:40+00:00,14.142067,270.0
2018-05-10 22:40:50+00:00,14.37684,270.0
2018-05-10 22:41:00+00:00,15.792023,270.0
2018-05-10 22:41:10+00:00,15.925595,270.0
2018-05-10 22:41:20+00:00,14.401235,270.0
2018-05-10 22:41:30+00:00,16.753345,270.0
2018-05-10 22:41:40+00:00,13.433146,270.0
2018-05-10 22:41:50+00:00,17.498905,270.0
2018-05-10 22:42:00+00:00,15.581441,270.0
2018-05-10 22:42:10+00:00,16.009293,270.0
2018-05-10 22:42:20+00:00,14.410752,270.0
2018-05-10 22:42:30+00:00,16.552452,270.0
2018-05-10 22:42:40+00:00,15.1103945,270.0
2018-05-10 22:42:50+00:00,14.780706,270.0
2018-05-10 22:43:00+00:00,14.9706545,270.0
2018-05-10 22:43:10+00:00,16.272654,270.0
2018-05-10 22:43:20+00:00,17.137094,270.0
2018-05-10 22:43:30+00:00,14.7740345,270.0
2018-05-10 22:43:40+00:00,15.881966,270.0
2018-05-10 22:43:50+00:00,15.713116,270.0
2018-05-10 22:44:00+00:00,15.510852,270.0
2018-05-10 22:44:10+00:00,14.271742,270.0
2018-05-10 22:44:20+00:00,14.329132,270.0
2018-05-10 22:44:30+00:00,14.346068,270.0
2018-05-10 22:44:40+00:00,15.505027,270.0
2018-05-10 22:44:50+00:00,12.971885,270.0
2018-05-10 22:45:00+00:00,18.159237,270.0
2018-05-10 22:45:10+00:00,16.184868,270.0
2018-05-10 22:45:20+00:00,14.920475,270.0
2018-05-10 22:45:30+00:00,15.613664,270.0
2018-05-10 22:45:40+00:00,16.528006,270.0
2018-05-10 22:45:50+00:00,16.191406,270.0
2018-05-10 22:46:00+00:00,16.49813,270.0
2018-05-10 22:46:10+00:00,14.909385,270.0
2018-05-10 22:46:20+00:00,15.99442,270.0
2018-05-10 22:46:30+00:00,14.768291,270.0
2018-05-10 22:46:40+00:00,15.094393,270.0
2018-05-10 22:46:50+00:00,15.336823,270.0
2018-05-10 22:47:00+00:00,15.776578,270.0
2018-05-10 22:47:10+00:00,13.151368,270.0
2018-05-10 22:47:20+00:00,14.74029,270.0
2018-05-10 22:47:30+00:00,16.246592,270.0
2018-05-10 22:47:40+00:00,16.386786,270.0
2018-05-10 22:47:50+00:00,13.714914,270.0
2018-05-10 22:48:00+00:00,14.993354,270.0
2018-05-10 22:48:10+00:00,15.309778,270.0
2018-05-10 22:48:20+00:00,13.530045,270.0
2018-05-10 22:48:30+00:00,14.207942,270.0
2018-05-10 22:48:40+00:00,15.53734,270.0
2018-05-10 22:48:50+00:00,17.138813,270.0
2018-05-10 22:49:00+00:00,16.878923,270.0
2018-05-10 22:49:10+00:00,15.738747,270.0
2018-05-10 22:49:20+00:00,15.720245,270.0
2018-05-10 22:49:30+00:00,15.330837,270.0
2018-05-10 22:49:40+00:00,14.932827,270.0
2018-05-10 22:49:50+00:00,14.929382,270.0
2018-05-10 22:50:00+00:00,17.017403,270.0
2018-05-10 22:50:10+00:00,13.281853,270.0
2018-05-10 22:50:20+00:00,14.875628,270.0
2018-05-10 22:50:30+00:00,16.420546,270.0
2018-05-10 22:50:40+00:00,14.909501,270.0
2018-05-10 22:50:50+00:00,15.783816,270.0
2018-05-10 22:51:00+00:00,16.343184,270.0
2018-05-10 22:51:10+00:00,15.505975,270.0
2018-05-10 22:51:20+00:00,15.711478,270.0
2018-05-10 22:51:30+00:00,15.000994,270.0
2018-05-10 22:51:40+00:00,15.643486,270.0
2018-05-10 22:51:50+00:00,17.022697,270.0
2018-05-10 22:52:00+00:00,15.368886,270.0
2018-05-10 22:52:10+00:00,14.123754,270.0
2018-05-10 22:52:20+00:00,17.78578,270.0
2018-05-10 22:52:30+00:00,15.320619,270.0
2018-05-10 22:52:40+00:00,15.046423,270.0
2018-05-10 22:52:50+00:00,14.86997,270.0
2018-05-10 22:53:00+00:00,15.488148,270.0
2018-05-10 22:53:10+00:00,15.313825,270.0
2018-05-10 22:53:20+00:00,15.460507,270.0
2018-05-10 22:53:30+00:00,15.128131,270.0
2018-05-10 22:53:40+00:00,15.439355,270.0
2018-05-10 22:53:50+00:00,14.596765,270.0
2018-05-10 22:54:00+00:00,13.158518,270.0
2018-05-10 22:54:10+00:00,14.287873,270.0
2018-05-10 22:54:20+00:00,17.169874,270.0
2018-05-10 22:54:30+00:00,17.161707,270.0
2018-05-10 22:54:40+00:00,15.216933,270.0
2018-05-10 22:54:50+00:00,15.622214,270.0
2018-05-10 22:55:00+00:00,16.417683,270.0
2018-05-10 22:55:10+00:00,13.915789,270.0
2018-05-10 22:55:20+00:00,13.300188,270.0
2018-05-10 22:55:30+00:00,14.629978,270.0
2018-05-10 22:55:40+00:00,16.058846,270.0
2018-05-10 22:55:50+00:00,15.544565,270.0
2018-05-10 22:56:00+00:00,15.6396475,270.0
2018-05-10 22:56:10+00:00,14.949339,270.0
2018-05-10 22:56:20+00:00,16.059412,270.0
2018-05-10 22:56:30+00:00,14.048265,270.0
2018-05-10 22:56:40+00:00,15.212602,270.0
2018-05-10 22:56:50+00:00,16.272005,270.0
2018-05-10 22:57:00+00:00,15.693171,270.0
2018-05-10 22:57:10+00:00,15.459001,270.0
2018-05-10 22:57:20+00:00,13.759225,270.0
2018-05-10 22:57:30+00:00,14.852144,270.0
2018-05-10 22:57:40+00:00,13.744397,270.0
2018-05-10 22:57:50+00:00,13.28963,270.0
2018-05-10 22:58:00+00:00,14.536995,270.0
2018-05-10 22:58:10+00:00,13.368758,270.0
2018-05-10 22:58:20+00:00,14.973684,270.0
2018-05-10 22:58:30+00:00,16.358063,270.0
2018-05-10 22:58:40+00:00,17.877003,270.0
2018-05-10 22:58:50+00:00,16.464884,270.0
2018-05-10 22:59:00+00:00,12.530949,270.0
2018-05-10 22:59:10+00:00,15.737323,270.0
2018-05-10 22:59:20+00:00,16.251953,270.0
2018-05-10 22:59:30+00:00,16.668474,270.0
2018-05-10 22:59:40+00:00,13.553035,270.0
2018-05-10 22:59:50+00:00,16.47428,270.0
2018-05-10 23:00:00+00:00,15.90059,270.0
2018-05-10 23:00:10+00:00,13.283412,270.0
2018-05-10 23:00:20+00:00,16.011274,270.0
2018-05-10 23:00:30+00:00,14.710929,270.0
2018-05-10 23:00:40+00:00,18.53983,270.0
2018-05-10 23:00:50+00:00,14.373534,270.0
2018-05-10 23:01:00+00:00,16.933521,270.0
2018-05-10 23:01:10+00:00,16.644041,270.0
2018-05-10 23:01:20+00:00,15.562986,270.0
2018-05-10 23:01:30+00:00,15.657051,270.0
2018-05-10 23:01:40+00:00,15.744737,270.0
2018-05-10 23:01:50+00:00,16.837269,270.0
2018-05-10 23:02:00+00:00,15.029777,270.0
2018-05-10 23:02:10+00:00,15.511402,270.0
2018-05-10 23:02:20+00:00,15.782701,270.0
2018-05-10 23:02:30+00:00,15.910554,270.0
2018-05-10 23:02:40+00:00,15.654589,270.0
2018-05-10 23:02:50+00:00,14.157617,270.0
2018-05-10 23:03:00+00:00,15.552818,270.0
2018-05-10 23:03:10+00:00,14.128398,270.0
2018-05-10 23:03:20+00:00,12.523883,270.0
2018-05-10 23:03:30+00:00,15.6172695,270.0
2018-05-10 23:03:40+00:00,14.043417,270.0
2018-05-10 23:03:50+00:00,16.663437,270.0
2018-05-10 23:04:00+00:00,15.140721,270.0
2018-05-10 23:04:10+00:00,15.526059,270.0
2018-05-10 23:04:20+00:00,14.2557,270.0
2018-05-10 23:04:30+00:00,16.872238,270.0
2018-05-10 23:04:40+00:00,14.434889,270.0
2018-05-10 23:04:50+00:00,15.7499895,270.0
2018-05-10 23:05:00+00:00,14.4805155,270.0
2018-05-10 23:05:10+00:00,16.304108,270.0
2018-05-10 23:05:20+00:00,15.073931,270.0
2018-05-10 23:05:30+00:00,15.43625,270.0
2018-05-10 23:05:40+00:00,12.836983,270.0
2018-05-10 23:05:50+00:00,14.511289,270.0
2018-05-10 23:06:00+00:00,14.027543,270.0
2018-05-10 23:06:10+00:00,16.608385,270.0
2018-05-10 23:06:20+00:00,13.263457,270.0
2018-05-10 23:06:30+00:00,15.535218,270.0
2018-05-10 23:06:40+00:00,14.450384,270.0
2018-05-10 23:06:50+00:00,17.146599,270.0
2018-05-10 23:07:00+00:00,15.203979,270.0
2018-05-10 23:07:10+00:00,15.935726,270.0
2018-05-10 23:07:20+00:00,13.784263,270.0
2018-05-10 23:07:30+00:00,14.575582,270.0
2018-05-10 23:07:40+00:00,12.592376,270.0
2018-05-10 23:07:50+00:00,15.617322,270.0
2018-05-10 23:08:00+00:00,16.165176,270.0
2018-05-10 23:08:10+00:00,15.92775,270.0
2018-05-10 23:08:20+00:00,13.599287,270.0
2018-05-10 23:08:30+00:00,15.378695,270.0
2018-05-10 23:08:40+00:00,14.7699375,270.0
2018-05-10 23:08:50+00:00,15.955295,270.0
2018-05-10 23:09:00+00:00,14.302921,270.0
2018-05-10 23:09:10+00:00,15.237364,270.0
2018-05-10 23:09:20+00:00,14.748886,270.0
2018-05-10 23:09:30+00:00,14.650581,270.0
2018-05-10 23:09:40+00:00,15.237826,270.0
2018-05-10 23:09:50+00:00,13.724633,270.0
2018-05-10 23:10:00+00:00,15.239185,270.0
2018-05-10 23:10:10+00:00,13.029466,270.0
2018-05-10 23:10:20+00:00,15.623734,270.0
2018-05-10 23:10:30+00:00,15.013308,270.0
2018-05-10 23:10:40+00:00,15.077238,270.0
2018-05-10 23:10:50+00:00,16.58598,270.0
2018-05-10 23:11:00+00:00,15.33123,270.0
2018-05-10 23:11:10+00:00,14.774767,270.0
2018-05-10 23:11:20+00:00,13.610467,270.0
2018-05-10 23:11:30+00:00,15.311872,270.0
2018-05-10 23:11:40+00:00,14.513278,270.0
2018-05-10 23:11:50+00:00,14.309496,270.0
2018-05-10 23:12:00+00:00,13.749549,270.0
2018-05-10 23:12:10+00:00,14.427931,270.0
2018-05-10 23:12:20+00:00,14.61568,270.0
2018-05-10 23:12:30+00:00,16.842371,270.0
2018-05-10 23:12:40+00:00,14.991769,270.0
2018-05-10 23:12:50+00:00,14.775215,270.0
2018-05-10 23:13:00+00:00,14.283345,270.0
2018-05-10 23:13:10+00:00,14.803597,270.0
2018-05-10 23:13:20+00:00,15.600052,270.0
2018-05-10 23:13:30+00:00,16.86338,270.0
2018-05-10 23:13:40+00:00,14.440226,270.0
2018-05-10 23:13:50+00:00,13.019118,270.0
2018-05-10 23:14:00+00:00,15.582428,270.0
2018-05-10 23:14:10+00:00,15.16503,270.0
2018-05-10 23:14:20+00:00,13.800837,270.0
2018-05-10 23:14:30+00:00,13.808988,270.0
2018-05-10 23:14:40+00:00,15.616891,270.0
2018-05-10 23:14:50+00:00,14.3366785,270.0
2018-05-10 23:15:00+00:00,16.14093,270.0
2018-05-10 23:15:10+00:00,16.03899,270.0
2018-05-10 23:15:20+00:00,15.975395,270.0
2018-05-10 23:15:30+00:00,14.496323,270.0
2018-05-10 23:15:40+00:00,14.404536,270.0
2018-05-10 23:15:50+00:00,14.994486,270.0
2018-05-10 23:16:00+00:00,16.656048,270.0
2018-05-10 23:16:10+00:00,15.186526,270.0
2018-05-10 23:16:20+00:00,14.126211,270.0
2018-05-10 23:16:30+00:00,14.567044,270.0
2018-05-10 23:16:40+00:00,16.56785,270.0
2018-05-10 23:16:50+00:00,14.497935,270.0
2018-05-10 23:17:00+00:00,14.367856,270.0
2018-05-10 23:17:10+00:00,13.741363,270.0
2018-05-10 23:17:20+00:00,15.473898,270.0
2018-05-10 23:17:30+00:00,14.902624,270.0
2018-05-10 23:17:40+00:00,16.333609,270.0
2018-05-10 23:17:50+00:00,15.272416,270.0
2018-05-10 23:18:00+00:00,14.486116,270.0
2018-05-10 23:18:10+00:00,14.443208,270.0
2018-05-10 23:18:20+00:00,14.513537,270.0
2018-05-10 23:18:30+00:00,14.566188,270.0
2018-05-10 23:18:40+00:00,16.149473,270.0
2018-05-10 23:18:50+00:00,16.10064,270.0
2018-05-10 23:19:00+00:00,17.826195,270.0
2018-05-10 23:19:10+00:00,16.381992,270.0
2018-05-10 23:19:20+00:00,16.916723,270.0
2018-05-10 23:19:30+00:00,17.932013,270.0
2018-05-10 23:19:40+00:00,13.779309,270.0
2018-05-10 23:19:50+00:00,15.199254,270.0
2018-05-10 23:20:00+00:00,14.694397,270.0
2018-05-10 23:20:10+00:00,15.973754,270.0
2018-05-10 23:20:20+00:00,16.143085,270.0
2018-05-10 23:20:30+00:00,15.883298,270.0
2018-05-10 23:20:40+00:00,13.800285,270.0
2018-05-10 23:20:50+00:00,15.720923,270.0
2018-05-10 23:21:00+00:00,15.483761,270.0
2018-05-10 23:21:10+00:00,14.874055,270.0
2018-05-10 23:21:20+00:00,15.701883,270.0
2018-05-10 23:21:30+00:00,15.846555,270.0
2018-05-10 23:21:40+00:00,16.119547,270.0
2018-05-10 23:21:50+00:00,13.638289,270.0
2018-05-10 23:22:00+00:00,13.777901,270.0
2018-05-10 23:22:10+00:00,17.026976,270.0
2018-05-10 23:22:20+00:00,13.577231,270.0
2018-05-10 23:22:30+00:00,16.667408,270.0
2018-05-10 23:22:40+00:00,15.893572,270.0
2018-05-10 23:22:50+00:00,18.67535,270.0
2018-05-10 23:23:00+00:00,16.727844,270.0
2018-05-10 23:23:10+00:00,16.649271,270.0
2018-05-10 23:23:20+00:00,15.023353,270.0
2018-05-10 23:23:30+00:00,13.585643,270.0
2018-05-10 23:23:40+00:00,17.611864,270.0
2018-05-10 23:23:50+00:00,16.113937,270.0
2018-05-10 23:24:00+00:00,15.236856,270.0
2018-05-10 23:24:10+00:00,13.852169,270.0
2018-05-10 23:24:20+00:00,12.80592,270.0
2018-05-10 23:24:30+00:00,14.965861,270.0
2018-05-10 23:24:40+00:00,13.948153,270.0
2018-05-10 23:24:50+00:00,12.618489,270.0
2018-05-10 23:25:00+00:00,14.115623,270.0
2018-05-10 23:25:10+00:00,13.966384,270.0
2018-05-10 23:25:20+00:00,14.692598,270.0
2018-05-10 23:25:30+00:00,16.554445,270.0
2018-05-10 23:25:40+00:00,16.85189,270.0
2018-05-10 23:25:50+00:00,15.054018,270.0
2018-05-10 23:26:00+00:00,15.536236,270.0
2018-05-10 23:26:10+00:00,15.431248,270.0
2018-05-10 23:26:20+00:00,15.684684,270.0
2018-05-10 23:26:30+00:00,16.211884,270.0
2018-05-10 23:26:40+00:00,18.00357,270.0
2018-05-10 23:26:50+00:00,16.381977,270.0
2018-05-10 23:27:00+00:00,16.64558,270.0
2018-05-10 23:27:10+00:00,14.736944,270.0
2018-05-10 23:27:20+00:00,16.947142,270.0
2018-05-10 23:27:30+00:00,16.511269,270.0
2018-05-10 23:27:40+00:00,15.424957,270.0
2018-05-10 23:27:50+00:00,15.143461,270.0
2018-05-10 23:28:00+00:00,14.387013,270.0
2018-05-10 23:28:10+00:00,16.091368,270.0
2018-05-10 23:28:20+00:00,14.043646,270.0
2018-05-10 23:28:30+00:00,14.4348345,270.0
2018-05-10 23:28:40+00:00,16.642921,270.0
2018-05-10 23:28:50+00:00,13.911167,270.0
2018-05-10 23:29:00+00:00,15.614918,270.0
2018-05-10 23:29:10+00:00,16.676542,270.0
2018-05-10 23:29:20+00:00,18.417374,270.0
2018-05-10 23:29:30+00:00,15.661726,270.0
2018-05-10 23:29:40+00:00,17.011925,270.0
2018-05-10 23:29:50+00:00,17.369112,270.0
2018-05-10 23:30:00+00:00,14.233104,270.0
2018-05-10 23:30:10+00:00,15.285058,270.0
2018-05-10 23:30:20+00:00,13.688807,270.0
2018-05-10 23:30:30+00:00,17.689737,270.0
2018-05-10 23:30:40+00:00,17.326082,270.0
2018-05-10 23:30:50+00:00,16.36916,270.0
2018-05-10 23:31:00+00:00,16.732641,270.0
2018-05-10 23:31:10+00:00,18.177425,270.0
2018-05-10 23:31:20+00:00,14.667304,270.0
2018-05-10 23:31:30+00:00,17.305231,270.0
2018-05-10 23:31:40+00:00,14.916035,270.0
2018-05-10 23:31:50+00:00,16.82482,270.0
2018-05-10 23:32:00+00:00,15.499035,270.0
2018-05-10 23:32:10+00:00,15.423554,270.0
2018-05-10 23:32:20+00:00,15.542846,270.0
2018-05-10 23:32:30+00:00,13.7058735,270.0
2018-05-10 23:32:40+00:00,15.968343,270.0
2018-05-10 23:32:50+00:00,16.514328,270.0
2018-05-10 23:33:00+00:00,16.424772,270.0
2018-05-10 23:33:10+00:00,14.805009,270.0
2018-05-10 23:33:20+00:00,16.214985,270.0
2018-05-10 23:33:30+00:00,16.86137,270.0
2018-05-10 23:33:40+00:00,13.8778715,270.0
2018-05-10 23:33:50+00:00,13.126213,270.0
2018-05-10 23:34:00+00:00,16.542053,270.0
2018-05-10 23:34:10+00:00,15.032849,270.0
2018-05-10 23:34:20+00:00,13.5550785,270.0
2018-05-10 23:34:30+00:00,17.009638,270.0
2018-05-10 23:34:40+00:00,15.70977,270.0
2018-05-10 23:34:50+00:00,15.011191,270.0
2018-05-10 23:35:00+00:00,14.586052,270.0
2018-05-10 23:35:10+00:00,20.14471,270.0
2018-05-10 23:35:20+00:00,14.766905,270.0
2018-05-10 23:35:30+00:00,16.909643,270.0
2018-05-10 23:35:40+00:00,17.854506,270.0
2018-05-10 23:35:50+00:00,17.11423,270.0
2018-05-10 23:36:00+00:00,14.110007,270.0
2018-05-10 23:36:10+00:00,16.485449,270.0
2018-05-10 23:36:20+00:00,17.291428,270.0
2018-05-10 23:36:30+00:00,17.656448,270.0
2018-05-10 23:36:40+00:00,15.238317,270.0
2018-05-10 23:36:50+00:00,14.976685,270.0
2018-05-10 23:37:00+00:00,15.439585,270.0
2018-05-10 23:37:10+00:00,16.886381,270.0
2018-05-10 23:37:20+00:00,16.402174,270.0
2018-05-10 23:37:30+00:00,17.725372,270.0
2018-05-10 23:37:40+00:00,17.84656,270.0
2018-05-10 23:37:50+00:00,17.652697,270.0
2018-05-10 23:38:00+00:00,14.29897,270.0
2018-05-10 23:38:10+00:00,13.592619,270.0
2018-05-10 23:38:20+00:00,17.496132,270.0
2018-05-10 23:38:30+00:00,15.5321455,270.0
2018-05-10 23:38:40+00:00,16.695406,270.0
2018-05-10 23:38:50+00:00,15.545089,270.0
2018-05-10 23:39:00+00:00,14.809252,270.0
2018-05-10 23:39:10+00:00,16.829548,270.0
2018-05-10 23:39:20+00:00,16.477774,270.0
2018-05-10 23:39:30+00:00,15.401,270.0
2018-05-10 23:39:40+00:00,16.989525,270.0
2018-05-10 23:39:50+00:00,15.464255,270.0
2018-05-10 23:40:00+00:00,17.500097,270.0
2018-05-10 23:40:10+00:00,16.144342,270.0
2018-05-10 23:40:20+00:00,16.322332,270.0
2018-05-10 23:40:30+00:00,15.211332,270.0
2018-05-10 23:40:40+00:00,16.526295,270.0
2018-05-10 23:40:50+00:00,15.815244,270.0
2018-05-10 23:41:00+00:00,15.734314,270.0
2018-05-10 23:41:10+00:00,16.176136,270.0
2018-05-10 23:41:20+00:00,16.452295,270.0
2018-05-10 23:41:30+00:00,11.996157,270.0
2018-05-10 23:41:40+00:00,16.64176,270.0
2018-05-10 23:41:50+00:00,18.80283,270.0
2018-05-10 23:42:00+00:00,15.144595,270.0
2018-05-10 23:42:10+00:00,15.272077,270.0
2018-05-10 23:42:20+00:00,17.283085,270.0
2018-05-10 23:42:30+00:00,15.743588,270.0
2018-05-10 23:42:40+00:00,15.835668,270.0
2018-05-10 23:42:50+00:00,15.722253,270.0
2018-05-10 23:43:00+00:00,17.48319,270.0
2018-05-10 23:43:10+00:00,16.085382,270.0
2018-05-10 23:43:20+00:00,15.959583,270.0
2018-05-10 23:43:30+00:00,16.711504,270.0
2018-05-10 23:43:40+00:00,18.084179,270.0
2018-05-10 23:43:50+00:00,17.419098,270.0
2018-05-10 23:44:00+00:00,16.52257,270.0
2018-05-10 23:44:10+00:00,18.795177,270.0
2018-05-10 23:44:20+00:00,15.920479,270.0
2018-05-10 23:44:30+00:00,15.767053,270.0
2018-05-10 23:44:40+00:00,16.26159,270.0
2018-05-10 23:44:50+00:00,15.911015,270.0
2018-05-10 23:45:00+00:00,16.84951,270.0
2018-05-10 23:45:10+00:00,16.49982,270.0
2018-05-10 23:45:20+00:00,15.607328,270.0
2018-05-10 23:45:30+00:00,17.712315,270.0
2018-05-10 23:45:40+00:00,14.889497,270.0
2018-05-10 23:45:50+00:00,17.228035,270.0
2018-05-10 23:46:00+00:00,15.741875,270.0
2018-05-10 23:46:10+00:00,16.734205,270.0
2018-05-10 23:46:20+00:00,15.899152,270.0
2018-05-10 23:46:30+00:00,14.118241,270.0
2018-05-10 23:46:40+00:00,16.201357,270.0
2018-05-10 23:46:50+00:00,15.260645,270.0
2018-05-10 23:47:00+00:00,16.599716,270.0
2018-05-10 23:47:10+00:00,17.999546,270.0
2018-05-10 23:47:20+00:00,15.141983,270.0
2018-05-10 23:47:30+00:00,17.82498,270.0
2018-05-10 23:47:40+00:00,13.02434,270.0
2018-05-10 23:47:50+00:00,17.219719,270.0
2018-05-10 23:48:00+00:00,15.698903,270.0
2018-05-10 23:48:10+00:00,18.330091,270.0
2018-05-10 23:48:20+00:00,16.86988,270.0
2018-05-10 23:48:30+00:00,16.009462,270.0
2018-05-10 23:48:40+00:00,15.25532,270.0
2018-05-10 23:48:50+00:00,13.88164,270.0
2018-05-10 23:49:00+00:00,17.812853,270.0
2018-05-10 23:49:10+00:00,14.921379,270.0
2018-05-10 23:49:20+00:00,16.105808,270.0
2018-05-10 23:49:30+00:00,16.843344,270.0
2018-05-10 23:49:40+00:00,13.840002,270.0
2018-05-10 23:49:50+00:00,17.72441,270.0
2018-05-10 23:50:00+00:00,19.281689,270.0
2018-05-10 23:50:10+00:00,15.769916,270.0
2018-05-10 23:50:20+00:00,15.2482395,270.0
2018-05-10 23:50:30+00:00,16.711014,270.0
2018-05-10 23:50:40+00:00,17.431805,270.0
2018-05-10 23:50:50+00:00,15.38221,270.0
2018-05-10 23:51:00+00:00,17.992489,270.0
2018-05-10 23:51:10+00:00,15.026209,270.0
2018-05-10 23:51:20+00:00,16.613945,270.0
2018-05-10 23:51:30+00:00,15.851574,270.0
2018-05-10 23:51:40+00:00,17.24658,270.0
2018-05-10 23:51:50+00:00,15.969987,270.0
2018-05-10 23:52:00+00:00,17.869835,270.0
2018-05-10 23:52:10+00:00,15.331433,270.0
2018-05-10 23:52:20+00:00,16.547115,270.0
2018-05-10 23:52:30+00:00,13.795288,270.0
2018-05-10 23:52:40+00:00,15.75888,270.0
2018-05-10 23:52:50+00:00,17.550611,270.0
2018-05-10 23:53:00+00:00,18.090435,270.0
2018-05-10 23:53:10+00:00,16.162058,270.0
2018-05-10 23:53:20+00:00,15.875245,270.0
2018-05-10 23:53:30+00:00,18.587702,270.0
2018-05-10 23:53:40+00:00,16.269781,270.0
2018-05-10 23:53:50+00:00,16.305424,270.0
2018-05-10 23:54:00+00:00,14.609718,270.0
2018-05-10 23:54:10+00:00,15.578976,270.0
2018-05-10 23:54:20+00:00,15.785649,270.0
2018-05-10 23:54:30+00:00,19.886145,270.0
2018-05-10 23:54:40+00:00,19.62727,270.0
2018-05-10 23:54:50+00:00,18.815374,270.0
2018-05-10 23:55:00+00:00,18.979366,270.0
2018-05-10 23:55:10+00:00,16.757215,270.0
2018-05-10 23:55:20+00:00,16.060244,270.0
2018-05-10 23:55:30+00:00,15.646226,270.0
2018-05-10 23:55:40+00:00,17.32627,270.0
2018-05-10 23:55:50+00:00,17.681541,270.0
2018-05-10 23:56:00+00:00,15.274337,270.0
2018-05-10 23:56:10+00:00,16.113703,270.0
2018-05-10 23:56:20+00:00,16.231722,270.0
2018-05-10 23:56:30+00:00,16.825167,270.0
2018-05-10 23:56:40+00:00,17.200937,270.0
2018-05-10 23:56:50+00:00,17.500809,270.0
2018-05-10 23:57:00+00:00,15.477899,270.0
2018-05-10 23:57:10+00:00,17.43031,270.0
2018-05-10 23:57:20+00:00,17.629818,270.0
2018-05-10 23:57:30+00:00,16.471855,270.0
2018-05-10 23:57:40+00:00,16.495382,270.0
2018-05-10 23:57:50+00:00,17.017239,270.0
2018-05-10 23:58:00+00:00,14.344078,270.0
2018-05-10 23:58:10+00:00,16.066246,270.0
2018-05-10 23:58:20+00:00,15.633231,270.0
2018-05-10 23:58:30+00:00,15.836467,270.0
2018-05-10 23:58:40+00:00,14.802668,270.0
2018-05-10 23:58:50+00:00,16.049173,270.0
2018-05-10 23:59:00+00:00,16.499603,270.0
2018-05-10 23:59:10+00:00,14.73848,270.0
2018-05-10 23:59:20+00:00,16.62534,270.0
2018-05-10 23:59:30+00:00,17.285637,270.0
2018-05-10 23:59:40+00:00,13.748631,270.0
2018-05-10 23:59:50+00:00,17.285494,270.0
2018-05-11 00:00:00+00:00,17.300117,270.0
