# vtk DataFile Version 3.0
Low resolution, disturbed wind of XY Slice at time = 0 seconds.
ASCII
DATASET STRUCTURED_POINTS
DIMENSIONS   100    83     1
ORIGIN    -360.00    -382.00      80.00
SPACING      24.00       9.30       9.30
POINT_DATA            8300
VECTORS Velocity float
      7.07      -0.19       0.41
      7.56      -0.93      -0.14
      7.48      -0.57       0.30
      7.74      -0.21      -0.08
      7.86      -0.32      -0.38
      7.83      -0.57       0.24
      7.74      -0.49      -0.44
      7.48      -0.47       0.07
      8.03      -0.03       0.24
      7.98       0.04       0.18
      7.90      -0.14       0.28
      8.52       0.36       0.46
      8.15       0.13       0.13
      7.91       0.61      -0.21
      8.11       0.26       0.17
      7.69      -0.10       0.15
      7.95      -0.69       0.28
      7.46       0.15      -0.52
      7.09      -0.24       0.05
      7.60      -0.17      -0.12
      7.55       0.02      -0.15
      7.27      -0.03      -0.39
      7.34       0.37      -0.18
      7.14       0.15      -0.03
      7.12       0.84      -0.69
      6.94       0.39      -0.31
      6.97       0.36      -0.21
      7.15      -0.26      -0.08
      6.45      -0.11      -0.02
      6.74       0.11      -0.60
      7.53      -0.54      -0.53
      7.64      -0.00      -0.44
      7.85      -0.09      -0.23
      7.44       0.05       0.30
      7.87      -0.16       0.12
      7.79       0.18       0.26
      8.03       0.12       0.68
      7.76       0.16       0.15
      8.16      -0.21      -0.03
      8.19       0.16      -0.27
      8.39       0.26       0.11
      8.42      -0.19      -0.05
      8.17       0.40       0.03
      8.05       0.30       0.05
      7.95      -0.03       0.37
      8.31       0.51       0.22
      8.21       0.26      -0.01
      7.96       0.41      -0.30
      7.95       0.35       0.21
      8.01      -0.05      -0.07
      8.47      -0.12      -0.40
      8.09       0.40      -0.04
      8.45       0.17      -0.20
      8.03      -0.03       0.13
      8.12      -0.02       0.19
      8.02       0.10       0.07
      7.66      -0.45       0.09
      7.58      -0.05       0.16
      8.24      -0.15       0.23
      8.10      -0.30      -0.03
      7.34      -0.01       0.17
      6.92       0.22       0.18
      7.14      -0.20       0.13
      7.42       0.04       0.15
      7.70       0.21       0.35
      7.52       0.33       0.21
      7.25       0.14      -0.12
      7.31       0.42       0.09
      7.92       0.14       0.02
      7.55       0.32       0.42
      7.79       0.62       0.50
      7.79       0.49       0.11
      8.13      -0.02       0.43
      7.41       0.65       0.14
      7.36       0.71       0.11
      7.47       0.07      -0.12
      7.47       0.37      -0.01
      7.74       0.40      -0.29
      7.59      -0.10       0.41
      8.35      -0.45       0.18
      7.87      -0.24       0.62
      7.83       0.00       0.05
      8.35       0.00      -0.05
      8.46       0.16      -0.13
      8.71       0.55       0.24
      8.98       0.19      -0.12
      8.85      -0.16       0.13
      8.78       0.28       0.26
      9.06      -0.38       0.35
      9.21      -0.66      -0.04
      8.47      -0.22       0.23
      8.94      -0.05       0.33
      8.99      -0.06       0.61
      8.71      -0.02       0.14
      8.92      -0.26       0.01
      9.24      -0.03      -0.48
      8.63       0.30      -0.55
      9.22       0.48      -0.13
      9.43      -0.14      -0.02
      9.54       0.35       0.21
      7.44      -0.52       0.07
      7.75      -0.98      -0.15
      7.95      -0.65       0.16
      7.38      -0.69       0.18
      7.39      -1.13      -0.16
      7.28      -0.96      -0.12
      7.69      -0.40      -0.42
      8.29       0.49       0.12
      8.15       0.35       0.14
      8.15       0.12       0.30
      8.57      -0.70       0.24
      8.27       0.61       0.07
      8.11       0.44       0.05
      7.74       0.07       0.03
      7.67       0.19       0.17
      7.46       0.05       0.60
      7.43      -0.28      -0.01
      6.81      -0.29       0.12
      6.85      -0.65      -0.24
      7.51       0.11      -0.14
      7.53      -0.29      -0.08
      7.42      -0.13      -0.18
      7.24       0.53      -0.32
      6.95       0.58      -0.25
      6.54       0.31      -0.20
      6.87       0.43      -0.13
      6.83       0.42      -0.15
      7.14       0.42       0.05
      6.74       0.10      -0.36
      7.31       0.01      -0.70
      7.58       0.19      -0.62
      7.66      -0.15      -0.51
      7.86       0.01       0.20
      7.91      -0.22       0.47
      7.77      -0.20       0.02
      7.82       0.08       0.25
      7.92      -0.00       0.32
      7.95      -0.68       0.12
      8.23      -0.23      -0.18
      8.13       0.11      -0.07
      8.51      -0.10       0.18
      8.66       0.10       0.09
      8.60       0.30      -0.05
      8.33       0.18       0.06
      8.28       0.27       0.22
      8.43       0.53      -0.03
      8.16       0.66       0.16
      7.78       0.89       0.16
      8.27       0.18       0.20
      8.21       0.07      -0.13
      8.05       0.37      -0.08
      8.20       0.42       0.01
      8.38       0.26      -0.03
      8.20      -0.07      -0.05
      8.15       0.53       0.35
      8.06       0.39       0.01
      7.89       0.59      -0.05
      8.32       0.28       0.43
      8.13      -0.23       0.05
      7.88      -0.33      -0.19
      7.34      -0.08      -0.12
      7.51      -0.15       0.02
      7.67       0.06       0.07
      8.13      -0.02       0.28
      7.37       0.08       0.52
      7.70       0.30       0.04
      7.30       0.01      -0.35
      7.05       0.75       0.31
      7.27       0.47      -0.01
      7.65       0.27       0.32
      7.72       0.10       0.20
      7.80       0.15       0.06
      7.92       0.40       0.15
      7.45       0.56      -0.19
      7.31       0.40      -0.12
      7.54      -0.31       0.18
      7.75      -0.05       0.35
      8.02       0.44       0.03
      8.11      -0.20       0.23
      7.69      -0.35       0.00
      7.72      -0.20       0.13
      7.61       0.21       0.55
      7.95       0.39      -0.11
      8.40       0.37      -0.12
      8.33       0.43      -0.03
      8.74       0.12      -0.13
      8.79       0.24       0.07
      8.60      -0.18       0.27
      8.88      -0.28       0.30
      8.48      -0.38       0.06
      8.83      -0.24       0.45
      8.88      -0.35       0.30
      9.00       0.30       0.28
      9.12      -0.31       0.25
      8.98      -0.24      -0.02
      8.86      -0.15      -0.14
      9.06       0.23      -0.66
      9.36       0.75      -0.17
      9.06       0.27       0.28
      9.44       0.30       0.32
      7.86      -0.36       0.28
      7.69      -0.52      -0.09
      7.38      -0.84      -0.14
      7.24      -1.08      -0.08
      7.19      -1.00      -0.21
      7.37      -1.01      -0.07
      7.77      -0.38      -0.05
      8.19       0.25      -0.08
      8.04       0.37       0.37
      8.10      -0.12       0.22
      8.13      -0.78       0.23
      8.15      -0.09       0.16
      8.18      -0.24      -0.13
      7.99       0.19      -0.05
      7.34       0.32       0.20
      7.48       0.01       0.51
      6.98      -0.31       0.06
      6.78      -0.26       0.22
      6.54      -0.01      -0.39
      7.45       0.21      -0.36
      7.36      -0.21      -0.50
      7.65      -0.02      -0.21
      6.90       0.06      -0.70
      6.92       0.58      -0.26
      6.90       0.69      -0.52
      6.76       0.35      -0.21
      6.72       0.48      -0.21
      7.21       0.06      -0.04
      7.21       0.11      -0.03
      7.86       0.00      -0.44
      7.66       0.07      -0.61
      7.85       0.00      -0.29
      7.95       0.03       0.56
      8.01      -0.43       0.36
      7.99      -0.19      -0.28
      7.71       0.06       0.34
      7.48       0.15       0.05
      7.80      -0.46       0.43
      7.92       0.07       0.48
      8.47      -0.19      -0.03
      8.77      -0.18      -0.07
      9.00      -0.14       0.19
      8.62       0.27      -0.30
      8.50      -0.22       0.25
      8.38       0.18       0.12
      8.36       0.11       0.06
      8.22       0.77       0.27
      7.76       1.22       0.13
      8.14       0.55      -0.14
      8.38       0.86       0.22
      8.65       0.92      -0.14
      7.90       0.46       0.17
      8.30       0.40      -0.09
      7.80       0.07      -0.04
      7.84       0.61      -0.08
      8.05       0.52       0.21
      7.90       0.41       0.14
      8.17      -0.03       0.32
      7.65       0.24      -0.15
      8.08      -0.14      -0.19
      7.62      -0.23      -0.07
      7.63      -0.21      -0.06
      7.46      -0.08       0.16
      7.64      -0.02       0.36
      7.70      -0.26       0.54
      7.57       0.29      -0.13
      7.15       0.17      -0.37
      7.18       0.71       0.22
      7.08       0.29       0.21
      7.43      -0.14       0.28
      7.86       0.17      -0.09
      7.86      -0.18       0.08
      8.27      -0.05       0.06
      7.78       0.02      -0.10
      7.31       0.43      -0.30
      7.41       0.14       0.20
      7.48       0.34      -0.15
      7.81       0.33       0.38
      7.64      -0.06       0.32
      7.55      -0.47       0.09
      7.50      -0.08       0.43
      7.73      -0.26      -0.12
      7.78       0.17       0.00
      8.11       0.67      -0.19
      8.50       0.73      -0.11
      8.73       0.22       0.01
      9.01       0.41      -0.03
      8.91      -0.04       0.10
      8.64      -0.55      -0.01
      8.63      -0.04       0.40
      9.29       0.05       0.20
      9.18      -0.30       0.20
      9.34      -0.18       0.18
      9.40      -0.02       0.30
      9.08      -0.19      -0.31
      8.93      -0.12      -0.36
      8.99       0.39      -0.20
      9.15       0.36       0.23
      9.08      -0.01       0.02
      8.82       0.12       0.50
      8.27      -0.32       0.22
      7.86      -0.44       0.17
      7.59      -0.69      -0.27
      7.43      -0.70      -0.20
      7.41      -0.80      -0.10
      7.41      -0.78      -0.07
      7.48      -0.22      -0.16
      7.85       0.30       0.01
      7.70       0.47       0.42
      7.86      -0.08       0.07
      7.85      -0.71       0.09
      7.95      -0.14      -0.11
      7.93       0.32       0.04
      7.69      -0.17       0.18
      7.51      -0.28       0.42
      7.37      -0.12       0.35
      7.55      -0.55       0.34
      7.00      -0.47      -0.00
      6.70      -0.19      -0.19
      7.00      -0.03      -0.45
      7.77       0.15      -0.40
      7.92       0.36      -0.53
      7.50       0.48      -0.69
      6.87       0.21      -0.30
      7.04       0.10      -0.30
      6.42       0.80      -0.06
      6.51       0.78       0.01
      7.20       0.87      -0.02
      7.53       0.27      -0.26
      7.66      -0.34      -0.28
      7.61      -0.02      -0.42
      7.95      -0.09       0.17
      8.03       0.22       0.15
      7.94      -0.20       0.09
      8.38      -0.44      -0.16
      8.03       0.19       0.52
      8.02      -0.04       0.41
      8.18      -0.51       0.39
      7.92       0.02       0.18
      8.39      -0.01       0.05
      8.84      -0.02       0.25
      8.81      -0.22       0.02
      8.57       0.22       0.06
      8.53      -0.01       0.22
      8.55      -0.26      -0.25
      8.32       0.02       0.13
      7.93       0.59      -0.13
      8.07       1.57      -0.09
      8.22       0.92       0.08
      8.53       0.99      -0.01
      8.21       0.37       0.23
      8.00       0.23       0.07
      8.02      -0.04       0.19
      8.03       0.08       0.17
      8.13       0.33      -0.03
      8.17       0.52      -0.23
      8.13       0.49       0.24
      8.45       0.57       0.08
      8.01       0.30      -0.29
      7.95       0.31      -0.19
      7.89      -0.29      -0.08
      7.66      -0.47      -0.03
      7.93      -0.46       0.11
      7.97      -0.32       0.17
      7.59      -0.51       0.64
      7.68      -0.57       0.23
      7.50       0.46      -0.39
      7.35       0.76       0.23
      7.00       0.12       0.30
      7.22       0.09       0.20
      7.63       0.37       0.23
      7.95       0.13       0.11
      7.94      -0.17      -0.22
      7.77      -0.03       0.11
      7.31       0.36      -0.08
      7.47       0.64       0.04
      7.62       0.49       0.11
      7.66       0.01       0.37
      7.28       0.27       0.41
      7.86       0.61       0.15
      7.72       0.71       0.37
      7.40       0.22       0.55
      7.78       0.10      -0.09
      7.73       0.42      -0.33
      8.47       0.79      -0.00
      8.80       0.21      -0.20
      8.95      -0.07      -0.07
      8.79      -0.06      -0.16
      8.38       0.06      -0.06
      8.47      -0.15       0.15
      9.09      -0.13       0.02
      9.02       0.17       0.36
      9.21       0.23       0.36
      9.32      -0.40      -0.12
      9.28       0.03      -0.11
      8.98      -0.16      -0.21
      9.00       0.13       0.12
      9.04       0.23      -0.24
      8.87       0.15       0.17
      8.30       0.02       0.28
      8.20      -0.19      -0.06
      7.78      -0.63      -0.28
      7.96      -0.45      -0.12
      7.66      -0.28      -0.32
      7.48      -0.61      -0.16
      7.29      -0.50       0.32
      7.60      -0.04       0.14
      7.76      -0.01       0.08
      7.92       0.31       0.17
      7.81       0.01      -0.16
      8.22      -0.34       0.08
      7.62      -0.43       0.23
      7.67      -0.31       0.11
      8.00      -0.41       0.15
      7.35       0.15       0.29
      7.35      -0.13       0.04
      7.05      -0.05      -0.00
      7.25      -0.26       0.11
      7.23      -0.14      -0.05
      7.60       0.09      -0.16
      7.82       0.04      -0.68
      7.74       0.47      -0.62
      7.64       0.84      -0.60
      7.10       0.93      -0.23
      6.97       0.55       0.02
      6.30       0.90       0.02
      6.61       0.90      -0.32
      7.13       0.94      -0.07
      7.45       0.63      -0.21
      7.81      -0.13      -0.49
      7.97      -0.42      -0.31
      7.75       0.06       0.11
      8.04       0.53       0.18
      8.38      -0.00      -0.24
      8.42      -0.29       0.10
      8.44       0.04      -0.21
      8.67       0.03       0.47
      8.73      -0.21       0.33
      8.49      -0.11       0.39
      8.63       0.15       0.20
      8.87      -0.27       0.02
      8.71      -0.15       0.13
      8.48      -0.13       0.10
      8.44       0.05      -0.16
      8.31       0.05      -0.13
      8.05       0.20      -0.11
      8.03       0.72       0.03
      7.97       1.21      -0.20
      7.90       1.65      -0.02
      7.81       0.78       0.05
      7.91       0.77       0.20
      7.76       0.31      -0.18
      7.97       0.14      -0.03
      8.08       0.40       0.23
      8.13       0.66       0.03
      8.24       0.61       0.22
      7.91       0.39       0.30
      8.26       0.30       0.03
      8.52       0.17      -0.75
      7.99      -0.13      -0.18
      7.82      -0.10       0.14
      7.95      -0.64       0.15
      7.65      -0.21       0.13
      7.35      -0.06       0.60
      7.46       0.22       0.81
      7.17       0.12       0.45
      7.56       0.65       0.09
      7.32       1.02      -0.23
      7.20      -0.00      -0.37
      7.04      -0.13       0.15
      7.38      -0.02       0.50
      7.50      -0.07       0.14
      7.63       0.10       0.32
      7.29      -0.16       0.22
      7.22       0.21       0.08
      7.20      -0.04       0.01
      8.11       0.15       0.32
      8.03      -0.14       0.54
      7.69       0.29       0.75
      8.20       0.54       0.07
      7.85       0.41       0.15
      7.55       0.41       0.19
      7.31       0.16       0.05
      8.26       0.15      -0.23
      8.17       0.49      -0.17
      8.30       0.10      -0.32
      8.34      -0.63      -0.02
      8.88      -0.22      -0.20
      8.60      -0.01       0.09
      8.39      -0.14      -0.05
      8.73      -0.22       0.31
      8.91       0.08       0.11
      9.40      -0.24      -0.01
      9.06      -0.32       0.03
      8.94      -0.05      -0.10
      8.75      -0.28      -0.11
      8.94       0.22      -0.17
      8.55       0.44       0.04
      8.43       0.13       0.27
      8.23      -0.59       0.45
      7.81      -0.49       0.15
      7.76       0.08       0.02
      7.74      -0.33      -0.44
      7.34      -0.39      -0.41
      7.59      -0.41       0.14
      7.50      -0.10       0.17
      7.37      -0.17       0.02
      7.37       0.13      -0.14
      7.30       0.15      -0.33
      7.76      -0.15      -0.18
      7.86      -0.60      -0.22
      7.72      -0.36      -0.14
      7.95      -0.33       0.18
      8.34      -0.34       0.01
      7.66      -0.15       0.10
      7.52      -0.32       0.21
      7.53      -0.14       0.24
      7.34      -0.58       0.15
      7.52       0.00      -0.04
      7.66       0.15      -0.10
      7.73      -0.17      -0.57
      7.65      -0.15      -0.55
      7.65       0.58      -0.63
      7.12      -0.09      -0.24
      6.64       0.35      -0.30
      6.59       0.54       0.05
      6.82       0.81      -0.10
      6.96       0.83       0.21
      7.37       0.88      -0.35
      7.70       0.35      -0.45
      7.93      -0.10      -0.06
      7.52       0.04      -0.08
      7.86      -0.19       0.19
      8.24       0.07       0.02
      7.94      -0.25      -0.25
      8.24      -0.23       0.07
      8.67      -0.27       0.17
      8.77      -0.07       0.19
      8.58      -0.24      -0.09
      8.40       0.01       0.00
      8.75      -0.58       0.29
      8.31       0.08      -0.06
      8.58      -0.08      -0.21
      7.99       0.30       0.20
      7.98       0.17      -0.38
      8.12       0.18      -0.40
      8.20       0.57       0.24
      8.22       0.57       0.30
      8.17       0.62       0.05
      7.75       0.61      -0.08
      7.72       0.51       0.13
      7.82       0.27      -0.00
      8.10       0.35      -0.20
      8.02       0.70      -0.11
      8.44       0.60       0.07
      8.36       0.01       0.42
      8.15       0.41      -0.10
      7.95       0.86       0.14
      8.25       0.23      -0.47
      7.99       0.27       0.03
      8.06      -0.36       0.05
      7.95      -0.33       0.31
      7.50      -0.39       0.04
      7.45      -0.09       0.19
      7.11       0.51       0.57
      7.14       0.64       0.15
      7.56       0.76       0.13
      7.39       0.87       0.04
      7.00       0.20       0.12
      7.50      -0.06       0.03
      7.40      -0.33       0.49
      7.80      -0.54       0.62
      7.41       0.55       0.56
      7.51       0.28       0.13
      6.96       0.03       0.19
      7.13       0.18       0.25
      7.97       0.07       0.48
      8.28       0.39       0.54
      7.90       0.74       0.50
      7.99       0.50       0.19
      7.84       0.35       0.36
      7.70       0.11       0.33
      7.68       0.13      -0.44
      7.57       0.09      -0.07
      8.00       0.40       0.08
      8.05      -0.01      -0.24
      8.25      -0.19      -0.34
      8.49      -0.13      -0.02
      8.45      -0.52       0.14
      8.58      -0.03      -0.03
      8.63      -0.01       0.15
      8.71       0.13      -0.28
      8.98      -0.18      -0.36
      8.88      -0.15       0.01
      8.46      -0.33       0.18
      8.44      -0.02       0.31
      8.04       0.11       0.02
      8.03       0.74       0.14
      8.21       0.11       0.11
      8.11      -0.27       0.25
      8.00      -0.11       0.32
      7.64      -0.05      -0.24
      7.84      -0.12      -0.32
      7.62      -0.48       0.15
      7.41      -0.49      -0.03
      7.47      -0.12      -0.08
      7.61      -0.09      -0.14
      7.63      -0.09      -0.33
      7.31      -0.25      -0.61
      7.47      -0.31      -0.39
      7.67      -0.26      -0.03
      7.73      -0.43      -0.42
      7.86      -0.18      -0.01
      8.02       0.01       0.32
      7.86      -0.44       0.15
      7.73      -0.29       0.13
      7.42      -0.05      -0.02
      7.36      -0.16       0.10
      7.59       0.14      -0.16
      7.77       0.18      -0.38
      7.38      -0.36      -0.52
      7.61      -0.01      -0.19
      7.37      -0.00      -0.27
      7.26       0.05      -0.28
      6.55       0.23      -0.24
      6.70       0.32      -0.07
      6.65       0.69      -0.05
      7.29       0.59      -0.13
      7.43       0.83      -0.01
      7.91       0.49      -0.07
      7.78      -0.10      -0.08
      7.90      -0.36      -0.39
      8.32      -0.55      -0.06
      8.37       0.11       0.06
      8.31      -0.69       0.19
      8.39      -0.03       0.16
      8.22      -0.49       0.29
      7.74      -0.15       0.22
      7.93      -0.06       0.13
      8.16       0.03      -0.17
      8.39       0.00       0.11
      8.55       0.32      -0.08
      8.41       0.26      -0.43
      7.95       0.32      -0.27
      8.03       0.39      -0.43
      8.11       0.19       0.06
      8.34       0.86       0.14
      8.05       1.16       0.61
      8.22       0.77       0.26
      8.12       0.63       0.15
      7.76       0.47       0.01
      7.98      -0.05      -0.00
      7.76      -0.00      -0.32
      7.84       0.37      -0.01
      8.09       0.12       0.05
      8.56       0.11       0.29
      8.27       0.10      -0.26
      7.91       0.38       0.01
      7.89       0.29      -0.11
      7.90      -0.02      -0.17
      8.08      -0.09       0.10
      8.06       0.13       0.08
      7.89      -0.05       0.07
      7.88      -0.08       0.42
      7.76      -0.09       1.10
      7.56       0.48       0.38
      7.76       0.93       0.20
      7.42       0.20       0.06
      7.35       0.12       0.19
      7.77      -0.20      -0.16
      7.84       0.28       0.45
      7.64       0.01       0.45
      7.39       0.42       0.31
      7.23      -0.31       0.36
      7.25      -0.29       0.19
      7.45      -0.00      -0.17
      7.62      -0.04      -0.20
      8.50       0.22       0.17
      8.38       0.62       0.20
      8.02       0.83       0.42
      8.35       0.55       0.42
      8.13       0.10       0.05
      8.26       0.12      -0.34
      8.12       0.48      -0.14
      8.04       0.18       0.34
      7.62       0.08      -0.17
      7.98      -0.13      -0.20
      8.23      -0.28       0.13
      8.70      -0.20      -0.01
      8.96      -0.44      -0.08
      8.55      -0.25      -0.18
      8.15      -0.09      -0.10
      8.58      -0.37      -0.20
      8.39      -0.46       0.06
      8.47      -0.52      -0.11
      8.45       0.06       0.08
      7.98      -0.03       0.08
      8.28       0.47       0.30
      8.42       0.14       0.31
      8.25      -0.16       0.27
      7.68       0.13      -0.20
      8.02       0.36       0.00
      8.10       0.08      -0.22
      8.04      -0.21      -0.09
      7.74      -0.19      -0.02
      7.61      -0.03       0.01
      7.24      -0.34       0.37
      7.95      -0.49      -0.44
      7.94      -0.50      -0.46
      7.84      -0.41      -0.43
      7.87      -0.54      -0.04
      7.82       0.25      -0.04
      7.83       0.13      -0.43
      7.58      -0.06       0.15
      7.78      -0.33       0.16
      7.85      -0.52       0.12
      7.83      -0.06      -0.09
      7.60       0.27      -0.13
      7.56       0.33      -0.32
      7.66       0.10      -0.30
      7.53      -0.16      -0.62
      7.50      -0.55      -0.32
      7.61      -0.20      -0.23
      7.15      -0.14      -0.22
      6.99       0.04      -0.02
      7.11      -0.05      -0.13
      7.17       0.35      -0.14
      8.04       0.81      -0.14
      8.00       0.85      -0.24
      8.17       0.81      -0.30
      7.62       0.20      -0.05
      7.82      -0.01      -0.15
      8.34       0.10      -0.14
      8.76      -0.07       0.19
      8.26      -0.13       0.28
      8.21      -0.23       0.19
      7.79      -0.44       0.33
      8.12      -0.12      -0.02
      7.76       0.09       0.13
      8.24      -0.03       0.13
      7.84      -0.08       0.26
      7.82       0.44      -0.07
      8.06       0.22      -0.21
      8.18       0.32      -0.06
      8.32       0.05      -0.19
      8.42       0.60       0.06
      8.16       0.70       0.31
      8.01       0.82       0.21
      8.26       0.45      -0.03
      8.08       0.83       0.24
      7.63       0.42      -0.03
      7.74       0.06      -0.16
      8.18      -0.02      -0.29
      7.81      -0.11      -0.13
      8.14       0.66      -0.08
      8.36       0.35      -0.30
      8.23      -0.11      -0.59
      8.13       0.41      -0.36
      7.61       0.68      -0.08
      7.97       0.16       0.39
      8.22      -0.19       0.05
      7.98       0.04       0.29
      7.91      -0.20       0.02
      7.86      -0.18       0.33
      7.65      -0.07       0.51
      7.16       0.14       0.37
      7.33       0.41       0.11
      7.25      -0.00       0.09
      7.17      -0.38       0.05
      7.42      -0.01       0.25
      7.70       0.24      -0.07
      7.27      -0.03       0.34
      7.65       0.39       0.43
      6.97       0.06       0.19
      6.70       0.13       0.01
      6.99       0.10       0.01
      7.91       0.06       0.55
      8.16      -0.19       0.16
      8.07       0.35       0.29
      7.84       0.90       0.13
      7.78       0.93       0.18
      8.12       0.13      -0.14
      8.01      -0.03      -0.25
      8.11       0.11      -0.05
      8.09      -0.03       0.23
      7.76      -0.14      -0.49
      7.97      -0.31      -0.06
      7.99      -0.34      -0.19
      8.40      -0.47      -0.02
      8.90      -0.51       0.15
      8.69      -0.29       0.08
      8.39      -0.45       0.26
      8.22      -0.54      -0.07
      8.38      -0.64       0.01
      8.40      -0.57       0.08
      8.44      -0.36       0.15
      7.60       0.04       0.27
      7.83       0.04       0.33
      8.32      -0.15       0.42
      8.33       0.04      -0.16
      7.60       0.67      -0.19
      7.83      -0.01       0.18
      7.80       0.28      -0.16
      7.51      -0.09       0.44
      7.53      -0.20       0.18
      7.11      -0.17       0.34
      7.58       0.09      -0.29
      8.06       0.24      -0.16
      7.85      -0.32      -0.38
      7.65      -0.79      -0.45
      7.53      -0.43      -0.04
      7.40       0.17      -0.45
      7.72      -0.01      -0.29
      7.63      -0.12       0.07
      8.16      -0.25      -0.21
      7.97      -0.39      -0.19
      8.02      -0.01      -0.13
      7.80      -0.33       0.09
      7.38       0.22      -0.32
      7.59      -0.43      -0.18
      7.44      -0.15      -0.90
      7.36      -0.66      -0.48
      7.62      -0.83      -0.19
      7.11      -0.50      -0.16
      7.15      -0.43      -0.34
      7.47       0.31       0.16
      7.43       0.24      -0.19
      7.72      -0.01      -0.23
      8.55       0.24       0.20
      8.27       0.39       0.11
      8.27       0.33       0.11
      8.14       0.42       0.06
      8.62       0.35       0.26
      8.34       0.01       0.48
      7.81      -0.06       0.50
      7.93      -0.24       0.40
      8.13      -0.36       0.09
      7.83      -0.21      -0.00
      7.75       0.07       0.10
      8.14       0.17       0.41
      7.96       0.16       0.35
      7.74       0.07       0.06
      7.92       0.38      -0.01
      8.26       0.63      -0.25
      8.31       0.52      -0.30
      8.14       0.63       0.02
      7.93       0.33       0.31
      7.92       0.63      -0.24
      7.84       0.35       0.12
      7.81       0.33       0.13
      7.67       0.61       0.14
      7.91       0.58      -0.06
      7.94       0.60      -0.36
      7.85       0.32       0.03
      8.10       0.46      -0.14
      8.45       0.35      -0.12
      8.06       0.22      -0.15
      7.90       0.20      -0.38
      7.27       0.64      -0.19
      7.52       0.62       0.08
      8.19       0.25       0.30
      7.92      -0.08       0.05
      7.85      -0.20       0.27
      7.88      -0.36       0.50
      7.79       0.25       0.40
      7.27       0.04       0.54
      7.53       0.26       0.34
      7.59      -0.06       0.03
      7.21      -0.03       0.07
      7.27      -0.15       0.27
      7.57       0.02       0.28
      7.31      -0.20       0.34
      7.83      -0.07       0.27
      7.23      -0.10       0.13
      7.47      -0.28      -0.06
      6.98      -0.47       0.31
      7.47      -0.60       0.16
      8.13      -0.12      -0.07
      8.36       0.03      -0.01
      8.54       0.42       0.21
      7.92      -0.10       0.07
      7.82       0.35      -0.02
      8.36       0.05      -0.13
      8.55       0.33       0.12
      8.28      -0.01      -0.13
      8.20      -0.23      -0.14
      7.99      -0.05      -0.15
      8.07       0.27       0.09
      8.23      -0.56       0.03
      8.90      -0.81       0.28
      8.47      -0.36      -0.09
      8.32      -0.44       0.28
      8.24      -0.35       0.22
      8.70      -0.41      -0.07
      8.76      -0.39      -0.10
      8.35       0.09      -0.03
      8.68      -0.01      -0.00
      8.49      -0.18       0.29
      8.65       0.15       0.55
      8.65       0.09       0.13
      7.69       0.10       0.03
      7.66       0.04       0.06
      7.60      -0.13       0.02
      7.52      -0.07       0.17
      7.56      -0.26       0.30
      7.42      -0.38       0.09
      8.12      -0.01      -0.13
      8.11      -0.20      -0.12
      8.07      -0.48      -0.27
      7.49      -0.79      -0.28
      7.66      -0.23      -0.21
      7.48       0.13      -0.50
      7.36       0.51      -0.60
      7.57      -0.07      -0.22
      7.72      -0.19      -0.42
      7.66      -0.01      -0.32
      8.15      -0.27      -0.33
      7.90      -0.50      -0.16
      7.39      -0.17       0.09
      7.51      -0.14      -0.43
      7.40       0.13      -0.20
      7.65      -0.09      -0.75
      7.26      -0.41      -0.51
      7.39      -0.10      -0.21
      7.62      -0.32      -0.34
      7.88       0.22      -0.01
      7.54       0.03       0.14
      7.95       0.03      -0.18
      8.20      -0.55      -0.04
      8.38      -0.07       0.03
      8.51       0.33       0.15
      8.14       0.35       0.15
      8.05       0.39       0.25
      7.98       0.36       0.39
      8.26      -0.52       0.56
      8.15      -0.57       0.23
      7.75       0.05       0.08
      7.89      -0.17       0.38
      7.98       0.16       0.09
      8.17       0.43       0.61
      8.10      -0.04       0.28
      7.75      -0.10       0.24
      7.70      -0.17       0.05
      8.07       0.26      -0.05
      8.58       0.65       0.06
      7.90       0.70      -0.25
      8.04       0.02       0.02
      7.94       0.16       0.17
      7.76       0.28       0.33
      8.45       0.42      -0.10
      7.99       0.77       0.04
      8.21       1.08      -0.19
      8.18       0.60      -0.13
      7.97       0.50       0.04
      8.09       0.70      -0.24
      8.41       0.26      -0.29
      8.01       0.26       0.08
      7.59       0.31      -0.10
      7.66       1.15      -0.26
      7.70       0.62      -0.57
      7.78       0.56      -0.04
      7.71       0.01       0.09
      7.85       0.21       0.25
      7.84       0.30       0.75
      7.76       0.04       0.50
      7.42       0.41       0.45
      7.51       0.15       0.52
      7.27       0.23       0.19
      7.29       0.02      -0.11
      6.81      -0.17      -0.14
      7.41      -0.03       0.10
      7.49       0.14       0.14
      7.68       0.41       0.03
      7.09       0.36       0.04
      7.27       0.22       0.03
      7.10      -0.30       0.39
      7.59       0.02      -0.18
      7.77      -0.04      -0.04
      7.74      -0.07       0.24
      7.88      -0.25      -0.05
      7.65      -0.10       0.02
      7.37       0.26       0.04
      7.87       0.82      -0.14
      8.26       0.48       0.00
      8.14       0.07       0.27
      8.25      -0.29      -0.06
      8.59       0.03       0.27
      7.95      -0.13       0.52
      7.76      -0.34       0.00
      8.00      -0.78       0.24
      8.39      -0.30      -0.08
      8.14      -0.65      -0.06
      8.13      -0.56      -0.09
      8.52      -0.05      -0.15
      8.43       0.37      -0.23
      8.06       0.26      -0.12
      8.61       0.40       0.08
      8.63       0.27       0.36
      8.35       0.22       0.21
      8.14       0.25       0.46
      7.67      -0.16       0.11
      7.59      -0.02      -0.11
      7.62       0.08      -0.09
      7.44      -0.57       0.61
      7.64      -0.51       0.51
      7.42      -0.43      -0.10
      7.80       0.16      -0.10
      7.72      -0.57      -0.38
      7.56      -0.45      -0.60
      7.70      -1.10      -0.54
      7.56      -0.61      -0.54
      8.04       0.39      -0.51
      7.46       0.59      -0.37
      8.00       0.34      -0.69
      7.93       0.04      -0.10
      7.80       0.01      -0.22
      8.11       0.17      -0.22
      8.01      -0.29      -0.00
      7.91       0.25      -0.45
      7.85       0.07      -0.57
      7.76       0.48      -0.60
      7.61       0.27      -0.65
      7.74      -0.09      -0.52
      7.57       0.23      -0.13
      8.14       0.00      -0.24
      7.96      -0.15      -0.02
      7.92      -0.38      -0.14
      8.05      -0.09      -0.18
      8.29      -0.07      -0.17
      8.30      -0.49       0.27
      8.25       0.21       0.12
      7.63       0.17       0.37
      8.10      -0.10      -0.03
      7.87       0.24       0.05
      7.83      -0.64       0.18
      8.02      -0.30       0.44
      7.98      -0.26       0.28
      8.29      -0.30       0.28
      7.55       0.36       0.51
      7.84       0.16       0.30
      7.79       0.02       0.00
      7.86      -0.06       0.09
      7.53      -0.16      -0.18
      7.81       0.22       0.25
      8.10       0.33      -0.06
      8.26       0.02      -0.04
      7.84       0.34       0.06
      7.80       0.67       0.07
      7.89       0.59       0.22
      8.07       0.42       0.12
      8.29       0.63       0.40
      8.30       0.83      -0.01
      8.52       0.77       0.00
      8.13       0.40      -0.03
      8.51       0.48      -0.42
      8.31       0.53      -0.15
      8.18       0.01       0.06
      7.53       0.50      -0.30
      7.39       0.98      -0.17
      7.51       0.81       0.03
      8.03       0.48      -0.03
      7.63      -0.26       0.14
      7.57      -0.05       0.09
      7.44       0.43       0.59
      7.77       0.34       0.05
      7.47       0.36       0.49
      7.67       0.13       0.25
      7.28      -0.04       0.08
      7.00      -0.12      -0.03
      6.91      -0.02       0.24
      7.26      -0.12       0.44
      7.01       0.51       0.29
      7.32       0.70      -0.13
      7.22       0.34      -0.06
      7.22       0.23       0.27
      6.76       0.00      -0.25
      7.18      -0.00      -0.20
      7.41      -0.37       0.16
      7.47      -0.24       0.28
      7.77      -0.07       0.06
      7.47      -0.38      -0.02
      7.23       0.33       0.10
      7.39       0.31      -0.04
      7.95       0.37       0.13
      8.18      -0.47       0.08
      8.52      -0.19       0.11
      8.53      -0.07       0.06
      7.82      -0.09       0.20
      7.71      -0.41       0.37
      7.95      -0.78       0.31
      8.40      -0.26      -0.25
      8.21      -0.20      -0.24
      8.37      -0.22      -0.22
      8.30      -0.42      -0.14
      8.20       0.09      -0.01
      8.54      -0.11       0.03
      8.47       0.49       0.27
      8.79       0.41       0.28
      8.59       0.27       0.15
      8.19       0.05       0.09
      7.38       0.19       0.09
      7.62       0.23       0.25
      7.45       0.34       0.05
      7.26      -0.33       0.20
      7.33      -0.07       0.49
      7.83      -0.50       0.14
      7.79      -0.26      -0.07
      7.57      -0.50      -0.16
      7.86      -0.43      -0.94
      7.74      -0.64      -0.76
      7.92      -0.30      -0.41
      8.43      -0.39      -0.54
      8.53       0.17      -0.58
      8.56       0.11      -0.42
      7.88      -0.05      -0.32
      7.71       0.18      -0.09
      7.84       0.25      -0.36
      7.88       0.41       0.05
      7.51       0.41      -0.55
      7.74       0.46      -0.71
      7.84       0.39      -0.45
      7.65       0.60      -0.34
      7.53       0.16      -0.24
      7.71      -0.05       0.17
      8.09      -0.17       0.08
      8.06      -0.39      -0.25
      7.82      -0.84      -0.32
      8.37      -0.21      -0.24
      8.08      -0.15       0.05
      8.57      -0.22       0.28
      8.18       0.19       0.30
      8.15       0.61       0.27
      8.02       0.02       0.11
      8.27       0.05       0.14
      8.07      -0.65       0.43
      8.14      -0.39       0.42
      8.53      -0.30       0.21
      8.01      -0.41       0.24
      7.99       0.15       0.66
      7.47      -0.22       0.24
      7.53      -0.24      -0.12
      7.48       0.21      -0.14
      7.35       0.19       0.01
      7.17       0.32      -0.10
      7.83       0.71      -0.10
      8.29       0.28       0.42
      8.13       0.32      -0.11
      8.30       0.46       0.22
      8.21       0.51       0.32
      8.31       0.39      -0.01
      8.51      -0.05       0.27
      8.26       0.52      -0.13
      8.25       0.42      -0.22
      7.78       0.36       0.09
      7.91       0.00      -0.02
      7.60       0.40      -0.30
      7.62       0.57       0.07
      7.26       0.44      -0.22
      7.16       1.02       0.02
      7.40       0.87       0.12
      7.55       0.55       0.07
      7.56       0.22       0.04
      7.50       0.36       0.68
      7.52      -0.22       0.29
      7.82      -0.46       0.14
      7.54      -0.03       0.62
      7.39       0.09       0.07
      7.23      -0.07       0.28
      6.72      -0.02       0.15
      6.72       0.02       0.26
      7.23      -0.18       0.46
      7.43       0.16       0.00
      7.33       0.71      -0.46
      7.03      -0.12      -0.16
      6.97       0.03      -0.20
      6.91       0.01      -0.46
      7.10      -0.37      -0.17
      7.22      -0.21      -0.14
      7.65       0.15       0.06
      7.42       0.34       0.14
      7.46      -0.07       0.17
      7.21       0.07      -0.05
      7.36      -0.27       0.18
      7.51       0.05      -0.16
      7.99      -0.14       0.15
      8.29      -0.40       0.40
      8.21      -0.74       0.29
      8.57      -0.65       0.06
      8.09      -0.63       0.29
      8.23      -0.70       0.34
      8.63       0.18       0.02
      8.20       0.50      -0.14
      8.02       0.06      -0.44
      8.26       0.12      -0.60
      8.18       0.39       0.02
      8.22      -0.12      -0.15
      8.40       0.58       0.33
      8.90       0.90       0.19
      8.58       0.49       0.17
      8.55      -0.48       0.15
      7.40       0.18       0.20
      7.51       0.06       0.09
      7.68       0.11      -0.06
      7.42      -0.26      -0.19
      7.62      -0.13       0.12
      7.72      -0.23       0.29
      7.68      -0.47       0.14
      8.09      -0.56      -0.31
      7.57      -0.42      -0.66
      8.11      -0.03      -0.78
      8.15      -0.50      -0.83
      8.68      -0.45      -0.50
      8.94      -0.10      -0.74
      8.69      -0.10      -0.38
      8.01       0.03      -0.26
      7.86       0.27       0.02
      8.41       1.02      -0.27
      7.95       0.26      -0.20
      7.90       0.32      -0.30
      7.91       0.50      -0.21
      7.62      -0.10      -0.36
      7.65      -0.20      -0.19
      7.66      -0.09      -0.11
      7.71       0.13      -0.19
      8.08      -0.22      -0.11
      7.72      -0.42       0.12
      7.70      -0.32      -0.06
      7.90      -0.46      -0.28
      7.94      -0.80       0.05
      8.41      -0.46       0.11
      8.05       0.09       0.19
      7.60       0.30      -0.12
      8.01       0.03       0.03
      8.43       0.10       0.37
      8.36      -0.05       0.52
      8.44      -0.22       0.18
      7.95      -0.18       0.17
      7.82      -0.51       0.59
      7.74      -0.17       0.18
      7.52      -0.35      -0.21
      7.82      -0.19      -0.07
      7.40       0.17       0.40
      7.43       0.21      -0.06
      7.68       0.66      -0.13
      8.02       0.60      -0.11
      8.44       0.68       0.32
      8.27      -0.03       0.42
      8.71      -0.09       0.51
      8.36       0.51       0.33
      8.23      -0.08       0.08
      8.05       0.37       0.05
      7.96       0.31       0.20
      7.85       0.22      -0.38
      7.58       0.39       0.18
      7.67       0.27       0.11
      7.60       0.82      -0.20
      7.54       0.63       0.17
      7.24       0.64      -0.07
      7.37       0.88      -0.34
      7.94       0.87       0.03
      7.62       0.18       0.53
      7.46       0.17      -0.11
      7.35      -0.03       0.58
      8.15      -0.30       0.33
      7.73      -0.01      -0.02
      7.57      -0.17      -0.17
      7.71      -0.05       0.28
      7.33       0.06       0.30
      6.99      -0.19       0.14
      7.04      -0.14       0.05
      7.07      -0.43       0.03
      7.52       0.13       0.09
      7.74       0.13      -0.35
      7.66      -0.08      -0.09
      7.39      -0.02      -0.31
      7.62      -0.23      -0.39
      7.29      -0.75      -0.17
      7.49      -0.44      -0.08
      8.22      -0.33      -0.10
      7.98      -0.02       0.08
      7.77      -0.16       0.41
      7.29       0.03       0.06
      7.20      -0.36       0.19
      7.12      -0.16      -0.06
      7.57       0.05       0.27
      8.44      -0.14       0.38
      8.36       0.01       0.20
      7.86       0.21       0.20
      7.90      -0.20       0.19
      7.74      -0.32       0.26
      8.53       0.48      -0.38
      8.03       0.13      -0.22
      7.86      -0.10      -0.55
      7.90       0.33      -0.13
      7.94       0.37      -0.22
      8.44       0.37      -0.02
      8.77       0.56       0.24
      8.80       0.43       0.05
      8.66       0.30       0.37
      8.60      -0.07       0.13
      7.16      -0.42       0.28
      7.04      -0.21       0.06
      7.37      -0.24      -0.04
      7.49      -0.36      -0.13
      7.24      -0.09      -0.37
      7.51      -0.28       0.28
      7.93      -0.32       0.02
      8.27      -0.59      -0.30
      7.83      -0.19      -0.48
      7.84      -0.39      -0.69
      8.03      -0.84      -0.41
      8.50      -0.09      -0.23
      8.67      -0.23      -0.37
      8.09       0.06      -0.17
      7.96      -0.14       0.12
      8.16       0.58      -0.31
      8.16       0.81      -0.09
      8.09       0.36      -0.12
      7.79       0.41      -0.43
      7.47       0.30      -0.25
      7.66       0.32      -0.45
      7.81      -0.22      -0.29
      7.80       0.03      -0.13
      8.20       0.25      -0.28
      7.85      -0.17      -0.13
      7.70      -0.57       0.11
      8.04      -0.30      -0.14
      8.06      -0.57      -0.28
      8.25      -0.36      -0.10
      8.16      -0.56       0.00
      8.28      -0.12       0.05
      8.23       0.17      -0.01
      7.79      -0.17       0.02
      8.01      -0.30       0.31
      7.78      -0.29       0.34
      7.73      -0.06       0.21
      7.82      -0.34      -0.01
      7.68      -0.09       0.21
      7.55      -0.16      -0.17
      7.45       0.11      -0.02
      7.49       0.05       0.44
      7.45      -0.08      -0.30
      7.39      -0.18      -0.06
      7.65       0.12      -0.17
      7.92       0.31       0.15
      8.15       0.38       0.06
      8.29      -0.01       0.34
      8.58      -0.31       0.45
      8.34       0.25      -0.16
      8.16       0.09       0.12
      8.32      -0.06       0.23
      8.30      -0.12       0.28
      7.64       0.11      -0.03
      7.29       0.42       0.17
      7.85       0.27       0.03
      7.85       0.69      -0.17
      7.59       0.36      -0.15
      7.79       0.44       0.10
      7.91       0.58      -0.05
      8.02       0.81      -0.14
      7.77       0.64       0.10
      7.41       0.21       0.32
      7.98      -0.25       0.47
      7.75      -0.18       0.14
      8.05      -0.10       0.08
      7.89       0.18       0.24
      7.81      -0.01       0.09
      7.40      -0.18       0.15
      6.89       0.04       0.07
      6.75      -0.06      -0.15
      7.38      -0.36       0.04
      7.79       0.07       0.04
      7.71      -0.11      -0.30
      8.07      -0.33      -0.01
      7.72      -0.57      -0.30
      8.03      -0.23      -0.27
      7.71      -0.59      -0.22
      7.79      -0.49      -0.10
      8.30       0.17      -0.06
      8.30      -0.26       0.26
      8.27      -0.49       0.14
      7.94      -0.18       0.23
      7.53      -0.32       0.01
      7.37       0.40      -0.14
      7.35       0.00       0.12
      7.77       0.08       0.50
      8.03      -0.14       0.13
      7.83      -0.25       0.24
      7.54      -0.04      -0.06
      8.21       0.20       0.12
      7.92      -0.26      -0.34
      8.23      -0.06      -0.22
      7.91      -0.14      -0.45
      8.01       0.50      -0.45
      7.84       0.45      -0.06
      8.47       0.66      -0.16
      8.58       0.63       0.26
      8.36       0.45       0.48
      8.32       0.00       0.23
      8.37      -0.40       0.01
      6.93      -0.25       0.22
      6.96      -0.20       0.10
      7.05      -0.36       0.06
      7.28      -0.04       0.04
      7.36       0.03      -0.32
      7.80      -0.34      -0.03
      7.81      -0.42       0.08
      8.00      -0.25      -0.25
      7.71      -0.56      -0.28
      7.89      -0.60      -0.52
      7.62      -0.80      -0.16
      8.35      -0.65      -0.24
      8.76       0.01      -0.41
      8.20       0.01      -0.40
      8.10      -0.39      -0.05
      8.76       0.02      -0.36
      8.07       1.01       0.02
      7.72       0.56       0.24
      7.35       0.33      -0.30
      7.51       0.29      -0.52
      7.73       0.21      -0.67
      7.72      -0.31      -0.21
      7.73      -0.04      -0.22
      7.97      -0.08      -0.23
      7.96      -0.34       0.08
      7.86      -0.30      -0.25
      8.23      -0.25      -0.23
      8.14      -0.04      -0.06
      7.79      -0.29       0.04
      8.40      -0.20      -0.05
      8.25      -0.13       0.47
      8.02       0.09       0.05
      7.59       0.07       0.18
      7.62      -0.11       0.15
      7.63      -0.03       0.05
      7.63      -0.55      -0.13
      7.75       0.13       0.29
      7.33       0.13       0.09
      7.43       0.17      -0.04
      7.36       0.03       0.18
      7.72       0.02       0.49
      7.86      -0.31       0.03
      7.47      -0.50      -0.25
      7.80      -0.24       0.11
      8.00      -0.13      -0.01
      8.07      -0.14       0.11
      8.23      -0.05       0.43
      8.05      -0.12       0.27
      8.06      -0.58      -0.03
      8.09      -0.17       0.13
      8.50       0.05       0.06
      8.03       0.09       0.16
      7.40       0.46      -0.03
      7.39       0.61       0.15
      7.92       0.56       0.14
      8.05       0.60      -0.45
      7.75       0.54       0.02
      7.55       0.12      -0.26
      7.96       0.39       0.08
      8.16       0.37       0.22
      8.01       0.24       0.00
      7.91       0.16       0.38
      7.64      -0.16       0.29
      7.51       0.14       0.51
      7.38      -0.10       0.12
      7.88       0.40       0.09
      7.57       0.28       0.15
      7.44       0.19      -0.01
      7.05      -0.11       0.17
      6.81      -0.32      -0.20
      7.60      -0.28      -0.15
      7.64      -0.27       0.13
      7.76      -0.63      -0.47
      7.97      -0.79      -0.09
      8.33      -0.74      -0.16
      8.10      -0.41      -0.17
      7.92      -0.12      -0.18
      8.10      -0.28      -0.06
      8.08      -0.26       0.11
      7.94      -0.18       0.41
      7.57      -0.60       0.02
      7.90      -0.16       0.22
      8.00      -0.26      -0.15
      7.57       0.11       0.08
      7.15       0.44       0.37
      7.38       0.69      -0.08
      7.85       0.66       0.14
      7.83       0.19       0.19
      7.92       0.19      -0.36
      8.04      -0.11       0.01
      7.98      -0.27       0.09
      8.10      -0.04      -0.24
      7.78       0.08      -0.10
      7.91       0.48      -0.66
      7.99       0.19      -0.10
      8.36       0.63      -0.00
      8.49       0.92       0.05
      8.37       0.58       0.56
      8.42       0.17       0.47
      8.22      -0.80       0.09
      7.00      -0.12       0.18
      7.29      -0.65       0.15
      7.45      -0.64       0.03
      7.36      -0.74       0.25
      7.33      -0.32       0.18
      7.75       0.18       0.21
      7.98      -0.54      -0.30
      7.75      -0.34      -0.37
      7.70      -0.42      -0.05
      8.00      -0.40      -0.19
      7.56      -0.19       0.18
      7.55      -0.63      -0.14
      8.56      -0.34      -0.49
      8.31       0.19      -0.09
      8.24       0.00      -0.22
      8.22      -0.26      -0.58
      7.84       0.39      -0.01
      7.72       0.15      -0.27
      8.09       0.08      -0.07
      7.88       0.06      -0.16
      8.04       0.04      -0.04
      7.92       0.16      -0.13
      8.09      -0.02      -0.46
      8.27      -0.40      -0.06
      8.20      -0.60      -0.18
      8.21      -0.56      -0.67
      7.81      -0.36      -0.22
      8.15      -0.46      -0.24
      7.62      -0.31      -0.28
      7.70      -0.29      -0.06
      8.05      -0.23       0.32
      7.52       0.17       0.18
      7.88       0.08       0.07
      7.71       0.17       0.04
      7.72       0.06      -0.01
      7.76      -0.56       0.11
      7.91       0.08       0.29
      7.61       0.00       0.22
      7.16       0.02       0.31
      6.88       0.25       0.25
      7.30       0.09       0.41
      7.84       0.02       0.07
      7.74      -0.37      -0.06
      7.30      -0.12       0.01
      7.53      -0.22       0.32
      7.61       0.06       0.15
      8.06      -0.16      -0.06
      8.06      -0.03      -0.06
      8.36       0.33      -0.02
      8.31       0.30      -0.23
      8.16       0.60      -0.00
      7.95       0.62       0.25
      7.76       0.55       0.46
      7.79       0.58      -0.05
      7.96       0.14       0.29
      7.79       0.34      -0.03
      7.63       0.35      -0.10
      7.60       0.72      -0.24
      7.59       0.45      -0.09
      7.96       0.18      -0.22
      7.67       0.45       0.09
      7.56       0.30       0.14
      7.61       0.14       0.12
      7.29       0.52       0.11
      7.80       0.05      -0.21
      8.45       0.29      -0.29
      8.53       0.21       0.31
      8.17      -0.28       0.05
      8.06      -0.88       0.07
      7.84      -0.42      -0.26
      8.00      -0.52      -0.28
      7.65      -0.09      -0.27
      8.29      -0.46       0.02
      8.55      -0.74      -0.41
      8.60      -0.64       0.18
      8.05      -0.22      -0.17
      7.93      -0.04       0.06
      7.71      -0.11       0.26
      8.33       0.09       0.57
      7.98      -0.19       0.21
      7.61      -0.06       0.09
      7.93      -0.14      -0.05
      7.61      -0.18       0.41
      7.13      -0.18       0.16
      6.98       0.18       0.40
      7.52       0.35       0.09
      7.68       0.44       0.09
      7.89       0.42       0.30
      8.41       0.32       0.05
      8.24       0.33      -0.42
      8.21       0.11      -0.16
      8.26       0.33      -0.43
      8.03       0.15      -0.33
      8.09       0.38      -0.52
      8.07       0.39      -0.30
      8.22       0.36       0.13
      7.79       0.20       0.06
      7.95       0.13       0.10
      8.36      -0.26       0.02
      8.10      -0.44       0.16
      7.41      -0.38       0.34
      7.61      -0.74       0.30
      7.66      -0.65      -0.06
      7.24      -0.55       0.01
      7.65      -0.01       0.11
      7.71       0.52      -0.07
      7.96      -0.44      -0.20
      8.07      -0.40      -0.24
      7.46      -0.50       0.14
      7.90      -0.43       0.02
      7.73       0.15       0.15
      7.80      -0.06      -0.28
      8.17      -0.57      -0.18
      8.47      -0.06      -0.15
      8.37       0.21      -0.52
      8.89      -0.16      -0.31
      8.71       0.22      -0.06
      8.46       0.16      -0.12
      8.47       0.00       0.34
      8.31       0.13       0.15
      8.25       0.50      -0.15
      8.08       0.24      -0.01
      8.32      -0.19      -0.48
      8.37      -0.28      -0.18
      8.43      -0.49      -0.43
      8.31      -0.46      -0.72
      7.87      -0.36      -0.55
      7.98      -0.36      -0.34
      7.77      -0.31      -0.34
      8.15      -0.21       0.10
      8.32      -0.06       0.33
      8.24       0.11       0.41
      8.21       0.44       0.12
      7.68       0.31       0.02
      7.48      -0.53      -0.22
      7.81      -0.26      -0.09
      7.58      -0.07       0.29
      7.76      -0.11       0.29
      7.25       0.01       0.17
      7.48       0.31      -0.01
      7.56       0.41       0.43
      7.23      -0.25       0.48
      7.51      -0.11       0.29
      7.46       0.20       0.08
      7.71      -0.37       0.07
      7.83      -0.18      -0.04
      7.92      -0.11      -0.30
      8.13       0.12      -0.24
      7.95       0.27      -0.23
      8.14       0.51       0.04
      8.05       1.09      -0.28
      7.85       0.96       0.14
      7.94       1.28       0.30
      7.84       0.41      -0.07
      8.07       0.62       0.42
      8.13       0.55       0.40
      8.08       0.22       0.13
      7.64       0.19      -0.13
      7.63       0.05      -0.11
      7.54       0.32       0.00
      7.86       0.01       0.06
      7.70       0.41       0.35
      8.13       0.32       0.22
      8.01       0.25       0.13
      7.96      -0.27       0.35
      8.20      -0.82      -0.24
      8.60      -0.40      -0.21
      8.22      -1.00       0.03
      8.19      -0.49       0.25
      8.16      -0.24       0.17
      7.61      -0.67      -0.21
      7.71      -0.28      -0.21
      7.82      -0.39       0.02
      8.37      -0.73       0.02
      8.18      -0.61      -0.15
      8.32      -0.25      -0.01
      8.05      -0.20      -0.08
      7.60      -0.13       0.31
      7.79      -0.23       0.82
      8.18      -0.38       0.14
      7.94      -0.36       0.01
      7.86      -0.20       0.02
      7.86      -0.45       0.04
      7.60      -0.05       0.17
      7.31      -0.18       0.38
      7.00       0.37      -0.05
      7.26       0.73      -0.05
      7.35       0.89       0.09
      8.07       0.59      -0.16
      8.09       0.60      -0.17
      7.76       0.06      -0.32
      8.04       0.31      -0.63
      8.39       0.31      -0.64
      8.56       0.16      -0.74
      7.90       0.11      -0.40
      7.83       0.22      -0.22
      7.54      -0.12       0.10
      8.02       0.05      -0.13
      7.84      -0.10      -0.07
      7.86      -0.43      -0.09
      8.42      -0.32       0.32
      7.92      -1.26       0.02
      8.04      -1.43       0.05
      7.73      -0.56       0.15
      7.50      -0.44       0.21
      7.75       0.26      -0.00
      8.02      -0.21      -0.17
      8.13      -0.51      -0.33
      7.93      -0.40      -0.10
      8.04       0.10       0.13
      8.06      -0.08      -0.17
      7.89       0.32      -0.05
      8.49      -0.12      -0.05
      8.55      -0.03      -0.14
      8.68       0.03      -0.13
      8.58       0.20      -0.24
      8.43       0.56       0.06
      8.76       0.44       0.05
      8.69       0.55      -0.29
      8.48       0.32      -0.34
      8.40       0.13      -0.25
      8.00      -0.26      -0.44
      8.61      -0.23       0.32
      9.00      -0.61      -0.08
      8.92      -0.54      -0.25
      8.51      -0.49      -0.97
      8.29      -0.66      -0.68
      7.91      -0.62      -0.30
      7.61      -0.62      -0.18
      8.44      -0.16      -0.09
      8.57       0.21      -0.27
      8.13      -0.06       0.03
      8.34       0.11       0.02
      8.53       0.22       0.07
      7.96      -0.32      -0.12
      7.67      -0.35       0.42
      8.01      -0.14       0.38
      7.84      -0.03       0.21
      7.90       0.26       0.15
      7.84       0.19       0.17
      7.43       0.40       0.26
      7.49       0.15       0.45
      7.86       0.07       0.28
      7.57       0.47       0.22
      7.98       0.04       0.10
      8.13      -0.28       0.17
      7.74      -0.22      -0.16
      8.03      -0.02      -0.07
      7.98       0.34      -0.12
      8.16       0.16      -0.02
      7.81       0.73      -0.01
      8.16       0.92       0.15
      7.79       0.92      -0.05
      8.16       0.62       0.07
      8.49       0.38       0.08
      8.44       0.25       0.47
      7.97      -0.02       0.25
      7.96      -0.10       0.06
      7.59       0.14      -0.01
      7.67       0.77      -0.06
      7.62       0.50       0.02
      8.07       0.29       0.32
      7.90       0.24       0.35
      8.19      -0.07       0.18
      8.03      -0.30       0.41
      8.09      -0.66      -0.08
      8.11      -0.80      -0.08
      8.14      -0.82      -0.25
      8.01      -0.52      -0.09
      7.90      -0.75       0.28
      7.32      -0.58       0.21
      7.23      -0.04      -0.25
      7.44      -0.46      -0.23
      8.23      -0.69       0.21
      7.84      -0.31      -0.11
      8.17      -0.06      -0.14
      8.10      -0.46       0.05
      7.39      -0.09       0.12
      7.30      -0.34       0.16
      7.42      -0.29       0.03
      7.20      -0.22      -0.04
      7.03       0.03      -0.23
      7.46       0.02       0.16
      7.21      -0.04       0.39
      6.98      -0.04       0.25
      6.76       0.43       0.04
      7.07       0.76       0.26
      7.84       1.14       0.22
      8.25       0.89       0.02
      8.14       0.82      -0.23
      7.64       0.15      -0.26
      7.51       0.22      -0.33
      8.22       0.12      -0.55
      8.07       0.42      -0.73
      7.93       0.45      -0.49
      7.80      -0.08       0.01
      7.59      -0.15      -0.05
      7.71      -0.31      -0.03
      7.52       0.06       0.03
      7.53       0.09      -0.05
      8.30      -0.56       0.44
      8.09      -1.06       0.41
      7.78      -0.92      -0.12
      7.70      -0.86      -0.02
      8.23      -0.35       0.06
      8.38      -0.03       0.25
      8.25      -0.30      -0.12
      8.39      -0.84       0.16
      8.26      -0.74      -0.32
      8.47      -0.38      -0.25
      8.62      -0.01      -0.02
      8.84       0.28      -0.16
      9.08       0.02      -0.00
      8.70       0.23      -0.32
      8.45       0.19      -0.31
      8.27       0.28      -0.21
      8.47       0.49      -0.40
      8.61       0.26      -0.40
      8.45       0.28      -0.32
      8.68       0.16      -0.46
      8.39      -0.17       0.11
      8.28       0.09       0.13
      8.72      -0.66       0.15
      8.86      -0.63      -0.53
      8.69      -0.51      -0.33
      8.43      -0.76      -0.72
      8.41      -0.69      -0.64
      8.00      -0.23      -0.21
      8.20      -0.49       0.07
      8.89      -0.52       0.08
      8.51      -0.60      -0.10
      8.44      -0.12      -0.04
      8.39      -0.04       0.32
      8.31      -0.15       0.26
      8.34      -0.17      -0.11
      7.76      -0.53      -0.09
      7.44      -0.41       0.12
      8.01      -0.04      -0.13
      8.23       0.16      -0.22
      7.57       0.15      -0.09
      7.17       0.83       0.08
      7.71       0.32       0.12
      7.20       0.65       0.73
      7.24       0.52       0.51
      7.32       0.25       0.31
      8.24       0.30      -0.28
      8.04       0.18      -0.12
      7.79       0.17      -0.21
      7.83       0.36       0.04
      7.95       0.35      -0.00
      7.58       0.40      -0.15
      7.84       0.52       0.20
      7.86       0.86      -0.19
      8.03       0.06       0.30
      8.14       0.09       0.09
      8.30      -0.10       0.17
      8.00       0.13      -0.06
      7.98       0.39      -0.13
      8.13       0.45      -0.18
      7.76       0.46      -0.23
      8.06       0.42       0.03
      7.70       0.53       0.19
      8.03       0.28       0.16
      8.14      -0.00      -0.14
      7.91      -0.53      -0.07
      7.96      -0.82       0.02
      8.45      -1.16      -0.19
      8.05      -0.82       0.01
      7.84      -1.11      -0.27
      7.65      -0.45       0.22
      7.46      -0.21       0.20
      7.59      -0.25      -0.05
      7.67      -0.17      -0.29
      7.67      -0.63      -0.50
      7.99      -0.42      -0.32
      8.22      -0.40      -0.25
      7.68      -0.41       0.12
      7.40      -0.27       0.16
      7.19      -0.14      -0.15
      7.20      -0.22      -0.09
      6.71       0.12      -0.21
      6.67      -0.55       0.24
      7.30      -0.27       0.27
      7.42      -0.24       0.26
      7.32       0.04      -0.10
      7.43       0.62       0.13
      7.41       0.15       0.05
      7.61       0.70       0.22
      8.22       0.17      -0.20
      8.14       0.24       0.02
      7.32       0.45      -0.17
      7.71       0.13      -0.05
      7.91       0.66      -0.28
      7.69       0.31      -0.47
      7.79       0.50      -0.34
      7.79       0.48      -0.18
      7.47       0.08      -0.26
      7.70       0.15      -0.11
      7.64      -0.03      -0.37
      7.63       0.49      -0.23
      8.13      -0.71       0.71
      7.82      -0.75      -0.01
      7.26      -1.00      -0.16
      7.53      -0.90       0.12
      8.07      -0.60      -0.17
      7.91      -0.51       0.15
      7.93      -0.51      -0.01
      8.01      -0.59      -0.11
      8.39       0.07      -0.32
      8.14       0.09       0.04
      8.70      -0.19      -0.02
      8.93       0.20      -0.17
      8.60       0.30      -0.36
      8.66      -0.07      -0.35
      8.64      -0.07      -0.26
      8.79      -0.06      -0.53
      8.73       0.47      -0.51
      8.49       0.30      -0.32
      8.49       0.45       0.09
      8.12      -0.10      -0.08
      8.09      -0.45      -0.28
      8.69      -0.74       0.02
      8.92      -0.91      -0.04
      9.16      -0.77      -0.29
      9.16      -0.67      -0.37
      8.83      -0.53      -0.14
      8.99      -0.52      -0.47
      8.25      -0.24       0.01
      8.48      -0.79      -0.08
      8.76      -0.80      -0.09
      8.56      -1.00      -0.16
      8.64      -0.08      -0.10
      8.40       0.12       0.36
      8.50      -0.00       0.11
      7.95      -0.14       0.34
      7.80      -0.03       0.07
      7.49      -0.07       0.12
      7.90       0.25      -0.14
      8.03      -0.27       0.03
      7.25       0.35       0.03
      7.44       0.79      -0.03
      7.89       0.58       0.23
      7.74       0.74       0.94
      7.74       0.51       0.63
      7.73       0.31       0.10
      8.27       0.52      -0.06
      7.82       0.20      -0.18
      7.52       0.27       0.00
      7.71       0.62      -0.20
      7.81       0.24      -0.06
      7.58       0.29       0.17
      7.48       0.61       0.24
      7.45       0.62      -0.40
      7.72       0.39       0.34
      7.79       0.14       0.13
      8.01      -0.08      -0.01
      7.82       0.17       0.27
      7.99       0.43       0.03
      7.76      -0.09      -0.17
      7.48      -0.02       0.03
      7.75       0.12      -0.12
      7.86       0.15       0.14
      8.14       0.43       0.29
      7.89       0.16       0.26
      7.92      -0.37      -0.17
      7.84      -0.40      -0.03
      8.05      -0.97       0.16
      7.93      -0.61       0.12
      8.03      -0.59       0.03
      7.70      -0.59       0.24
      7.58      -0.47       0.05
      7.82      -0.33       0.01
      7.31      -0.13      -0.15
      7.38      -0.52      -0.20
      7.83      -0.22      -0.30
      7.69      -0.24      -0.18
      7.56       0.28       0.01
      7.59      -0.18       0.13
      7.57      -0.08      -0.47
      7.26      -0.23      -0.38
      6.91       0.11      -0.11
      6.86       0.14       0.12
      6.73       0.00       0.28
      7.17       0.13       0.08
      7.21       0.33      -0.20
      7.45       0.44       0.00
      6.88       0.17       0.15
      7.39       0.27       0.05
      7.88      -0.04      -0.19
      7.74      -0.07      -0.11
      6.86      -0.09       0.49
      7.77       0.18       0.13
      7.67       0.20      -0.15
      7.98       0.28       0.08
      8.32       0.12      -0.22
      8.15       0.26      -0.26
      8.07       0.28      -0.10
      7.64       0.54       0.12
      7.23       0.05      -0.40
      7.19       0.10      -0.11
      8.49      -0.18       0.52
      7.87      -0.53      -0.12
      7.73      -0.95       0.06
      7.96      -1.31       0.24
      7.72      -0.75       0.12
      7.83      -0.75       0.23
      7.77      -0.41      -0.21
      7.93      -0.24      -0.20
      8.47       0.07      -0.09
      8.50      -0.16      -0.08
      8.67      -0.11       0.17
      8.13       0.09      -0.01
      8.49       0.05      -0.20
      8.70       0.04      -0.44
      8.92       0.09      -0.02
      8.85       0.54      -0.67
      9.10      -0.08      -0.51
      9.00       0.07      -0.12
      8.77       0.19      -0.10
      8.36      -0.37       0.09
      8.27      -0.64      -0.17
      9.17      -0.06      -0.55
      8.68      -0.56      -0.24
      8.66      -0.22      -0.18
      9.30      -0.60      -0.21
      9.12      -0.41      -0.44
      8.95      -0.45      -0.05
      9.07      -0.53      -0.47
      8.71      -0.39      -0.15
      8.53      -0.74      -0.08
      8.69      -0.50      -0.09
      8.66      -0.16       0.22
      8.72      -0.23       0.22
      8.84      -0.42       0.28
      8.43      -0.02       0.49
      7.75      -0.16       0.05
      7.97      -0.03      -0.22
      8.01      -0.13      -0.43
      8.10      -0.07       0.20
      7.85       0.18       0.29
      8.45       0.39       0.05
      8.31       0.78       0.16
      8.28       1.02       0.81
      8.19       1.09       0.68
      8.36       0.72       0.22
      8.24       0.38      -0.06
      7.94       0.33      -0.02
      7.89       0.44       0.03
      8.03       0.45      -0.44
      7.91       0.62      -0.05
      7.75       0.17       0.18
      7.68       0.16       0.16
      7.82       0.16      -0.07
      7.87       0.42       0.44
      8.09      -0.17       0.38
      8.22      -0.12      -0.08
      8.37       0.22      -0.01
      7.81       0.26       0.00
      7.34       0.62       0.15
      7.48       0.36       0.02
      7.66       0.01       0.03
      8.04       0.41       0.27
      7.97       0.42       0.17
      7.83       0.01       0.15
      7.96      -0.50       0.41
      7.71      -0.77       0.18
      7.73      -0.53      -0.00
      8.38      -0.47       0.05
      8.08      -0.41      -0.06
      7.70      -0.65       0.10
      7.49      -0.28      -0.30
      7.82      -0.33      -0.38
      7.82      -0.57       0.13
      7.40      -0.25      -0.20
      7.57      -0.96      -0.26
      7.90      -0.88      -0.12
      7.57      -0.44      -0.17
      7.53      -0.24      -0.17
      7.32      -0.11      -0.33
      6.95       0.22      -0.05
      6.85       0.37       0.33
      6.38      -0.10       0.14
      6.51       0.24      -0.01
      6.76      -0.02      -0.42
      6.86      -0.07      -0.05
      7.13       0.05       0.03
      7.06       0.17       0.32
      7.00       0.26       0.06
      7.65      -0.04      -0.08
      7.04      -0.15       0.26
      6.95      -0.17       0.03
      7.26       0.20       0.10
      7.62       0.41      -0.12
      8.09       0.23      -0.15
      8.22       0.08      -0.11
      8.37       0.13      -0.21
      7.84       0.32      -0.02
      7.80       0.32      -0.02
      7.53      -0.23      -0.15
      7.17      -0.11      -0.19
      8.45      -0.41       0.32
      8.08      -0.30       0.23
      8.05       0.05       0.13
      7.81      -1.10       0.01
      7.92      -0.72       0.20
      8.18      -1.01       0.05
      8.15      -0.49       0.00
      8.22      -0.45       0.04
      8.28      -0.25      -0.25
      8.13       0.12      -0.43
      8.19      -0.05      -0.35
      7.77      -0.07      -0.12
      8.14       0.47      -0.44
      8.40       0.49      -0.50
      9.20       0.70      -0.32
      9.13       0.37      -0.76
      9.26       0.40      -0.26
      9.13      -0.19      -0.36
      8.63       0.15      -0.10
      8.53      -0.40      -0.11
      8.82      -0.80      -0.03
      8.96      -0.20      -0.37
      8.52      -0.32      -0.42
      8.64      -0.46      -0.12
      8.81      -0.86      -0.10
      8.94      -0.90      -0.60
      8.53      -0.08      -0.24
      8.64      -0.57      -0.40
      8.59      -0.90      -0.29
      8.82      -0.63      -0.04
      8.83      -0.49      -0.43
      8.44      -0.25       0.33
      8.75      -0.43       0.13
      8.90      -0.40       0.27
      8.64      -0.26       0.48
      8.19       0.04       0.05
      8.07       0.25      -0.02
      8.07      -0.13      -0.06
      8.01       0.27      -0.25
      7.95       0.13      -0.00
      8.43       0.33      -0.00
      8.45       0.33       0.54
      8.49       0.64       0.51
      8.50       0.63       0.56
      8.12       0.69       0.28
      7.91       0.57       0.10
      8.05       0.42       0.02
      7.72       0.67       0.07
      8.02       0.63      -0.06
      8.39       0.40       0.10
      8.13       0.05       0.12
      8.15       0.07       0.03
      8.38       0.21       0.20
      8.63       0.18       0.21
      8.46      -0.16       0.15
      8.65      -0.24      -0.08
      8.37       0.12      -0.02
      7.93       0.35      -0.18
      7.66       0.72       0.25
      7.28       0.03       0.14
      7.72       0.86       0.23
      8.23      -0.03       0.34
      8.01       0.02       0.08
      7.89      -0.67       0.47
      8.34      -0.91       0.48
      7.44      -0.72       0.16
      7.30      -0.39      -0.05
      7.57       0.30      -0.19
      7.59      -0.48       0.02
      7.87      -0.78      -0.03
      7.88      -0.32       0.08
      7.73      -0.45      -0.22
      7.75      -0.43       0.03
      7.32      -0.22      -0.12
      7.22      -0.39      -0.18
      7.82      -0.48      -0.30
      7.51      -0.33      -0.62
      7.24       0.27      -0.23
      7.15       0.38      -0.30
      6.95       0.49      -0.09
      6.85       0.67       0.44
      6.59       0.09       0.09
      6.14       0.01       0.19
      6.68      -0.05      -0.30
      6.75       0.02      -0.37
      6.89       0.01      -0.23
      7.08       0.15       0.05
      6.50      -0.05      -0.01
      6.89      -0.31      -0.11
      7.04      -0.37       0.04
      7.36      -0.47       0.10
      7.51       0.19       0.37
      7.95      -0.03      -0.00
      8.05       0.26      -0.02
      8.12      -0.46      -0.51
      7.80       0.49      -0.17
      7.60       0.57      -0.32
      7.83       0.29      -0.07
      7.73      -0.35      -0.29
      7.32       0.31       0.07
      7.99      -0.20       0.22
      8.07      -0.32       0.28
      8.17      -0.01       0.39
      8.02      -0.71       0.33
      7.55      -0.81       0.03
      8.04      -0.97      -0.44
      8.08      -0.69      -0.16
      7.94      -0.93      -0.38
      8.02      -0.25      -0.26
      7.78       0.23      -0.42
      7.60       0.31      -0.30
      7.79      -0.15      -0.11
      7.81       0.36      -0.16
      8.17       0.42      -0.32
      8.97       0.42       0.02
      8.86       0.43      -0.38
      9.20       0.21      -0.46
      8.83      -0.06      -0.48
      8.44       0.05      -0.15
      8.73      -0.27       0.12
      8.66      -0.91      -0.69
      8.76      -0.37      -0.37
      8.82      -0.10      -0.57
      9.21      -0.43       0.17
      8.92      -0.67       0.11
      8.52      -0.81      -0.18
      8.43      -0.45      -0.47
      8.18      -0.71      -0.43
      8.29      -0.40      -0.26
      9.13      -0.29       0.30
      8.80      -0.33      -0.03
      8.52      -0.51      -0.12
      8.61      -0.60       0.13
      8.37      -0.51       0.41
      7.99       0.29      -0.05
      7.97      -0.08       0.19
      7.88      -0.47      -0.06
      8.43      -0.05      -0.21
      8.49       0.36      -0.10
      8.12       0.08      -0.01
      8.50       0.27      -0.20
      8.43      -0.08       0.27
      8.40       0.17       0.42
      8.05       0.25       0.16
      8.07       0.82       0.25
      7.72       0.94       0.22
      7.93       1.04      -0.13
      7.97       0.39      -0.21
      8.10       0.63      -0.03
      7.67       0.68       0.11
      8.27       0.53      -0.09
      8.46       0.23       0.04
      8.27       0.05       0.37
      8.47       0.25       0.65
      8.72      -0.16       0.43
      8.79      -0.17      -0.06
      8.49       0.08      -0.51
      8.12       0.44      -0.03
      7.87       0.80       0.10
      7.65       0.50       0.05
      7.96       0.54       0.43
      8.34       0.14       0.44
      8.44      -0.37       0.35
      8.31      -0.63       0.38
      8.35      -0.71       0.42
      7.73      -0.59       0.21
      7.53      -0.36       0.06
      7.72       0.34      -0.23
      7.31      -0.29      -0.18
      7.70      -0.23       0.06
      7.82       0.25       0.05
      7.88       0.07      -0.04
      7.96      -0.41      -0.46
      7.56      -0.15      -0.31
      7.32       0.02      -0.20
      7.46      -0.44      -0.31
      7.56      -0.11      -0.47
      7.38       0.39      -0.02
      7.17       0.11      -0.05
      6.66      -0.14      -0.08
      6.51       0.20       0.12
      6.49       0.45       0.17
      6.95       0.30      -0.24
      6.47      -0.06      -0.33
      6.31      -0.22      -0.40
      6.38       0.04       0.15
      6.89      -0.13      -0.10
      6.92       0.13      -0.26
      6.96      -0.24      -0.16
      7.33      -0.52      -0.00
      7.29      -0.34       0.22
      7.93       0.16       0.05
      7.90      -0.06       0.19
      8.15       0.42      -0.35
      7.86      -0.11      -0.18
      7.44       0.47      -0.35
      7.15       0.52      -0.30
      7.07       0.08      -0.13
      7.68      -0.40       0.05
      7.43      -0.05      -0.07
      7.96      -0.21       0.37
      8.49      -0.01       0.04
      8.39      -0.09      -0.03
      7.82      -0.51       0.08
      7.78      -0.89      -0.09
      7.76      -0.88      -0.57
      8.08      -0.43      -0.12
      8.04      -0.48      -0.26
      7.81      -0.15      -0.07
      7.23       0.11      -0.06
      7.29       0.17      -0.26
      7.38       0.55      -0.32
      7.22      -0.28       0.04
      7.89      -0.15      -0.10
      8.60      -0.03      -0.39
      8.91       0.45      -0.29
      8.59       0.48      -0.51
      8.71       0.38      -0.36
      8.49      -0.01      -0.18
      7.85      -0.31       0.14
      8.40      -0.46      -0.85
      8.90      -0.05      -0.55
      9.00      -0.15      -0.70
      9.02      -0.52       0.01
      8.66      -0.22       0.26
      8.59      -0.24      -0.13
      8.25      -0.35      -0.34
      8.14      -0.35      -0.46
      8.55      -0.62       0.05
      9.31      -0.58       0.43
      8.50      -0.40       0.08
      8.66      -0.42       0.23
      8.65      -0.25       0.20
      8.45       0.27       0.17
      8.23      -0.08      -0.08
      7.98      -0.32      -0.13
      8.16       0.21      -0.48
      8.07      -0.07      -0.38
      7.78       0.24       0.02
      7.56       0.31       0.17
      7.68       0.01       0.34
      8.17       0.12      -0.06
      8.14       0.17       0.24
      8.06       0.46       0.19
      7.72       0.76       0.51
      7.53       0.72      -0.12
      7.85       0.61       0.19
      8.33       0.34      -0.04
      8.01       0.51       0.17
      7.81       0.13      -0.00
      8.34       0.25      -0.03
      8.55       0.10       0.02
      8.21       0.36      -0.07
      8.07       0.38       0.39
      8.46       0.24       0.59
      8.35      -0.00       0.11
      8.43       0.05      -0.11
      8.12      -0.15       0.05
      7.62       0.85       0.21
      7.86       0.78       0.05
      7.98       0.24       0.36
      8.16       0.20       0.56
      8.34      -0.11       0.53
      8.22      -0.14       0.22
      7.74      -0.92      -0.09
      7.73      -0.50       0.14
      7.56      -0.79       0.05
      7.62       0.08      -0.30
      7.66       0.10      -0.01
      7.77      -0.44      -0.20
      8.30       0.01      -0.11
      8.26       0.13      -0.32
      8.02      -0.30      -0.56
      7.91      -0.17      -0.19
      7.47      -0.51      -0.20
      7.44      -0.94       0.18
      7.88       0.06       0.23
      7.60       0.41      -0.15
      7.30       0.44      -0.45
      6.91       0.26      -0.16
      6.82       0.20       0.02
      6.89       0.62       0.07
      7.02       0.28       0.08
      6.82       0.01      -0.26
      6.83       0.25      -0.38
      6.79       0.19      -0.07
      6.74       0.16       0.22
      6.98       0.04       0.04
      7.20      -0.19       0.11
      6.84      -0.19       0.04
      7.35      -0.31      -0.22
      7.26      -0.31      -0.08
      7.70      -0.01      -0.05
      8.24       0.36      -0.18
      8.29       0.13      -0.09
      7.56      -0.28      -0.27
      7.14       0.58      -0.12
      7.01       0.58      -0.27
      7.05       0.27       0.03
      6.93      -0.22      -0.31
      7.74      -0.15       0.06
      7.82      -0.12       0.11
      8.20      -0.16       0.03
      8.06      -0.44       0.29
      7.57      -0.49      -0.34
      7.70      -0.64      -0.25
      7.81      -0.44      -0.33
      7.85      -0.44      -0.03
      8.00      -0.38      -0.19
      7.90       0.23      -0.48
      7.51       0.20      -0.09
      7.38       0.12      -0.00
      7.53       0.02      -0.22
      7.86      -0.32      -0.17
      8.64      -0.16      -0.32
      8.55       0.17      -0.31
      8.03      -0.10      -0.56
      8.23      -0.69      -0.18
      8.38      -0.47      -0.32
      8.15      -0.91      -0.35
      8.57      -0.56      -0.26
      8.21      -0.40      -0.79
      9.21       0.30      -0.67
      8.79       0.08      -0.29
      8.97      -0.15       0.20
      8.87      -0.13      -0.10
      8.61      -0.15       0.04
      8.76      -0.25      -0.51
      8.27      -0.67       0.12
      8.44      -0.80       0.34
      8.63      -0.34       0.32
      8.66      -0.60       0.22
      8.42      -0.07       0.50
      8.65       0.38      -0.08
      8.36      -0.20      -0.32
      8.04      -0.03      -0.18
      7.51       0.33      -0.42
      7.69       0.53      -0.31
      7.98       0.04      -0.14
      7.62       0.02      -0.11
      8.26       0.35       0.27
      8.51       0.11       0.44
      8.09       0.45       0.51
      7.56       0.24       0.38
      7.38      -0.14       0.37
      7.19      -0.21       0.15
      7.68       0.43       0.06
      7.96       0.31      -0.05
      8.38       0.48       0.33
      7.93       0.51       0.02
      7.73       0.09      -0.02
      8.02       0.23       0.12
      7.91       0.17       0.07
      8.04       0.27       0.11
      8.49       0.61       0.57
      8.19      -0.14       0.01
      8.13       0.04      -0.24
      7.96       0.10       0.16
      8.17       0.75       0.20
      8.13       0.54       0.29
      8.04       0.55       0.35
      8.04      -0.09       0.50
      8.31       0.01       0.14
      8.12      -0.27       0.50
      7.74      -0.46      -0.03
      7.63      -0.15       0.22
      7.98      -0.37       0.20
      7.66      -0.43      -0.28
      7.73      -0.18       0.15
      8.07      -0.44      -0.38
      8.38       0.22      -0.11
      8.36      -0.23      -0.21
      8.05      -0.46      -0.36
      8.27      -0.03      -0.06
      8.16      -0.15       0.25
      7.82      -0.71      -0.01
      7.79      -0.18      -0.32
      7.61       0.31      -0.05
      7.55       0.40      -0.35
      6.94       0.36       0.16
      6.97       0.03       0.23
      7.06       0.08      -0.16
      6.97      -0.31      -0.13
      7.15      -0.10       0.10
      7.01       0.53       0.08
      7.26       0.66       0.36
      7.10       0.24      -0.03
      7.49       0.18       0.44
      7.31       0.17       0.35
      6.93      -0.13      -0.00
      7.32      -0.16      -0.22
      7.34       0.09      -0.25
      7.88       0.38       0.09
      8.08       0.21      -0.22
      7.87       0.16      -0.16
      7.82      -0.24      -0.22
      7.09      -0.10      -0.10
      7.39       0.31       0.03
      7.11       0.15       0.21
      6.66       0.55      -0.17
      8.06      -0.50       0.07
      8.40      -0.38       0.16
      8.82      -0.42       0.01
      8.24      -0.75       0.18
      7.62      -0.97      -0.06
      7.82      -0.47      -0.02
      7.87      -0.33      -0.53
      8.15      -0.32      -0.16
      7.61      -0.20      -0.43
      7.70       0.26      -0.71
      7.71       0.12       0.24
      7.51       0.23       0.15
      7.32       0.08      -0.12
      7.88      -0.29      -0.27
      8.21      -0.45      -0.40
      7.82      -0.40      -0.19
      8.04      -0.30      -0.11
      8.80      -0.70      -0.14
      8.55      -0.87      -0.45
      8.65      -0.62      -0.61
      8.75      -0.39      -0.60
      8.62       0.10      -0.27
      8.79      -0.10      -0.54
      8.83       0.04      -0.39
      8.73      -0.16      -0.06
      8.73      -0.07      -0.00
      8.54      -0.04       0.06
      8.40      -0.23      -0.22
      8.46      -0.33       0.01
      8.60      -0.40      -0.10
      8.62      -0.74       0.57
      8.07      -0.60       0.43
      8.12      -0.12       0.28
      8.35       0.59      -0.09
      8.18       0.49      -0.31
      7.90       0.06      -0.27
      7.28      -0.01      -0.23
      7.70       0.41      -0.63
      7.82       0.29      -0.38
      7.79      -0.16      -0.51
      8.07       0.36       0.21
      8.01       0.64       0.23
      7.75       0.59       0.36
      7.57       0.07       0.18
      7.36       0.66       0.30
      7.76       0.19       0.04
      7.56       0.32       0.21
      7.75       0.28       0.04
      7.99       0.36       0.18
      7.96       0.04       0.12
      7.59       0.05       0.10
      7.83       0.01       0.08
      7.97      -0.04      -0.13
      7.97       0.46       0.11
      8.16       0.42       0.32
      8.18       0.36       0.29
      7.89       0.01       0.27
      7.92       0.19       0.22
      8.33       0.19      -0.02
      7.91       0.32       0.20
      8.16       0.45       0.29
      7.64       0.30       0.20
      7.89      -0.35       0.20
      7.87      -0.29       0.40
      7.87      -0.28       0.23
      7.54      -0.38       0.23
      7.91      -0.32       0.07
      7.84      -0.33      -0.09
      7.64      -0.24      -0.03
      7.85      -0.05      -0.51
      8.01      -0.07      -0.02
      8.52      -0.19      -0.10
      8.83      -0.62      -0.20
      8.13      -0.40      -0.01
      7.84       0.11      -0.26
      8.12       0.15       0.03
      8.08       0.24       0.37
      7.49      -0.13      -0.02
      7.26       0.50       0.22
      7.05       0.22       0.34
      6.71      -0.21       0.21
      6.54       0.10      -0.05
      7.03      -0.43       0.16
      7.40      -0.35       0.05
      7.30      -0.14       0.14
      7.56       0.23       0.22
      7.19       0.73       0.30
      7.31       0.50       0.07
      7.62       0.15      -0.01
      7.16       0.07       0.13
      7.27      -0.10       0.01
      7.80       0.35      -0.65
      7.91       0.20       0.19
      8.09      -0.13      -0.13
      7.88      -0.58       0.01
      7.75      -0.18      -0.20
      7.63       0.16      -0.15
      7.46       0.21       0.04
      7.26       0.25       0.15
      7.40       0.24      -0.08
      8.33      -0.50       0.04
      8.45      -0.21      -0.15
      8.60      -0.04       0.18
      8.05      -0.57       0.52
      8.02      -0.74       0.37
      8.04      -0.31       0.02
      8.02      -0.37      -0.20
      7.90      -0.32      -0.10
      7.78       0.06      -0.31
      7.80       0.52      -0.40
      8.06       0.18      -0.01
      7.82       0.28      -0.06
      7.63       0.05      -0.25
      7.64      -0.28      -0.18
      8.14      -0.42       0.04
      7.65      -0.71      -0.01
      7.68      -0.49      -0.22
      7.88      -0.31      -0.48
      8.65      -0.70      -0.41
      8.45      -1.00      -0.57
      8.57      -0.12      -0.59
      8.94       0.16      -0.79
      8.74      -0.23      -0.56
      8.53      -0.23      -0.41
      8.08      -0.62      -0.12
      8.83      -0.27       0.12
      9.00      -0.00      -0.10
      8.56      -0.35      -0.23
      8.18      -0.26      -0.39
      8.84      -0.33       0.16
      8.71      -0.33       0.41
      8.42      -1.05       0.23
      8.63      -0.72       0.52
      8.34      -0.08       0.01
      8.32       0.08      -0.57
      8.24       0.20      -0.35
      7.39      -0.13      -0.14
      7.67       0.35      -0.40
      7.91       0.39      -0.30
      7.61       0.10      -0.00
      8.25       0.25      -0.11
      7.84       0.21      -0.10
      8.06      -0.27       0.43
      7.66       0.22       0.49
      7.94       0.66       0.12
      7.77       0.47       0.16
      7.66       0.64       0.13
      7.31       0.10      -0.06
      7.78       0.32       0.02
      7.73      -0.10       0.06
      7.89       0.13      -0.06
      7.97       0.24       0.08
      8.23       0.02       0.18
      8.23       0.11       0.06
      8.45       0.23       0.12
      8.37       0.25       0.05
      7.99      -0.12       0.20
      8.23       0.17       0.41
      8.16       0.23       0.13
      8.21      -0.07      -0.11
      8.06      -0.13       0.24
      7.85      -0.05       0.37
      8.01      -0.25       0.32
      8.01       0.02       0.62
      7.57      -0.20       0.22
      7.49      -0.46       0.08
      7.95      -0.37       0.25
      8.18      -0.59       0.19
      7.76      -0.46      -0.28
      7.81      -0.07      -0.35
      8.10      -0.36      -0.25
      8.54      -0.84      -0.41
      8.45      -0.71      -0.01
      8.12       0.10      -0.01
      8.01       0.30      -0.14
      7.41      -0.14      -0.07
      7.58       0.10       0.14
      7.13       0.14       0.31
      7.21       0.53       0.23
      7.03       0.15       0.71
      6.73       0.29       0.05
      6.95       0.20       0.16
      6.79      -0.28       0.03
      7.40      -0.46      -0.14
      7.27      -0.04       0.03
      7.52      -0.08       0.28
      7.06       0.88       0.45
      7.03       0.43       0.43
      7.21       0.14       0.34
      7.16      -0.03       0.06
      7.68       0.07      -0.75
      7.96      -0.33      -0.42
      7.76      -0.19      -0.26
      7.79      -0.90      -0.34
      8.09      -0.30       0.02
      7.85       0.15       0.06
      7.45       0.26      -0.05
      7.54       0.19       0.24
      7.29      -0.17      -0.05
      7.13       0.16       0.12
      7.93      -0.25       0.00
      8.08       0.30       0.37
      8.20       0.34      -0.04
      8.23      -0.07       0.31
      7.94      -0.45       0.20
      8.21      -0.24      -0.16
      8.16      -0.28      -0.00
      8.03      -0.07      -0.22
      7.74       0.24      -0.30
      7.91       0.51      -0.49
      8.15       0.36      -0.05
      7.54       0.06      -0.30
      7.90       0.03      -0.30
      8.16      -0.17      -0.14
      8.14      -0.57      -0.06
      8.24      -0.87       0.06
      8.30      -0.36      -0.10
      7.97      -0.19      -0.32
      8.14       0.06      -0.08
      8.79      -0.39      -0.56
      8.43       0.07      -0.78
      8.66      -0.22      -0.86
      8.42       0.31      -0.44
      7.95      -0.36       0.05
      8.31      -0.71      -0.02
      8.51      -0.02       0.22
      8.80      -0.39       0.25
      8.52      -0.11      -0.11
      8.38      -0.18      -0.49
      8.96      -0.53       0.25
      8.95      -0.31      -0.15
      8.75      -0.93       0.04
      8.83      -0.62      -0.34
      8.42      -0.55      -0.07
      7.82      -0.53      -0.48
      7.95       0.16      -0.16
      7.67       0.09      -0.24
      7.35       0.10      -0.08
      7.70       0.52      -0.04
      8.00       0.19       0.01
      8.69       0.19      -0.13
      8.38       0.15       0.25
      7.82      -0.00       0.46
      7.52       0.21       0.42
      7.29       0.98       0.57
      7.48       0.35       0.34
      7.84       0.35       0.06
      7.57       0.48       0.17
      7.62       0.58       0.08
      7.98       0.26       0.08
      7.72      -0.05      -0.40
      8.17      -0.07       0.19
      7.76       0.01      -0.07
      8.28      -0.08      -0.00
      8.54       0.31      -0.26
      8.22       0.35       0.16
      8.08      -0.26       0.25
      8.27       0.08       0.25
      8.30       0.31       0.20
      8.10      -0.10      -0.01
      8.07      -0.06       0.20
      7.95      -0.11       0.24
      8.09      -0.04       0.22
      8.43       0.10       0.21
      7.93       0.09       0.10
      7.67      -0.55       0.44
      8.17      -0.54       0.40
      8.41      -0.69       0.57
      8.04      -0.40      -0.38
      7.99      -0.07      -0.43
      8.16      -0.73      -0.50
      8.10      -0.89      -0.03
      8.37      -0.07      -0.22
      7.65       0.06      -0.11
      7.79       0.31      -0.21
      8.21       0.28       0.04
      7.82      -0.21       0.55
      7.56       0.01       0.44
      7.45       0.26       0.23
      7.25       0.11       0.53
      7.08       0.55      -0.03
      7.27       0.11       0.05
      7.28      -0.40      -0.34
      6.99      -0.62      -0.34
      6.82      -0.06      -0.03
      7.01       0.02      -0.04
      7.08       0.33       0.36
      6.66       0.42       0.11
      7.12       0.08       0.36
      7.27      -0.19       0.44
      7.57       0.08      -0.24
      8.28       0.38      -0.09
      7.58       0.00      -0.01
      7.79      -0.82       0.04
      7.77      -1.10       0.11
      7.66      -0.02      -0.24
      7.99       0.31       0.07
      7.75       0.28       0.08
      7.91       0.18      -0.04
      7.42       0.19       0.15
      7.68      -0.07      -0.07
      8.14       0.34      -0.07
      8.34      -0.18       0.23
      8.27      -0.41       0.29
      8.27      -0.26       0.12
      8.16      -0.16       0.23
      7.72      -0.11       0.10
      7.64       0.20       0.09
      7.27       0.02      -0.09
      7.84       0.49      -0.34
      7.74       0.09      -0.11
      7.87       0.29      -0.32
      7.76       0.25      -0.06
      7.92       0.11      -0.04
      8.21      -0.23      -0.29
      8.10      -0.29      -0.05
      8.20      -0.35       0.01
      8.10      -0.17       0.01
      7.95       0.23      -0.27
      7.98       0.40      -0.42
      8.19       0.35      -0.62
      8.01      -0.01      -0.83
      8.30      -0.18      -0.35
      8.22      -0.13      -0.33
      8.09      -0.11      -0.13
      8.76      -0.13       0.29
      8.96      -0.09       0.48
      8.81      -0.21      -0.17
      8.81      -0.03      -0.37
      8.74      -0.92      -0.14
      8.63      -0.41      -0.34
      8.38      -0.74      -0.24
      7.85      -0.62      -0.24
      8.09      -0.81      -0.33
      7.80      -0.50      -0.29
      7.76      -0.23      -0.24
      7.84      -0.01      -0.19
      7.69       0.43       0.25
      7.92      -0.14      -0.07
      8.14      -0.09       0.13
      8.65      -0.13       0.15
      8.61      -0.04       0.15
      7.67       0.08       0.31
      7.49       0.43       0.36
      6.98       0.70       0.00
      7.50       0.54       0.09
      7.55       0.33       0.16
      7.74       0.49       0.11
      7.51       0.67       0.08
      7.50       0.54       0.33
      7.59       0.04      -0.54
      7.99      -0.25       0.01
      8.34      -0.03       0.16
      8.21      -0.20       0.23
      8.59      -0.23      -0.24
      8.28       0.22       0.02
      7.84       0.10       0.42
      7.91       0.09       0.16
      7.79      -0.02       0.05
      7.56      -0.38       0.32
      7.61      -0.25       0.01
      7.79       0.21       0.20
      7.81      -0.01       0.47
      8.23      -0.41       0.19
      8.49      -0.21       0.28
      8.21      -0.20       0.20
      8.08      -0.37       0.68
      8.15      -0.58       0.25
      8.00      -0.62      -0.28
      7.44       0.01      -0.34
      7.80      -0.71      -0.45
      8.11      -0.63       0.02
      8.14      -0.50       0.01
      8.22      -0.19       0.17
      8.15       0.26       0.14
      8.25       0.31       0.27
      8.09       0.34       0.57
      7.32      -0.22       0.46
      7.11       0.22       0.32
      7.27       0.10       0.39
      7.28       0.29       0.20
      7.23       0.06       0.18
      7.26      -0.46      -0.40
      6.63      -0.64       0.15
      6.71      -0.05      -0.10
      7.06       0.22      -0.09
      6.99       0.26       0.05
      7.24       0.24       0.21
      7.55       0.11       0.33
      7.74       0.14       0.16
      7.70       0.33      -0.20
      7.86       0.03      -0.14
      7.62      -0.75      -0.57
      7.63      -1.28      -0.16
      7.36      -0.99      -0.05
      7.89      -0.29      -0.01
      8.13       0.13       0.27
      7.86      -0.03       0.42
      7.74       0.13      -0.01
      7.53      -0.10      -0.21
      7.86      -0.16      -0.30
      8.31       0.33      -0.32
      8.23      -0.01       0.01
      8.03      -0.17       0.09
      8.11      -0.24      -0.04
      8.36      -0.49       0.08
      8.37      -0.06       0.17
      8.37       0.01      -0.12
      7.65       0.01      -0.00
      7.83       0.47      -0.28
      7.45       0.21      -0.18
      7.74       0.40      -0.39
      7.79       0.15      -0.12
      7.64       0.03      -0.44
      7.70      -0.32      -0.03
      7.78      -0.36      -0.27
      7.78      -0.12       0.16
      7.86       0.42      -0.30
      7.95       0.38       0.02
      7.92       0.44      -0.15
      7.82       0.62      -0.53
      8.27       0.76      -0.42
      8.12       0.18      -0.03
      8.49       0.07      -0.26
      8.41       0.38       0.08
      8.30       0.65       0.22
      8.68       0.24       0.27
      9.00       0.02      -0.04
      8.89       0.23      -0.34
      8.59      -0.65       0.19
      8.22      -0.50      -0.61
      7.87      -1.22      -0.70
      7.72      -1.02      -0.13
      7.41      -0.97      -0.05
      7.61      -0.34      -0.17
      8.13      -0.62      -0.05
      8.29       0.24       0.05
      8.27       0.15      -0.22
      8.29      -0.05       0.32
      8.30       0.16      -0.06
      8.47      -0.37       0.14
      8.19      -0.02      -0.02
      7.75      -0.18       0.20
      7.84       0.00      -0.25
      7.81       0.21       0.25
      7.66       0.51      -0.36
      7.50       0.30      -0.05
      7.86       0.41       0.27
      7.12       0.65       0.07
      7.14       0.70      -0.03
      7.45       0.24      -0.05
      7.43      -0.13      -0.09
      7.76      -0.03       0.11
      7.77       0.16      -0.14
      7.96       0.45      -0.27
      7.76       0.03       0.20
      8.11       0.04       0.53
      7.83      -0.11      -0.01
      7.62       0.37       0.14
      7.61      -0.17       0.47
      8.02      -0.05       0.53
      8.07      -0.03       0.46
      7.96       0.13      -0.08
      8.09      -0.11       0.42
      8.13      -0.30       0.27
      8.08      -0.83       0.33
      8.20      -0.74       0.29
      8.16      -0.40       0.23
      7.67      -0.31       0.13
      7.45      -0.52       0.08
      7.71      -0.70      -0.25
      7.66      -0.35      -0.20
      8.19      -0.37      -0.09
      8.21       0.17       0.20
      8.05       0.32       0.21
      7.94       0.59       0.27
      7.94       0.15       0.41
      7.41       0.06       0.15
      7.20       0.01       0.34
      7.48       0.50       0.05
      7.33       0.05       0.17
      7.21      -0.03      -0.11
      7.00      -0.48      -0.37
      7.04      -0.44       0.24
      7.24      -0.37      -0.01
      7.05       0.30      -0.08
      7.04      -0.06       0.17
      7.53      -0.21       0.08
      7.56      -0.00       0.04
      7.77       0.21       0.06
      7.93       0.26      -0.15
      7.68       0.39      -0.20
      8.05      -0.29      -0.19
      7.87      -0.54       0.12
      7.32      -0.64       0.06
      7.36      -0.12       0.11
      7.55      -0.16      -0.01
      7.53      -0.28       0.10
      7.61      -0.10       0.17
      7.52      -0.11      -0.33
      7.40       0.30       0.08
      8.09       0.58       0.10
      7.73       0.14       0.03
      7.81      -0.22       0.02
      8.14      -0.22      -0.26
      7.52      -0.53       0.30
      8.10      -0.23      -0.03
      8.19       0.52      -0.14
      7.93       0.69       0.23
      7.36       0.25       0.06
      7.26       0.49      -0.36
      7.64       0.22      -0.07
      8.18       0.19      -0.36
      8.12       0.26      -0.32
      8.17       0.38      -0.09
      7.99      -0.22       0.01
      7.80       0.04      -0.55
      7.79       0.39      -0.15
      7.61       0.26       0.01
      7.93       0.67       0.15
      7.81       0.49      -0.16
      8.18       0.38      -0.02
      8.08       0.26      -0.33
      8.52       0.24      -0.27
      8.76       0.28      -0.44
      8.66       0.46       0.04
      9.43       0.39       0.24
      9.30       0.31      -0.08
      8.90       0.25       0.02
      8.26      -0.30      -0.40
      7.81      -0.40      -0.29
      7.78      -0.42      -0.34
      7.97      -0.72      -0.12
      7.65      -0.89      -0.21
      7.70      -0.80      -0.19
      7.88      -0.25       0.29
      8.11       0.06      -0.09
      8.12       0.22       0.05
      8.53       0.32       0.05
      8.51       0.19       0.10
      8.74      -0.07       0.14
      8.28       0.11       0.46
      8.23      -0.04      -0.14
      7.92       0.32      -0.13
      7.79       0.08       0.07
      7.95       0.38      -0.17
      7.93       0.38      -0.03
      7.66       0.55       0.00
      7.20       0.51      -0.20
      7.02      -0.02      -0.27
      7.51      -0.05      -0.21
      7.42      -0.52      -0.18
      7.35      -0.16      -0.00
      7.56       0.17      -0.08
      8.04       0.25      -0.03
      7.74       0.31      -0.22
      7.75       0.34       0.25
      7.48       0.35       0.03
      7.83       0.57       0.34
      7.67      -0.11       0.21
      7.93      -0.28       0.32
      7.74       0.17       0.32
      7.98       0.38       0.36
      7.52      -0.31       0.08
      7.91      -0.75       0.06
      8.22      -0.68       0.19
      7.97      -0.45       0.27
      7.51      -0.17       0.11
      7.31       0.18       0.14
      7.03      -0.47       0.18
      7.06      -0.26      -0.08
      7.63      -0.15       0.08
      7.79       0.32       0.03
      8.16       0.29       0.01
      8.52       0.20      -0.02
      8.34       0.25       0.39
      7.77       0.18       0.52
      7.66       0.25       0.19
      7.37       0.24       0.34
      7.28       0.46       0.07
      7.28      -0.04       0.08
      7.47      -0.48       0.15
      7.83      -0.80      -0.29
      7.59      -0.37       0.04
      7.85      -0.04       0.02
      7.60      -0.27      -0.02
      7.45       0.07      -0.08
      7.54       0.07      -0.02
      8.18       0.12      -0.20
      7.76      -0.03       0.11
      7.98      -0.01      -0.07
      8.09      -0.03      -0.29
      8.10      -0.24      -0.32
      7.72      -0.43      -0.10
      7.50      -0.18      -0.01
      7.02       0.09       0.22
      7.36       0.11       0.02
      7.72      -0.35       0.34
      7.76      -0.54       0.01
      7.56      -0.68      -0.20
      7.27      -0.04       0.03
      7.44       0.16       0.10
      7.47      -0.14       0.02
      7.36      -0.62      -0.25
      7.08      -0.23      -0.17
      7.39      -0.17       0.18
      7.73       0.23      -0.10
      7.67       0.78      -0.33
      7.87       1.06       0.49
      7.36       0.42       0.08
      7.44       0.53      -0.31
      7.78       0.52      -0.01
      7.78       0.39      -0.01
      8.07       0.61      -0.49
      8.17       0.41      -0.11
      7.63       0.08      -0.25
      7.27       0.39      -0.46
      7.65       0.37       0.10
      7.83       0.44      -0.16
      8.07       0.31       0.10
      8.16       0.41       0.03
      8.55       0.38       0.01
      8.43       0.09      -0.42
      8.11       0.42      -0.55
      8.50       0.20      -0.22
      8.46       0.04      -0.14
      8.99       0.29      -0.27
      9.10       0.40      -0.18
      8.68      -0.07       0.23
      8.52      -0.47      -0.14
      7.89      -0.01      -0.30
      7.69      -0.60      -0.65
      7.93      -0.46      -0.16
      7.95      -0.30       0.09
      7.64      -0.58      -0.25
      7.31      -0.38      -0.03
      7.58       0.75      -0.20
      7.98       0.09       0.14
      8.13       0.54      -0.07
      8.28      -0.23      -0.08
      8.42       0.08      -0.19
      8.27       0.02       0.06
      8.24       0.01       0.20
      8.09       0.31       0.05
      7.99       0.14      -0.04
      7.96       0.57      -0.13
      8.08       0.73       0.03
      7.46       0.56       0.01
      7.45       0.26       0.03
      7.52      -0.17      -0.07
      7.53       0.06      -0.12
      7.73       0.15      -0.08
      7.57       0.32       0.14
      7.81       0.24      -0.19
      7.85       0.24       0.10
      7.94      -0.07      -0.04
      7.90       0.39       0.14
      8.13       0.20      -0.10
      7.45       0.18       0.03
      7.44       0.19       0.00
      7.43       0.13       0.52
      7.68      -0.22       0.04
      7.73      -0.24       0.01
      7.55      -0.17       0.06
      7.87      -0.27       0.13
      7.70      -0.60      -0.00
      8.07      -0.28      -0.05
      7.96      -0.37       0.25
      7.19      -0.10       0.16
      7.18      -0.12       0.38
      7.09       0.30      -0.19
      7.38      -0.20       0.09
      7.46       0.13       0.41
      8.22       0.02      -0.03
      8.32      -0.27       0.22
      8.34      -0.16       0.52
      8.36       0.02       0.42
      7.66       0.27       0.42
      7.32       0.28       0.14
      7.10       0.40      -0.17
      6.99      -0.39       0.31
      7.90      -0.52       0.35
      8.27      -0.69      -0.29
      8.11      -0.46      -0.34
      8.06      -0.38      -0.30
      7.86      -0.43      -0.15
      7.84       0.04      -0.03
      7.90       0.41       0.04
      7.84      -0.08      -0.42
      7.62      -0.22      -0.26
      8.03      -0.50       0.02
      8.04      -0.23      -0.03
      7.82       0.24      -0.26
      7.53       0.33       0.11
      7.34       0.18       0.20
      7.04       0.34       0.11
      7.22       0.11       0.07
      7.21      -0.22       0.26
      7.32      -0.44       0.38
      7.07      -0.23      -0.11
      7.08      -0.22      -0.01
      7.45      -0.54       0.16
      7.12      -0.51      -0.32
      6.73      -0.42      -0.05
      7.28      -0.34      -0.16
      7.36      -0.05       0.04
      7.71      -0.07       0.25
      8.07       0.88      -0.29
      7.80       0.63       0.19
      7.90       0.76       0.03
      7.87       0.57      -0.60
      7.37       1.02      -0.56
      7.93       0.58      -0.04
      8.06       0.61      -0.41
      8.43       0.54      -0.13
      7.58       0.46      -0.58
      7.68       0.50      -0.46
      7.86       0.69      -0.26
      7.45       1.01      -0.20
      8.13       0.47      -0.28
      7.93       0.66       0.11
      8.02       0.47       0.04
      8.41       0.32      -0.25
      8.33       0.06      -0.15
      8.64       0.25      -0.37
      8.47       0.25      -0.41
      8.32       0.29      -0.77
      7.95      -0.22      -0.34
      8.29      -0.19       0.15
      8.18      -0.24       0.08
      7.50      -0.14      -0.20
      7.10       0.10      -0.21
      7.48      -0.27      -0.12
      7.41      -0.20      -0.24
      7.63       0.27      -0.16
      7.30       0.01      -0.18
      7.63      -0.01      -0.38
      7.87       0.41       0.02
      8.15      -0.07      -0.11
      8.31       0.03      -0.15
      8.02       0.22      -0.02
      8.04      -0.13       0.05
      7.91      -0.05       0.03
      7.86       0.27       0.23
      7.79       0.55       0.17
      8.11       0.60      -0.11
      8.07       0.56       0.20
      7.69       0.82       0.23
      7.75       0.40       0.05
      7.28       0.53      -0.40
      7.12       0.34      -0.24
      7.90       0.62      -0.06
      7.97       0.14       0.08
      7.73       0.10       0.18
      8.03      -0.14      -0.08
      7.70       0.35       0.32
      8.14       0.35      -0.00
      7.91       0.74      -0.38
      7.36       0.55      -0.16
      7.12       0.48       0.21
      6.93       0.23       0.35
      7.28      -0.54       0.27
      7.18      -0.37      -0.04
      7.29      -0.36       0.18
      7.63      -0.35       0.08
      7.93      -0.41      -0.06
      8.01      -1.05       0.00
      7.81      -0.81       0.06
      7.75      -0.56      -0.13
      7.59      -0.21       0.28
      7.87       0.25       0.45
      7.86       0.19       0.42
      7.63       0.04       0.80
      8.50      -0.14       0.16
      8.54      -0.34       0.29
      8.16      -0.13       0.22
      8.08      -0.11       0.41
      7.55      -0.02       0.91
      7.47       0.63       0.28
      7.22      -0.06       0.13
      7.03      -0.06       0.13
      7.37      -0.01       0.39
      7.66      -0.72       0.02
      7.22      -0.46      -0.29
      7.76      -0.17      -0.54
      8.08      -0.55      -0.35
      7.99      -0.04      -0.26
      7.72      -0.11      -0.58
      8.01       0.18      -0.01
      7.91      -0.12      -0.22
      8.22      -0.12      -0.17
      8.33      -0.17       0.15
      8.12      -0.25      -0.06
      7.27       0.18       0.27
      7.46       0.49       0.50
      7.31       0.60      -0.26
      7.47       0.34      -0.08
      7.84      -0.18       0.48
      7.38      -0.08       0.36
      6.91      -0.03      -0.20
      7.50      -0.83      -0.10
      7.30      -0.49       0.08
      7.50      -0.30      -0.10
      7.18      -0.58       0.04
      7.51      -0.13      -0.59
      7.59       0.15      -0.43
      7.98       0.21       0.19
      8.38       0.95       0.19
      7.99       0.19      -0.05
      7.73       0.30      -0.08
      7.81       0.25      -0.65
      7.33       0.87      -0.44
      8.11       0.51      -0.28
      8.43       0.57      -0.06
      8.13       0.77      -0.13
      7.76       0.69      -0.60
      7.92       0.97      -0.23
      8.11       1.26      -0.22
      7.78       0.87      -0.18
      8.22       0.92      -0.17
      8.38       0.74       0.17
      8.05       0.55       0.25
      8.38       0.63      -0.21
      8.09       0.02      -0.14
      8.48       0.06      -0.39
      8.65       0.51      -0.45
      8.02       0.34      -0.50
      7.65      -0.19      -0.31
      7.89       0.33      -0.32
      7.72       0.33      -0.08
      7.52      -0.21      -0.47
      7.03       0.23      -0.34
      7.29       0.26      -0.59
      7.72       0.27      -0.08
      7.67       0.47      -0.00
      7.52       0.21      -0.21
      7.76       0.26      -0.13
      8.07       0.82       0.05
      7.83       0.25      -0.08
      7.86       0.48      -0.26
      7.89       0.59       0.18
      7.69       0.00       0.03
      7.32      -0.13      -0.02
      7.85       0.03      -0.04
      7.75       0.42       0.13
      7.50       0.71       0.17
      7.72       0.26       0.35
      7.53       0.10       0.01
      7.34       0.38      -0.06
      7.07       0.49       0.02
      7.22       0.35      -0.48
      7.92       0.29      -0.40
      7.94       0.10       0.15
      7.70      -0.01       0.36
      7.99      -0.00      -0.24
      7.55      -0.04       0.18
      7.99      -0.11      -0.14
      8.02       0.17      -0.13
      7.50       0.30      -0.24
      7.13       0.38       0.02
      7.02      -0.01       0.34
      7.23      -0.28      -0.13
      7.39      -0.23       0.14
      7.78      -0.29       0.31
      7.79      -0.61       0.31
      8.18      -0.84       0.13
      8.45      -0.85       0.12
      7.99      -0.53       0.10
      8.17      -0.69       0.08
      7.96      -0.16      -0.09
      8.26      -0.08       0.57
      8.06      -0.02       0.41
      7.80       0.37       0.34
      8.34       0.35       0.06
      8.52       0.34       0.27
      8.39       0.33       0.02
      8.06       0.43       0.20
      7.59       0.19       0.38
      7.58       0.68      -0.05
      7.53       0.25      -0.04
      7.28       0.11      -0.04
      7.26      -0.09       0.22
      7.21      -0.38      -0.21
      7.44      -0.30      -0.14
      7.37       0.02       0.02
      8.13      -0.30      -0.42
      7.72       0.03      -0.43
      7.81      -0.24      -0.30
      7.78      -0.23       0.03
      7.98      -0.41      -0.20
      7.50      -0.47      -0.34
      7.85      -0.41       0.13
      7.91      -0.21       0.21
      7.86       0.15       0.34
      7.54       0.12       0.26
      7.53       0.31       0.16
      7.29       0.54      -0.03
      7.52      -0.13       0.28
      7.83       0.19       0.08
      7.04      -0.25       0.20
      7.38      -0.87      -0.01
      7.13      -0.23      -0.21
      7.59      -0.56      -0.16
      7.55      -0.09      -0.01
      7.34      -0.06      -0.32
      7.99       0.21      -0.32
      8.31       0.45      -0.43
      7.97       0.77       0.17
      7.56       0.38      -0.02
      7.64      -0.09       0.02
      7.80       0.32      -0.33
      7.70       0.40      -0.00
      8.37       0.59      -0.26
      8.01       0.60      -0.24
      7.60       1.28       0.01
      7.79       1.22      -0.16
      7.51       1.05      -0.21
      7.99       1.12      -0.31
      7.96       1.02      -0.06
      7.86       0.97       0.03
      8.28       0.61       0.14
      8.05       0.78       0.20
      7.96       0.13       0.01
      8.53       0.21       0.04
      8.63       0.39      -0.11
      8.67       0.26      -0.14
      8.35      -0.00      -0.56
      8.17      -0.31      -0.42
      7.71       0.11      -0.58
      7.81       0.38      -0.03
      7.51       0.40      -0.40
      7.13       0.49      -0.69
      7.61       0.31      -0.19
      7.62       0.49      -0.18
      7.69       0.79      -0.03
      8.15       0.65      -0.15
      7.86       0.31      -0.03
      8.45       0.56      -0.15
      8.19       0.37      -0.21
      8.08       0.37       0.00
      8.52       0.01       0.10
      8.06       0.13       0.19
      7.75       0.21      -0.02
      7.82      -0.14      -0.13
      7.78       0.25       0.12
      7.54       0.21       0.24
      7.69      -0.22       0.12
      7.81       0.45       0.24
      7.84       0.23      -0.22
      7.37      -0.10      -0.16
      7.75       0.22      -0.21
      8.27       0.10      -0.33
      7.90       0.17       0.34
      8.18       0.19      -0.19
      7.92      -0.38       0.13
      7.90       0.05       0.38
      7.69       0.25      -0.07
      7.73       0.32       0.09
      7.14       0.60      -0.11
      6.85       0.60       0.15
      7.64       0.35       0.20
      7.46      -0.26       0.27
      7.52      -0.22       0.10
      7.84      -0.35       0.13
      7.48      -0.67      -0.09
      7.85      -0.75       0.29
      8.11      -1.24       0.28
      8.03      -0.66       0.09
      8.39      -0.64       0.01
      8.14      -0.15       0.04
      8.36       0.11       0.38
      8.42       0.52       0.19
      8.38      -0.25       0.45
      8.35       0.27       0.39
      8.34       0.28       0.19
      8.32       0.29       0.70
      7.92       0.65       0.74
      7.36       0.69       0.13
      7.40       0.34       0.15
      7.59      -0.23       0.02
      7.25      -0.32       0.20
      6.79      -0.13       0.32
      7.10      -0.52       0.02
      7.20      -0.01      -0.08
      7.30      -0.11       0.06
      8.11       0.02      -0.39
      7.72       0.08      -0.45
      7.49      -0.61      -0.27
      7.55      -0.20      -0.12
      7.50      -0.26      -0.17
      7.38      -0.21      -0.26
      7.47      -0.18      -0.00
      7.55       0.17       0.17
      7.49      -0.17       0.21
      7.09      -0.11       0.48
      7.49       0.01       0.14
      7.60      -0.12      -0.17
      7.27       0.22       0.20
      7.24       0.13       0.00
      6.83      -0.20      -0.17
      7.04      -0.74      -0.02
      7.26      -0.46      -0.40
      7.24      -0.69      -0.13
      7.51       0.04      -0.03
      7.40       0.13      -0.03
      7.68       0.60      -0.23
      7.77       0.89      -0.09
      7.86       0.27      -0.09
      7.81       0.50      -0.01
      7.76       0.09      -0.36
      8.01       0.43      -0.38
      8.21       0.31      -0.12
      7.93       0.50      -0.04
      7.90       0.31      -0.12
      7.67       0.94       0.11
      7.52       0.82      -0.04
      7.70       0.89      -0.09
      7.96       1.28      -0.24
      8.30       0.80      -0.13
      8.23       1.03       0.13
      8.41       0.89       0.41
      8.40       0.95       0.55
      8.26       0.50      -0.27
      8.82       0.59      -0.34
      8.20       0.64      -0.27
      8.62       0.71      -0.22
      8.26       0.52      -0.48
      8.02       0.32      -0.18
      8.04       0.39      -0.41
      7.94       0.67      -0.27
      7.35       0.57      -0.17
      7.24       0.77      -0.33
      7.68       0.22       0.22
      7.92       0.22      -0.02
      8.00       0.36       0.02
      8.15       0.56      -0.31
      7.72       0.55       0.00
      7.85       0.34       0.07
      8.21       0.04       0.10
      7.89       0.04      -0.34
      8.30       0.03      -0.16
      8.58       0.31       0.18
      8.34       0.10       0.11
      7.93       0.66      -0.25
      7.67       0.56       0.37
      7.95       0.53       0.18
      8.24       0.18       0.08
      8.58       0.43      -0.08
      8.19       0.62      -0.06
      7.73       0.55      -0.19
      7.92       0.12      -0.09
      8.37       0.62      -0.25
      7.91       0.26      -0.08
      8.52       0.30       0.08
      7.48      -0.06       0.25
      7.49      -0.03       0.41
      7.65       0.42      -0.02
      7.75      -0.10       0.08
      7.48       0.48      -0.21
      7.34       0.28      -0.04
      7.50      -0.21       0.21
      7.58      -0.59       0.42
      7.55      -0.85       0.07
      7.83      -0.69       0.17
      7.58      -0.55       0.02
      8.00      -0.74      -0.06
      7.66      -0.85       0.11
      7.89      -0.26      -0.29
      7.71      -1.13       0.11
      7.95      -0.73       0.14
      8.46       0.03       0.22
      8.25      -0.01       0.27
      8.42       0.08       0.08
      8.18       0.55       0.28
      8.59       0.11       0.35
      8.59      -0.37       0.63
      7.82       0.26       0.62
      7.74       0.54       0.33
      7.78       0.42       0.46
      8.08      -0.44       0.52
      7.28      -0.57      -0.06
      6.86      -0.22      -0.05
      7.51      -0.43      -0.18
      7.60      -0.41       0.35
      7.70       0.18       0.02
      7.92       0.01      -0.28
      7.94       0.39      -0.23
      7.67       0.18      -0.29
      7.53      -0.14      -0.20
      7.44      -0.06      -0.17
      7.49       0.31       0.15
      7.60       0.25       0.12
      7.50      -0.28      -0.06
      7.40      -0.65      -0.11
      7.17      -0.20       0.14
      7.27      -0.41      -0.03
      7.21      -0.45      -0.40
      7.06      -0.26       0.24
      6.94      -0.41       0.06
      7.13       0.07       0.26
      7.16      -0.21      -0.17
      7.23      -0.46      -0.23
      7.11      -0.83      -0.13
      6.93       0.02       0.13
      6.86      -0.06       0.07
      7.04       0.59      -0.01
      7.26       0.46      -0.24
      8.12       0.35      -0.20
      7.82       0.34      -0.28
      8.18       0.31      -0.05
      8.11       0.68      -0.08
      7.75       0.05       0.07
      8.12       0.37      -0.10
      8.21       0.54      -0.20
      7.76       0.66       0.21
      7.78       0.95       0.01
      7.96       1.09      -0.07
      8.00       1.04      -0.30
      8.22       0.93      -0.24
      8.41       1.18       0.08
      8.47       0.76       0.24
      8.36       0.70       0.65
      8.40       0.74      -0.20
      8.27       0.70      -0.25
      8.66       0.64      -0.10
      8.41       0.52      -0.59
      7.88       0.39      -0.04
      8.10       0.34      -0.61
      7.76       0.32      -0.37
      7.75       0.35      -0.38
      7.30       0.77      -0.49
      7.60       0.54      -0.33
      7.39       0.19      -0.21
      7.61       0.20       0.01
      8.00       0.29      -0.09
      7.88       0.83      -0.10
      7.75       0.69      -0.09
      7.88       0.27       0.03
      7.68       0.03       0.16
      7.51      -0.06      -0.27
      8.10       0.30      -0.00
      8.26      -0.02       0.11
      8.50       0.82      -0.14
      8.32       0.57      -0.14
      7.52       0.66       0.16
      7.75       0.42       0.19
      8.76       0.27       0.19
      8.64       0.20      -0.01
      8.42       0.21      -0.24
      8.13       0.47      -0.27
      8.42       0.17      -0.31
      8.19       0.37      -0.23
      8.72       0.48      -0.11
      8.80       0.37       0.18
      7.84       0.22       0.36
      7.60       0.24       0.05
      7.46       0.69      -0.18
      7.66       0.74      -0.02
      7.50       0.48      -0.00
      7.42       0.38       0.17
      7.52      -0.41       0.18
      7.53      -0.68      -0.18
      7.41      -0.64      -0.03
      7.38      -0.33       0.19
      7.07      -0.28       0.39
      7.57      -0.43      -0.12
      8.12      -0.85       0.05
      7.70      -0.51      -0.24
      7.79      -0.86       0.11
      8.19      -0.54      -0.10
      8.50      -0.27       0.14
      8.32      -0.10      -0.16
      8.46       0.16       0.26
      8.42       0.32       0.39
      8.45       0.14       0.44
      8.31       0.20       0.44
      7.80       0.16       0.73
      7.84       0.40       0.48
      8.13       0.16       0.43
      8.17      -0.31       0.32
      7.77      -0.54       0.12
      7.80      -0.47      -0.05
      7.51      -0.06       0.05
      7.92      -0.50       0.04
      7.75      -0.05      -0.00
      7.66      -0.18      -0.02
      7.79       0.41      -0.53
      7.79       0.20      -0.20
      7.22       0.31      -0.41
      7.48       0.52       0.02
      7.82       0.33      -0.16
      7.68       0.15      -0.09
      8.02       0.38       0.01
      7.32       0.05       0.21
      7.51      -0.45       0.09
      7.47      -0.21       0.07
      7.43      -0.44      -0.10
      7.31      -0.03       0.21
      7.28      -0.74      -0.13
      6.94      -0.55      -0.03
      7.00       0.07      -0.03
      7.39       0.02      -0.00
      7.38      -0.08      -0.11
      7.06      -0.33       0.03
      7.09       0.08      -0.04
      7.37       0.31      -0.22
      7.78       0.40      -0.05
      8.13       0.79       0.05
      8.01      -0.05       0.33
      8.07      -0.05       0.08
      7.81       0.45      -0.24
      7.70       0.11      -0.37
      7.71      -0.08      -0.03
      7.85       0.15      -0.16
      7.88       1.08       0.19
      7.69       1.20      -0.12
      7.56       0.76      -0.25
      7.71       0.97       0.16
      7.72       1.18      -0.01
      8.14       1.01      -0.13
      8.02       0.96       0.13
      8.25       0.77       0.19
      8.70       0.44      -0.11
      8.91       0.78      -0.00
      8.41       0.96       0.08
      8.10       0.84      -0.22
      8.09       0.38      -0.01
      7.50       0.66      -0.19
      7.55       0.02      -0.50
      7.31       0.71      -0.38
      7.01       0.91      -0.06
      7.23       0.82      -0.54
      7.66       0.76      -0.43
      7.53       0.54       0.11
      7.57       0.54      -0.10
      7.49       1.17      -0.19
      7.60       0.64      -0.04
      7.54       0.45       0.08
      7.27       0.07       0.03
      7.37      -0.08      -0.31
      7.77      -0.20       0.15
      7.64      -0.05      -0.15
      7.94       0.24       0.18
      7.86       0.50      -0.04
      7.76       0.59      -0.09
      8.30       0.36       0.05
      8.34       0.46       0.16
      8.43       0.49      -0.17
      8.18       0.24      -0.20
      7.96       0.31      -0.07
      8.05       0.34      -0.13
      8.15       0.22      -0.05
      8.03       0.43      -0.23
      7.93       0.55       0.00
      7.83       0.13       0.11
      7.80       0.25       0.11
      7.72       0.08      -0.08
      7.97       0.31       0.10
      7.40       0.37       0.21
      7.76       0.40       0.23
      8.14       0.50       0.09
      7.60       0.18       0.21
      7.29       0.02       0.11
      7.75      -0.54      -0.01
      7.45      -0.32       0.21
      7.84      -0.18       0.03
      7.40      -0.42      -0.22
      7.91      -0.63      -0.25
      8.09      -0.52      -0.29
      8.19      -0.28       0.14
      8.15      -0.38       0.06
      8.54      -0.46       0.05
      8.50       0.06       0.48
      7.92      -0.02       0.21
      7.86       0.20       0.48
      8.41       0.45       0.15
      8.08       0.41       0.43
      8.11       0.28       0.07
      8.11      -0.34       0.40
      8.20      -0.19       0.58
      8.21      -0.13       0.37
      8.01      -0.34       0.33
      7.89      -0.03      -0.06
      8.20       0.45      -0.02
      8.05       0.59       0.04
      7.65       0.21      -0.29
      7.68      -0.15      -0.21
      7.81      -0.11      -0.57
      7.52       0.18      -0.23
      7.58       0.45      -0.31
      7.52       0.38      -0.20
      7.63       0.18      -0.53
      7.66      -0.07      -0.11
      7.91      -0.18       0.10
      7.92      -0.75      -0.08
      7.47      -0.50      -0.11
      7.37      -0.39       0.08
      7.29      -0.59       0.39
      7.35      -0.64      -0.06
      7.17      -0.51      -0.19
      7.13      -0.18      -0.12
      7.41       0.06      -0.00
      6.89       0.46      -0.07
      6.68       0.13       0.33
      6.79       0.50      -0.18
      7.12       0.65      -0.16
      7.65       0.71      -0.47
      8.14       0.59       0.05
      7.62      -0.26       0.35
      7.81      -0.34       0.27
      7.72      -0.08      -0.17
      7.12      -0.10       0.06
      7.41      -0.10       0.05
      7.71      -0.27      -0.04
      7.85       0.50      -0.29
      7.71       0.94      -0.41
      7.67       0.82      -0.16
      7.82       0.66       0.28
      7.53       0.30       0.08
      7.83       0.42       0.07
      8.11       0.55      -0.22
      8.51       0.64      -0.09
      8.53       0.19      -0.20
      8.35       0.34       0.08
      7.94       0.35       0.15
      7.91       0.67      -0.12
      7.47       0.22       0.10
      7.57       0.90      -0.08
      7.40       0.71       0.09
      7.25       0.64      -0.19
      7.38       0.77      -0.28
      7.59       0.75      -0.02
      7.81       0.95      -0.29
      8.04       0.86      -0.26
      7.40       0.68      -0.20
      7.69       0.80      -0.04
      7.54       0.59       0.10
      7.45       0.12      -0.14
      7.83       0.04      -0.23
      7.81      -0.33      -0.17
      7.89      -0.30       0.15
      7.82       0.28      -0.40
      7.66       0.29      -0.02
      7.45       0.25      -0.04
      7.89       0.16      -0.11
      7.93       0.33      -0.15
      7.90       0.40      -0.38
      8.00       0.53      -0.57
      8.19       0.74      -0.27
      8.20       0.62      -0.27
      7.76       0.72       0.10
      8.35       0.74      -0.13
      8.15       0.44      -0.13
      8.29       0.31       0.03
      8.11      -0.16       0.32
      7.43       0.07       0.05
      7.81       0.37      -0.11
      7.92       0.54      -0.25
      7.89       0.36      -0.20
      7.86       0.39      -0.16
      8.11       0.10      -0.08
      7.89       0.16      -0.18
      7.64       0.02      -0.09
      7.98      -0.30       0.30
      7.77      -0.36       0.56
      8.01      -0.33      -0.08
      7.89      -0.56       0.06
      8.02      -0.63      -0.01
      8.02      -0.34      -0.20
      8.28       0.04      -0.14
      8.21      -0.48      -0.20
      8.29      -0.38       0.19
      8.28      -0.23       0.35
      7.97      -0.07       0.32
      7.93       0.07       0.49
      8.20       0.39       0.66
      8.26       0.60       0.46
      8.58      -0.02      -0.06
      8.41       0.03       0.34
      8.30      -0.10       0.29
      8.20       0.31       0.47
      8.48      -0.06       0.24
      8.31      -0.07       0.01
      8.69       0.22       0.21
      8.27       0.18       0.11
      8.02       0.44      -0.47
      7.63      -0.16      -0.44
      7.83       0.34      -0.65
      7.87       0.30      -0.49
      7.64       0.14      -0.72
      7.63      -0.13      -0.02
      7.32      -0.23      -0.19
      7.73      -0.11       0.13
      8.32      -0.27      -0.15
      8.32      -0.74      -0.33
      8.08      -0.55       0.06
      7.81      -0.38       0.07
      7.34      -0.46       0.36
      7.28      -0.71       0.11
      7.36      -0.79      -0.30
      7.75      -0.42      -0.49
      7.58       0.33      -0.03
      7.22       0.41       0.11
      7.07       0.33      -0.04
      6.80       0.52       0.18
      7.66       0.64       0.24
      7.33       1.10       0.07
      7.50       0.89      -0.13
      7.51       0.14       0.32
      7.51       0.28      -0.26
      7.32       0.22       0.07
      7.14      -0.29      -0.11
      7.25      -0.54      -0.20
      7.71       0.29       0.08
      8.01       0.34      -0.06
      7.84       0.20      -0.18
      7.59       0.31      -0.10
      8.14       0.61      -0.15
      8.46       0.60      -0.13
      8.18       0.02      -0.09
      8.20       0.37      -0.07
      8.53       0.03       0.04
      8.92       0.12      -0.07
      8.54       0.08      -0.26
      8.21       0.30       0.21
      7.72       0.25       0.24
      7.88       0.54      -0.03
      7.95       0.69      -0.19
      7.32       0.51       0.16
      6.89       0.45       0.33
      7.08       0.85       0.26
      7.87       0.29      -0.01
      7.53       0.54      -0.41
      7.75       0.61      -0.41
      7.27       1.04      -0.45
      7.61       1.00      -0.40
      7.83       0.54      -0.11
      7.32       0.17      -0.05
      7.81      -0.22      -0.12
      7.92       0.12      -0.13
      7.86      -0.43      -0.13
      7.43      -0.14       0.08
      7.12       0.18      -0.28
      7.10      -0.19      -0.26
      7.35       0.38      -0.43
      8.00       0.55      -0.21
      8.12       0.60      -0.27
      7.94       0.28      -0.36
      7.80       0.44      -0.38
      7.46       0.78      -0.37
      7.63       0.25      -0.03
      8.02       0.29      -0.05
      8.10       0.31       0.30
      8.10       0.31       0.01
      7.95       0.47      -0.11
      7.71       0.27       0.06
      7.85       0.79       0.05
      7.82       0.75       0.08
      7.75       0.22      -0.14
      7.77       0.29      -0.24
      8.03      -0.08       0.12
      8.40       0.29       0.14
      8.33       0.01       0.14
      8.63      -0.09       0.22
      8.29      -0.08       0.30
      7.97      -0.36       0.38
      7.63      -0.39      -0.04
      8.08      -0.35      -0.15
      8.22      -0.01       0.01
      8.38      -0.33       0.06
      8.07      -0.17       0.21
      8.23      -0.00       0.20
      8.40       0.33       0.12
      7.97       0.40       0.18
      7.92       0.47       0.21
      8.06       0.21       0.78
      8.23       0.47       0.38
      8.29       0.46       0.44
      8.76      -0.06       0.33
      8.58       0.48       0.11
      8.15       0.35       0.05
      8.17       0.00      -0.05
      8.39      -0.42       0.24
      8.34       0.03       0.26
      7.88      -0.10      -0.35
      7.64      -0.10      -0.53
      7.49      -0.40      -0.13
      7.90       0.22      -0.54
      8.00       0.47      -0.35
      8.02      -0.17      -0.49
      7.82      -0.07      -0.26
      7.59      -0.39      -0.51
      8.06      -0.35      -0.07
      7.79       0.34       0.03
      8.40      -0.05      -0.06
      8.15      -0.19       0.31
      7.52      -0.12       0.29
      7.54      -0.54      -0.01
      7.69      -0.58       0.08
      7.18      -0.47      -0.15
      7.23      -0.42      -0.17
      7.32       0.17       0.05
      7.37       0.38      -0.06
      7.60       0.41       0.36
      7.64       0.61       0.25
      7.77       0.90       0.02
      7.67       0.73       0.21
      7.87       0.40       0.05
      7.80       0.30       0.35
      7.72       0.03       0.30
      7.28       0.24       0.26
      7.47       0.50      -0.35
      7.73       0.12       0.16
      7.79       0.32       0.27
      8.07       0.14      -0.20
      8.33       0.22      -0.56
      7.94       0.19      -0.37
      8.08      -0.10      -0.00
      8.14      -0.02      -0.25
      8.13      -0.02      -0.10
      8.70       0.13      -0.19
      9.34       0.11      -0.04
      8.95      -0.09       0.18
      8.80       0.27      -0.20
      8.48       0.26       0.03
      8.38      -0.09      -0.25
      8.06       0.21       0.05
      7.59       0.34      -0.01
      7.57       0.45       0.08
      7.14       0.32       0.11
      7.21       0.68      -0.10
      7.55       0.53      -0.03
      7.51       0.72      -0.55
      7.18       0.56      -0.34
      7.42       0.92      -0.35
      7.61       0.38      -0.56
      7.65       0.38       0.01
      7.92       0.10      -0.04
      8.15       0.09      -0.28
      7.91      -0.33      -0.03
      7.46      -0.42      -0.17
      7.54       0.22      -0.28
      7.62       0.02      -0.25
      7.20       0.10      -0.33
      7.35       0.48      -0.46
      7.68       0.33      -0.10
      7.65       0.39      -0.17
      7.80       0.16      -0.52
      7.73       0.08      -0.07
      7.38       0.42      -0.37
      7.45       0.49      -0.43
      7.88       0.55       0.00
      7.82       0.79      -0.12
      8.04       0.64       0.40
      8.06       0.64       0.15
      7.73       0.58      -0.09
      7.60       0.45      -0.06
      7.71       0.80       0.21
      7.77       0.62       0.25
      7.84      -0.20      -0.22
      8.17      -0.10       0.19
      7.97       0.10      -0.01
      8.42       0.23      -0.25
      8.43      -0.19       0.18
      9.00       0.12       0.08
      8.40       0.03       0.16
      8.65      -0.18       0.05
      8.57      -0.23       0.01
      8.95      -0.01      -0.25
      8.40       0.42      -0.08
      8.08       0.06       0.41
      8.18       0.01       0.18
      7.95       0.06       0.15
      8.39      -0.02       0.24
      8.12       0.60       0.11
      8.23       0.62       0.05
      8.05       0.50       0.65
      7.94      -0.23       0.73
      8.44      -0.15       0.31
      8.08       0.12       0.25
      8.09       0.15      -0.14
      7.66      -0.25       0.20
      7.87      -0.16       0.11
      8.07      -0.47       0.45
      8.01      -0.32       0.20
      7.46      -0.63      -0.20
      7.59      -0.66      -0.45
      7.82      -0.15      -0.48
      8.13       0.34      -0.29
      8.13       0.25      -0.03
      7.88      -0.32      -0.08
      7.76      -0.09      -0.28
      7.68      -0.04      -0.17
      7.96      -0.03       0.18
      8.15       0.40      -0.07
      8.60      -0.24      -0.05
      7.92      -0.20       0.24
      7.40      -0.01      -0.01
      7.34       0.27       0.01
      6.88       0.33       0.01
      7.70      -0.43      -0.12
      7.84      -0.48      -0.08
      7.91      -0.09       0.19
      7.81       0.09       0.34
      8.12       0.21       0.36
      7.66       0.75       0.31
      7.84       0.68       0.16
      7.70       0.39       0.10
      7.68       0.36       0.29
      7.78       0.02       0.16
      7.54       0.58       0.35
      7.26       0.90       0.02
      7.63       0.62       0.23
      7.91       0.67       0.11
      8.41       0.87      -0.06
      8.30       0.44      -0.29
      7.75       0.16      -0.22
      7.55      -0.26       0.15
      7.94       0.01       0.14
      8.08      -0.35      -0.48
      8.34      -0.41       0.15
      8.81      -0.01      -0.15
      8.42       0.27      -0.16
      8.28       0.48       0.08
      8.19       0.04      -0.09
      8.18       0.19      -0.77
      8.36       0.12       0.01
      7.93       0.39      -0.08
      7.36       0.40      -0.17
      7.18       0.61      -0.19
      7.38       1.04      -0.38
      7.51       0.33      -0.03
      7.43       0.53      -0.56
      7.40       0.52      -0.36
      7.93       0.36      -0.16
      7.80       0.48      -0.30
      7.77       0.48       0.10
      8.14       0.43       0.10
      8.39      -0.20      -0.13
      8.22      -0.29      -0.03
      7.87      -0.54      -0.30
      7.36      -0.46       0.10
      7.26      -0.41      -0.36
      7.43       0.09       0.19
      7.75       0.46      -0.45
      7.78       0.41      -0.40
      7.73       0.41      -0.48
      7.79       0.04      -0.26
      7.74       0.53      -0.27
      7.52       0.75      -0.39
      7.59       0.13      -0.36
      7.59       0.76      -0.05
      7.68       0.76       0.02
      7.28       0.54       0.38
      7.54       0.75       0.22
      7.85       0.25       0.17
      7.56       0.41      -0.03
      7.40       0.38       0.18
      7.82       0.80      -0.02
      7.70       0.50      -0.15
      8.01       0.64       0.00
      8.56      -0.25       0.21
      8.49       0.53      -0.03
      8.67      -0.00       0.33
      8.69       0.02       0.06
      8.16       0.42      -0.16
      9.04      -0.11      -0.07
      8.60      -0.36       0.14
      8.55      -0.18      -0.07
      8.39       0.12       0.01
      8.20      -0.31       0.13
      8.13       0.22       0.47
      7.94      -0.02      -0.17
      8.40      -0.37       0.13
      8.48       0.35       0.01
      8.28       0.69       0.32
      7.97       0.03       0.52
      7.65       0.33       0.55
      7.78       0.27       0.31
      7.78       0.23       0.23
      8.29       0.05      -0.13
      7.72      -0.46      -0.28
      8.03      -0.55       0.09
      7.98      -0.48       0.18
      8.15      -0.72       0.04
      7.68      -0.34       0.19
      7.66      -0.06      -0.34
      7.79      -0.23       0.06
      8.19       0.27      -0.03
      8.01       0.03      -0.28
      8.19       0.21      -0.06
      7.69       0.24      -0.07
      7.48       0.47      -0.22
      7.64       0.28      -0.15
      7.82       0.24      -0.19
      8.34       0.26      -0.11
      7.92      -0.05      -0.15
      7.72      -0.18      -0.02
      7.83      -0.27       0.01
      7.42      -0.12       0.12
      7.72      -0.07       0.11
      7.68      -0.45       0.23
      7.87       0.07       0.21
      7.50       0.22       0.31
      7.70       0.06       0.32
      7.97       0.63       0.09
      8.05       0.40       0.13
      7.75       0.24       0.12
      7.88      -0.09       0.35
      8.11       0.11       0.10
      7.60       0.40       0.39
      7.72       0.93       0.25
      7.83       0.75       0.18
      8.00       0.96      -0.34
      8.52       0.40      -0.18
      8.31       0.15      -0.22
      8.14       0.04       0.02
      7.59      -0.10      -0.10
      7.63      -0.40       0.02
      8.10      -0.32      -0.18
      8.21      -0.40       0.16
      8.69      -0.19      -0.19
      8.54       0.15      -0.39
      8.57       0.21      -0.06
      8.44       0.13      -0.35
      8.19       0.21      -0.12
      8.68       0.41      -0.24
      8.11       0.68       0.05
      7.83       0.32      -0.21
      7.80       0.50      -0.10
      7.73       0.49       0.04
      7.68       0.56      -0.49
      7.64       0.63      -0.46
      7.62      -0.02      -0.53
      7.83       0.27      -0.48
      7.49       0.60      -0.50
      7.74       0.69       0.12
      8.03       0.51       0.33
      8.35       0.63       0.04
      7.82       0.34      -0.32
      7.75      -0.22      -0.16
      7.20      -0.10      -0.03
      7.30       0.19      -0.13
      7.56       0.34       0.12
      7.35       0.40      -0.02
      7.69       0.25      -0.30
      7.41       0.19      -0.13
      7.79       0.01       0.02
      8.03       0.03      -0.01
      7.66       0.35      -0.43
      7.63       0.43      -0.26
      7.77       0.70       0.13
      7.75       0.62       0.19
      7.61       0.71       0.13
      7.79       0.74      -0.18
      7.84       0.43      -0.06
      7.63       0.41       0.08
      7.36       0.54      -0.00
      8.04       0.35       0.11
      7.46       0.45       0.15
      7.96       0.48       0.08
      8.29       0.46       0.17
      8.43       0.62       0.09
      8.26       0.29       0.03
      8.40       0.21      -0.02
      8.93       0.13      -0.24
      8.69       0.18       0.18
      8.29      -0.01       0.37
      8.07       0.31      -0.05
      8.16      -0.01       0.11
      8.02      -0.17       0.44
      7.86       0.42       0.31
      7.65      -0.04       0.13
      8.41      -0.21       0.20
      8.73       0.37       0.26
      8.17       0.64       0.26
      7.90       0.41       0.54
      7.71       0.24       0.10
      7.78       0.46       0.17
      7.65      -0.06      -0.01
      7.80      -0.30       0.05
      7.67      -0.37      -0.32
      7.72      -0.23      -0.00
      8.05      -0.48       0.24
      7.92      -0.66       0.03
      7.64      -0.09       0.07
      8.19      -0.12       0.02
      8.16       0.07      -0.35
      8.37      -0.16      -0.05
      8.10      -0.17       0.18
      7.92       0.16      -0.13
      7.79       0.27      -0.27
      7.28       0.44      -0.39
      7.01      -0.02      -0.20
      7.38       0.02      -0.04
      7.48      -0.37      -0.25
      7.44      -0.09      -0.08
      7.73      -0.10       0.23
      7.45       0.10       0.18
      7.52       0.10      -0.02
      7.65      -0.23       0.08
      7.90      -0.39       0.06
      7.34       0.32       0.11
      7.30       0.13       0.23
      7.52       0.63       0.36
      7.81       0.96       0.17
      7.87       0.70       0.10
      8.10      -0.15       0.17
      7.95       0.14       0.08
      8.44       0.50      -0.02
      8.65       0.47       0.21
      8.28       0.55       0.21
      7.83       0.61       0.20
      7.68       0.70       0.05
      8.38       0.30      -0.06
      8.35       0.34      -0.14
      8.22       0.46       0.21
      7.93       0.74      -0.01
      8.00      -0.14       0.04
      8.23      -0.31      -0.26
      7.95      -0.31      -0.15
      8.32       0.13      -0.47
      8.74       0.28      -0.30
      8.87      -0.02      -0.21
      8.83       0.18      -0.38
      8.40       0.60      -0.02
      8.04       0.93      -0.09
      8.03       0.72      -0.14
      7.42       0.55      -0.27
      7.77       0.71      -0.01
      8.24       0.70      -0.38
      7.91       0.12      -0.56
      7.79       0.61      -0.32
      7.76       0.37      -0.20
      7.64       0.31      -0.09
      7.25       0.20      -0.16
      7.42       0.31      -0.25
      7.83       0.30      -0.20
      7.71       0.86      -0.28
      7.28       0.37      -0.31
      7.24       0.33      -0.04
      7.26      -0.19      -0.06
      7.08       0.33      -0.16
      6.98       0.66      -0.34
      7.31       0.12      -0.27
      7.25       0.14       0.08
      7.01      -0.04       0.12
      7.40       0.32      -0.23
      7.78       0.23       0.11
      7.75      -0.06      -0.46
      7.91       0.41      -0.28
      7.74       0.50      -0.30
      7.37       0.68       0.36
      7.54       0.67      -0.15
      7.88       0.57       0.12
      8.18      -0.20       0.09
      7.71       0.00      -0.06
      7.89       0.23      -0.07
      7.86       0.39       0.10
      7.87       0.62       0.00
      8.40       0.48      -0.24
      8.38       0.82       0.10
      8.36       0.69      -0.09
      8.44       0.47      -0.04
      8.30       0.38      -0.06
      8.73       0.21       0.00
      8.82       0.40       0.04
      7.95       0.30       0.37
      7.68       0.24       0.46
      7.99      -0.19       0.47
      7.94      -0.70      -0.00
      7.74       0.02       0.43
      8.07      -0.25       0.06
      8.29      -0.09      -0.08
      8.55       0.01       0.38
      8.60       0.33       0.48
      8.16       0.42       0.30
      7.87       0.06       0.22
      8.29       0.41       0.13
      8.19       0.38       0.09
      7.97      -0.44       0.10
      7.85      -0.46      -0.17
      7.71      -0.53      -0.11
      7.60      -0.61      -0.11
      7.75      -0.34       0.32
      7.64      -0.66      -0.08
      7.78      -0.33      -0.04
      7.86      -0.17      -0.48
      7.94      -0.17      -0.15
      7.75      -0.11      -0.13
      7.59       0.40      -0.06
      7.73       0.59       0.06
      7.27       0.90      -0.36
      7.10       0.47      -0.05
      7.30      -0.12       0.38
      7.00      -0.22      -0.05
      7.46       0.10      -0.13
      7.47      -0.01       0.12
      8.13       0.59       0.25
      7.87       0.21       0.14
      8.20      -0.45      -0.20
      7.87      -0.31       0.14
      7.78       0.05       0.00
      7.50       0.09       0.45
      7.69       0.46       0.40
      7.88       0.64       0.41
      7.92       0.35       0.10
      7.91      -0.53       0.02
      7.79      -0.10       0.33
      8.28       0.77       0.12
      8.64       0.43       0.09
      8.50       0.31      -0.13
      8.00       0.23       0.10
      8.25       1.15       0.24
      8.46       0.72      -0.11
      8.60       0.45      -0.27
      8.28       0.52       0.17
      8.22       0.26       0.14
      7.81       0.40       0.15
      8.14      -0.33      -0.06
      8.10       0.13       0.07
      8.33       0.30      -0.17
      8.67       0.26      -0.04
      9.13      -0.26      -0.42
      8.81       0.59      -0.21
      8.56       0.91      -0.34
      8.15       1.04      -0.16
      7.66       1.11       0.05
      7.55       1.01       0.03
      7.93       0.36      -0.46
      8.16       0.21      -0.54
      8.04       0.04      -0.66
      7.79       0.58      -0.52
      7.54       0.21      -0.49
      7.47       0.00      -0.23
      7.09       0.30       0.05
      7.14       0.01      -0.14
      7.27       0.00      -0.26
      7.38       0.43      -0.38
      7.39       0.32      -0.26
      7.38      -0.05      -0.39
      7.28       0.12       0.16
      6.64       0.07       0.35
      6.87       0.39      -0.24
      7.70       0.17      -0.17
      7.65       0.01       0.00
      7.26      -0.34      -0.24
      7.40      -0.07      -0.36
      7.97       0.28      -0.37
      7.91       0.27      -0.20
      8.02       0.29      -0.22
      7.72       0.38      -0.21
      7.61       0.40      -0.07
      7.47       0.18       0.09
      7.74       0.03       0.19
      8.02      -0.13      -0.08
      8.03       0.06      -0.20
      7.91      -0.09      -0.24
      7.65       0.29      -0.13
      7.66       0.56      -0.08
      8.09       0.82       0.12
      8.26       0.36       0.07
      8.04       0.29      -0.25
      8.37       0.34       0.19
      8.17       0.09       0.09
      8.66       0.05      -0.30
      8.68       0.72       0.31
      8.15       0.24       0.44
      7.82       0.04       0.51
      7.64      -0.51       0.14
      7.91      -0.21       0.22
      7.82      -0.26       0.50
      8.17       0.22       0.36
      8.21      -0.12       0.12
      7.93       0.07       0.68
      8.08       0.20       0.36
      7.56       0.36      -0.07
      7.59       0.28       0.09
      8.10       0.12       0.02
      8.09       0.10      -0.05
      8.03      -0.25       0.02
      7.91      -0.22      -0.01
      8.23      -0.21      -0.17
      7.68      -0.49      -0.20
      7.55       0.16      -0.18
      7.20       0.07      -0.26
      7.44      -0.33      -0.09
      7.78      -0.43      -0.06
      7.66      -0.39      -0.06
      7.64       0.30      -0.21
      7.51       0.26       0.27
      7.18      -0.02       0.20
      7.65       0.25       0.10
      7.57       0.04       0.13
      7.45       0.42      -0.31
      7.32       0.17       0.09
      7.54       0.54      -0.23
      7.43       0.65      -0.04
      7.98       0.21       0.10
      8.00       0.38      -0.07
      7.96      -0.16      -0.12
      7.52       0.07       0.17
      8.01       0.99       0.20
      8.07       0.64       0.17
      7.91       1.04       0.32
      7.81       0.55       0.33
      7.93       0.35       0.12
      7.61      -0.14       0.29
      7.85       0.03       0.12
      8.25       0.41       0.30
      8.59       0.05       0.16
      8.46       0.38       0.17
      8.20       0.74       0.26
      7.90       0.96      -0.10
      7.95       0.36      -0.25
      7.85       0.22      -0.26
      8.06       0.35       0.30
      8.20      -0.14       0.37
      8.10      -0.18       0.31
      8.42      -0.41      -0.05
      8.54       0.17      -0.19
      8.27      -0.30       0.05
      8.68      -0.11      -0.24
      8.79       0.40      -0.42
      8.46       0.63      -0.19
      7.93       0.63      -0.14
      7.70       0.60      -0.47
      7.53       1.08      -0.21
      7.69       0.84      -0.21
      8.27       0.10      -0.47
      8.54       0.02      -0.63
      8.44       0.20      -0.34
      8.38       0.52      -0.43
      8.11      -0.01      -0.64
      7.84       0.16       0.11
      7.72       0.03      -0.29
      7.64      -0.22       0.06
      7.75      -0.02       0.10
      7.77      -0.04      -0.19
      7.86       0.07      -0.26
      7.60       0.09      -0.52
      7.55       0.50       0.14
      6.68       0.29       0.33
      6.89       0.26      -0.14
      7.40       0.09       0.03
      7.63      -0.07      -0.02
      7.41      -0.03       0.07
      7.68       0.39      -0.35
      7.99       0.46      -0.04
      8.00       0.57      -0.17
      7.75       0.85      -0.26
      7.59       0.75      -0.15
      7.36       0.54       0.30
      7.54       0.05      -0.05
      7.55      -0.14       0.09
      7.80       0.11      -0.17
      7.97       0.32      -0.45
      8.05       0.17       0.02
      8.04       0.25      -0.03
      8.12       0.31      -0.28
      8.29       0.80      -0.00
      8.37       0.63       0.01
      8.17       0.28       0.06
      8.19       0.57       0.28
      8.36       0.53      -0.06
      8.26       0.39       0.14
      8.43       0.09       0.43
      8.14      -0.03       0.39
      7.58      -0.39       0.24
      7.66      -0.15       0.39
      7.80      -0.54      -0.21
      7.63      -0.20       0.22
      7.36       0.39       0.09
      7.39      -0.05       0.28
      7.72       0.04       0.75
      7.36       0.30       0.08
      7.51       0.15       0.12
      7.82      -0.13      -0.16
      8.20      -0.03      -0.20
      8.05       0.28       0.04
      8.11      -0.08      -0.36
      8.06      -0.00      -0.01
      8.06      -0.25      -0.40
      7.69      -0.38      -0.18
      8.08      -0.28       0.02
      8.06      -0.15      -0.03
      7.72      -0.28      -0.07
      7.96       0.10       0.15
      8.17       0.12      -0.21
      7.81       0.14       0.01
      7.93      -0.21       0.46
      7.57      -0.42       0.05
      7.79      -0.20       0.04
      7.72      -0.19       0.14
      7.76       0.17      -0.11
      7.78       0.51      -0.27
      7.89       0.63      -0.10
      7.99       0.58      -0.09
      7.80       0.28       0.01
      8.14       0.55       0.28
      7.25      -0.03      -0.04
      7.75       0.03       0.26
      7.62       0.50       0.50
      7.71       0.83       0.26
      7.94       0.73       0.31
      7.70       0.93       0.59
      7.75       0.34       0.27
      7.65      -0.08       0.32
      7.82      -0.18       0.24
      8.16       0.05       0.02
      8.48       0.01       0.19
      8.20       0.35      -0.32
      7.60       0.12      -0.26
      7.43       0.64      -0.30
      7.61       0.90      -0.24
      7.80       0.40       0.17
      8.37       0.25       0.48
      8.23      -0.16       0.06
      8.29       0.17       0.49
      8.12      -0.13      -0.34
      8.17      -0.45      -0.35
      8.15      -0.25      -0.09
      8.71       0.05      -0.07
      8.46       0.14       0.13
      8.18       0.82      -0.38
      7.70       0.73      -0.24
      7.37       0.35       0.21
      7.66       0.76      -0.37
      7.62       0.32      -0.25
      7.89       0.40      -0.64
      8.13       0.07      -0.46
      8.28       0.10      -0.12
      8.18      -0.03      -0.23
      7.64       0.17      -0.38
      7.73      -0.33      -0.04
      7.94      -0.12       0.02
      7.48      -0.21      -0.04
      7.87       0.03      -0.34
      7.64      -0.00       0.38
      7.70       0.02       0.06
      7.71       0.48      -0.09
      7.30       0.87       0.21
      6.77       0.86      -0.02
      7.11       0.84       0.09
      7.30       0.39      -0.14
      7.38       0.27      -0.15
      7.71       0.23      -0.42
      7.10       0.40      -0.10
      7.45      -0.10      -0.16
      7.79      -0.07      -0.51
      7.60       0.54      -0.17
      7.32       0.36       0.19
      7.29       0.47       0.06
      7.48      -0.00       0.01
      7.63       0.16      -0.22
      7.81       0.53      -0.06
      7.65       0.56      -0.29
      7.84       0.14      -0.05
      8.18       0.60       0.18
      8.20       0.51      -0.20
      8.31       0.56       0.04
      8.50       0.62       0.22
      8.21       0.78       0.38
      8.24       0.24       0.04
      8.39       0.39      -0.11
      8.70       0.31       0.23
      8.19       0.11       0.20
      7.93      -0.20       0.37
      7.71      -0.05      -0.00
      7.81      -0.48       0.23
      7.73      -0.62       0.04
      6.89      -0.26       0.19
      7.09       0.02       0.11
      7.47      -0.11       0.38
      7.69       0.00       0.83
      7.24      -0.31       0.24
      7.16       0.18       0.44
      7.66      -0.38       0.20
      7.78      -0.58      -0.22
      8.04      -0.06       0.02
      7.86      -0.76      -0.12
      7.93      -0.15      -0.21
      7.79      -0.07      -0.40
      8.04      -0.35      -0.14
      8.03      -0.30      -0.21
      7.65      -0.04      -0.01
      7.52      -0.15      -0.23
      7.94       0.27      -0.25
      7.97       0.24       0.05
      8.19      -0.16       0.23
      8.28      -0.59       0.38
      8.05      -0.81       0.39
      8.23      -0.91       0.06
      8.33      -0.07       0.31
      8.16      -0.05      -0.16
      8.22       0.36       0.10
      8.20       0.41      -0.38
      8.35       0.18      -0.19
      8.02       0.27      -0.15
      8.52       0.40       0.16
      7.70      -0.24       0.14
      7.85      -0.12       0.29
      7.91       0.39       0.39
      7.74       0.46       0.28
      7.97       0.48       0.12
      7.48       0.39       0.05
      7.50       0.13       0.31
      7.79      -0.24       0.40
      7.77      -0.35       0.55
      7.50      -0.06      -0.09
      7.76       0.27      -0.14
      7.50       0.15       0.12
      7.36       0.42      -0.31
      7.38       0.53      -0.29
      7.59       0.68      -0.03
      7.62       0.49      -0.09
      7.97       0.22       0.35
      8.25       0.34       0.31
      8.40       0.37       0.17
      8.02       0.01      -0.22
      7.96      -0.13      -0.60
      8.03      -0.18      -0.03
      8.25       0.20      -0.29
      7.96       0.99      -0.14
      7.71       1.13      -0.45
      8.06       1.03      -0.10
      7.81       0.48      -0.22
      7.79       0.50      -0.52
      7.72       0.67      -0.29
      7.89       0.50      -0.30
      8.27       0.54      -0.36
      8.06      -0.16      -0.15
      8.02      -0.36      -0.03
      8.35      -0.01      -0.10
      7.92      -0.03       0.06
      7.77      -0.21       0.08
      7.52       0.04      -0.33
      7.19       0.15      -0.05
      7.46      -0.13       0.27
      7.54       0.13       0.39
      7.60       0.49       0.08
      7.61       0.68       0.14
      7.13       0.73      -0.45
      7.51       0.67       0.07
      6.99       0.48       0.06
      7.19       0.85      -0.50
      7.27       0.33      -0.33
      7.38       0.19      -0.07
      7.38       0.13      -0.16
      7.50       0.43      -0.15
      7.36       0.45      -0.61
      7.06       0.25      -0.00
      6.91       0.26       0.03
      7.55       0.58       0.44
      7.53       0.33       0.02
      7.19       0.38       0.44
      7.58       0.59      -0.01
      7.46       0.56      -0.03
      7.55       0.66       0.22
      7.84       0.48       0.04
      8.55       0.35      -0.05
      8.55       0.94       0.28
      8.50       0.77       0.40
      8.47       0.34       0.22
      8.53       0.47      -0.18
      8.66      -0.07      -0.03
      8.36      -0.29       0.03
      8.34      -0.24       0.18
      7.92      -0.21       0.28
      8.33      -0.38       0.26
      8.06      -0.32       0.03
      7.21      -0.27       0.18
      7.45      -0.41       0.16
      7.52      -0.65       0.08
      7.33      -0.35       0.28
      7.43      -0.42       0.41
      7.57      -0.12       0.21
      7.59       0.02       0.23
      7.99      -0.29      -0.31
      8.12      -0.06      -0.12
      7.95      -0.94      -0.25
      7.50      -0.56      -0.16
      7.65      -0.23      -0.12
      8.13      -0.67      -0.41
      8.50      -0.84      -0.05
      7.95      -0.03      -0.00
      7.51      -0.15      -0.12
      7.84      -0.02      -0.25
      8.04       0.25       0.11
      8.65      -0.15       0.18
      8.42      -0.62       0.70
      8.25      -0.53       0.40
      8.54      -0.47       0.08
      8.18      -0.64       0.24
      8.01      -0.48       0.21
      8.37       0.21       0.19
      8.12       0.14      -0.12
      8.43       0.50      -0.35
      8.40       0.59      -0.16
      8.83       0.58       0.17
      7.40       0.31      -0.24
      7.73       0.30      -0.15
      7.63       0.00       0.19
      7.49       0.26       0.56
      7.42      -0.29       0.11
      7.66       0.28       0.13
      7.42      -0.19       0.27
      7.64      -0.29       0.26
      7.84      -0.14       0.31
      7.54       0.18       0.02
      7.40       0.18       0.17
      7.27       0.13       0.09
      7.43       0.33      -0.46
      7.91       0.46      -0.26
      8.05       0.53      -0.23
      7.95       0.33      -0.25
      8.14       0.31      -0.07
      8.27       1.28      -0.01
      8.54       0.69      -0.24
      8.35       0.04      -0.04
      8.23       0.08      -0.03
      8.18       0.30      -0.09
      8.49       0.27       0.12
      7.93       0.57      -0.29
      7.32       0.72      -0.33
      7.41       0.79      -0.40
      7.64       0.46      -0.05
      7.44       0.84      -0.20
      7.32       0.48      -0.24
      7.51       0.35      -0.08
      7.54      -0.13      -0.37
      7.78       0.31       0.12
      8.00       0.05       0.03
      8.36      -0.09      -0.10
      8.19       0.39      -0.44
      7.73       0.01      -0.16
      7.41       0.05      -0.37
      7.31       0.13      -0.24
      7.44       0.21      -0.19
      7.50       0.24       0.14
      7.34       0.41       0.14
      7.49       1.04       0.22
      7.30       0.76      -0.08
      7.42       0.73      -0.19
      7.53       0.59      -0.07
      7.22       0.49      -0.13
      7.02       0.20      -0.23
      7.08      -0.04      -0.21
      7.02      -0.11      -0.23
      7.39       0.10      -0.35
      7.04       0.28      -0.06
      6.93       0.06       0.01
      6.82       0.41      -0.08
      7.20       0.29       0.36
      7.22       0.35       0.17
      7.05       0.83       0.21
      7.54       1.06      -0.24
      7.96       0.59       0.03
      7.79       0.32       0.03
      8.22       0.27       0.16
      8.54       0.11      -0.13
      8.94       0.77       0.53
      8.57       0.56       0.23
      8.61       0.58       0.45
      8.56       0.43      -0.16
      8.70      -0.30      -0.02
      8.33       0.25       0.22
      8.55       0.38       0.19
      8.20      -0.01       0.07
      7.65       0.02       0.39
      7.55      -0.16       0.19
      6.99      -0.75       0.46
      7.09      -0.26       0.26
      7.50      -0.29       0.21
      7.79      -0.50       0.43
      7.99      -0.03       0.20
      8.10      -0.22       0.21
      7.95      -0.36       0.10
      8.13      -0.11       0.12
      8.00      -0.59      -0.13
      7.79      -0.68      -0.44
      7.37      -0.65      -0.14
      7.74      -0.39      -0.21
      7.73      -0.96      -0.59
      8.19      -0.52      -0.42
      8.12       0.06       0.14
      8.00      -0.11      -0.14
      8.39      -0.09      -0.04
      8.55       0.08       0.11
      8.38      -0.31       0.31
      8.64      -0.44       0.29
      8.25      -0.56       0.06
      8.15      -0.83       0.23
      8.17      -0.26       0.29
      8.09      -0.40       0.23
      8.18       0.12      -0.13
      8.59       0.24       0.13
      8.56       0.62       0.12
      8.76       1.03       0.20
      8.58       1.05       0.01
      7.94       0.37       0.09
      7.71      -0.19       0.04
      7.55      -0.22       0.60
      7.20      -0.26       0.12
      7.33      -0.38      -0.15
      7.77       0.07      -0.13
      7.36       0.04       0.02
      7.40      -0.05       0.16
      7.59       0.10       0.03
      7.44       0.19       0.15
      7.49      -0.05      -0.10
      7.65       0.31      -0.05
      7.85       0.19      -0.05
      7.78       0.46      -0.38
      8.10       0.55      -0.47
      8.04       0.77      -0.20
      8.20       0.76       0.09
      8.04       0.72      -0.30
      8.31       0.54      -0.11
      8.38       0.03      -0.29
      8.06       0.23      -0.36
      8.20       0.13       0.06
      8.34       0.16       0.06
      7.74       0.28      -0.07
      7.65       0.49      -0.03
      6.94       0.29      -0.52
      7.55       0.67      -0.08
      7.95       0.48       0.09
      7.92       0.51      -0.07
      8.13       0.56      -0.21
      7.87       0.20      -0.29
      8.01       0.15      -0.06
      8.00       0.49      -0.04
      8.13       0.61       0.02
      8.17       0.36      -0.38
      7.91       0.34      -0.19
      7.42       0.68      -0.17
      7.26       0.40       0.07
      7.56       0.58      -0.16
      7.62       0.52       0.07
      7.30       0.77      -0.02
      7.82       0.87      -0.10
      7.34       0.73      -0.14
      7.42       0.55      -0.03
      7.31       0.53      -0.10
      7.02       0.27      -0.15
      7.33       0.79      -0.46
      7.03       0.65      -0.29
      6.95       0.21      -0.23
      7.45       0.45      -0.53
      7.08       0.46      -0.29
      6.74       0.20      -0.21
      6.66       0.14       0.09
      6.98       0.56      -0.11
      7.39       0.22      -0.07
      7.79       0.76       0.53
      7.64       0.62      -0.38
      7.77       0.25       0.24
      7.69       0.29      -0.08
      8.15       0.32      -0.27
      8.61       0.55      -0.00
      8.85       0.54       0.31
      8.56       0.77       0.29
      9.01       1.05       0.37
      8.68       0.92       0.02
      8.49      -0.14      -0.05
      8.40       0.40      -0.20
      8.48       0.28       0.33
      7.96       0.05       0.39
      7.74      -0.19       0.34
      7.45      -0.27       0.21
      7.39      -0.12      -0.08
      7.56      -0.46       0.27
      7.79      -0.14       0.35
      8.23      -0.36       0.09
      8.51      -0.33       0.23
      8.31      -0.29       0.17
      8.34      -0.43       0.28
      8.28      -0.44       0.11
      8.24      -0.82      -0.12
      7.63      -1.00      -0.26
      7.34      -0.67      -0.70
      7.31      -0.45      -0.16
      7.54      -0.44      -0.07
      7.33      -0.48      -0.21
      7.73       0.02       0.15
      7.82      -0.00      -0.23
      8.08       0.40      -0.07
      8.14       0.04       0.04
      8.48      -0.24       0.24
      8.49      -0.68       0.43
      8.48      -0.64       0.32
      8.85      -0.52       0.45
      8.53      -0.32       0.39
      8.33      -0.37       0.21
      8.23       0.07       0.25
      8.46       0.19      -0.02
      8.57       0.59       0.20
      8.91       0.87      -0.03
      8.57       0.77       0.21
      8.47       0.53       0.24
      8.14       0.10       0.30
      7.82      -0.24       0.01
      7.61       0.02       0.08
      7.27       0.15       0.13
      7.45      -0.21      -0.03
      7.56      -0.00       0.04
      7.51      -0.17       0.19
      7.23      -0.20      -0.18
      7.60       0.09      -0.19
      7.61       0.13       0.13
      7.87      -0.37      -0.28
      8.13      -0.17      -0.15
      8.11       0.04       0.05
      7.76       0.07      -0.43
      7.72       0.61      -0.16
      7.91       0.50      -0.03
      8.15       0.80      -0.25
      8.42       0.40      -0.12
      7.95       0.37      -0.11
      7.79       0.21      -0.07
      8.42       0.58      -0.07
      7.96       0.04      -0.12
      7.76       0.26       0.03
      7.71       0.44      -0.19
      7.14       0.06       0.09
      7.32      -0.09       0.12
      7.75       0.57      -0.18
      7.84       0.25      -0.18
      7.92       0.48      -0.30
      8.15      -0.16       0.04
      7.78      -0.03       0.08
      7.70       0.24       0.01
      7.73       0.41      -0.07
      8.06       0.68      -0.30
      7.94       0.97      -0.16
      7.38       0.77      -0.14
      7.49       0.55      -0.22
      7.63       0.76      -0.26
      7.52       0.44      -0.26
      7.16       1.06      -0.32
      7.21       1.09       0.15
      7.37       0.79       0.11
      7.57       0.94       0.07
      7.30       0.52      -0.08
      7.02       0.32      -0.59
      7.48       0.68      -0.08
      7.65       0.15      -0.44
      7.33       0.31      -0.44
      7.95       0.24      -0.59
      7.52       0.50      -0.22
      7.12       0.29      -0.15
      6.92       0.75      -0.04
      7.06       1.06       0.26
      7.84       1.01       0.06
      7.77       0.77       0.10
      7.41       0.35      -0.02
      8.04       0.11       0.22
      8.21      -0.11      -0.05
      8.40       0.27       0.26
      8.41       0.25       0.12
      8.58       0.70       0.07
      8.79       0.49       0.29
      8.70       0.81       0.14
      8.71       0.23      -0.18
      8.67       0.22      -0.18
      8.35       0.24      -0.13
      8.50       0.02       0.23
      7.79      -0.45       0.23
      7.80      -0.17       0.50
      7.70      -0.23       0.22
      7.65      -0.31       0.13
      7.80      -0.43       0.09
      7.81       0.26       0.32
      7.85       0.14       0.08
      8.27       0.02       0.30
      8.33      -0.02       0.15
      8.05      -0.22       0.06
      8.14      -0.17       0.01
      8.28      -0.54      -0.30
      7.93      -0.91      -0.77
      7.33      -0.54      -0.21
      7.19      -0.41      -0.33
      7.17      -0.31      -0.37
      6.84      -0.12       0.07
      7.29       0.09       0.28
      7.55       0.34       0.12
      7.59      -0.16      -0.09
      7.90      -0.45      -0.10
      8.02      -0.54       0.28
      8.15      -0.75       0.43
      8.28      -1.02       0.32
      8.63      -0.71       0.10
      8.65      -0.68       0.24
      8.58      -0.20       0.30
      8.06      -0.09       0.14
      8.16      -0.12       0.33
      7.98       0.32       0.45
      8.22       0.22       0.44
      8.40       0.23       0.46
      8.34      -0.08       0.56
      7.88       0.06       0.16
      8.01      -0.12      -0.27
      7.96       0.11      -0.30
      7.54      -0.21      -0.11
      7.57      -0.21      -0.06
      6.70      -0.19       0.11
      7.23      -0.27      -0.11
      7.38      -0.12       0.22
      7.74       0.19      -0.07
      7.33       0.32       0.15
      7.83      -0.19      -0.25
      7.81      -0.01      -0.16
      7.85       0.33      -0.39
      8.11       0.34      -0.13
      7.79       0.60       0.09
      7.63       0.65      -0.12
      8.39       0.80      -0.15
      8.55       0.33      -0.13
      8.21       0.11      -0.35
      8.13      -0.11      -0.02
      8.25       0.39       0.01
      7.75      -0.05       0.09
      7.40       0.40      -0.12
      7.69       0.16      -0.02
      7.56       0.23      -0.21
      7.29      -0.08      -0.03
      7.87       0.21       0.02
      7.67       0.17       0.08
      7.88       0.49      -0.19
      7.74       0.27       0.11
      7.70       0.07      -0.20
      7.46       0.43      -0.25
      7.84       0.74      -0.15
      8.05       0.35      -0.56
      8.20       0.51      -0.04
      7.47       0.52      -0.39
      7.14       0.50      -0.15
      7.48       0.42      -0.21
      7.67       0.51      -0.13
      7.62       0.78      -0.33
      7.68       1.07       0.27
      7.58       0.86      -0.22
      7.77       0.22       0.23
      7.37       0.42      -0.26
      7.21       0.50      -0.28
      7.19       0.68      -0.07
      7.43       0.80      -0.26
      7.73       0.36      -0.27
      8.03       0.18      -0.19
      8.03       0.34       0.29
      7.62       0.14       0.11
      7.74       0.56      -0.07
      7.54       0.87       0.30
      7.40       0.81      -0.08
      7.57       0.82       0.04
      7.75       0.42       0.16
      7.83       0.21      -0.05
      8.42       0.09      -0.08
      8.40      -0.19       0.11
      8.77       0.10      -0.16
      8.64       0.58       0.01
      8.78       0.21      -0.19
      8.04       0.54      -0.08
      8.65       0.24       0.00
      8.52       0.13      -0.42
      8.37      -0.04      -0.01
      8.06       0.21       0.00
      7.38      -0.18      -0.02
      7.44      -0.30       0.62
      7.80      -0.18       0.25
      7.81       0.01       0.35
      8.31      -0.13       0.30
      8.23       0.26       0.03
      8.42       0.30       0.34
      8.50      -0.00       0.18
      8.65      -0.02      -0.06
      8.53      -0.23       0.13
      8.12      -0.57      -0.02
      8.12      -0.44      -0.37
      7.74      -0.83      -0.67
      7.27      -0.60      -0.24
      7.14      -0.52      -0.10
      7.19       0.00       0.13
      7.38      -0.00      -0.07
      7.33       0.15       0.18
      7.14       0.01       0.15
      7.37      -0.32       0.03
      7.64      -0.20       0.19
      7.88      -0.44       0.38
      7.86      -0.70       0.23
      8.55      -1.10       0.59
      8.84      -0.92       0.07
      8.60      -0.41       0.20
      8.48       0.20       0.34
      8.46       0.43       0.19
      8.31       0.10       0.45
      8.16       0.15       0.72
      8.14       0.28       0.27
      8.38       0.45       0.46
      8.10      -0.46       0.27
      8.07      -0.42       0.31
      7.73      -0.71      -0.03
      7.07      -0.61      -0.18
      7.27      -0.62      -0.26
      7.18      -0.33      -0.03
      7.20      -0.17      -0.31
      7.42      -0.45       0.11
      7.68       0.01       0.15
      7.11       0.54       0.09
      7.19       0.42       0.01
      7.76       0.19      -0.38
      7.66       0.06      -0.04
      7.51       0.35      -0.15
      7.43       0.46       0.23
      7.67       0.74       0.04
      7.80       0.48       0.06
      8.11       0.89      -0.12
      8.38       0.20      -0.30
      8.38      -0.23      -0.34
      8.51       0.13      -0.19
      8.49      -0.04      -0.32
      8.02       0.17      -0.35
      7.87       0.08      -0.17
      7.92       0.42       0.18
      7.62       0.29       0.28
      7.57       0.14       0.29
      7.78       0.15      -0.06
      7.62       0.07      -0.03
      7.65       0.83      -0.14
      7.47       0.65      -0.22
      7.39       0.51      -0.04
      7.87       0.42      -0.45
      7.88       0.72      -0.56
      7.71       0.03      -0.00
      7.55       0.43      -0.27
      7.61       0.52      -0.17
      7.01       0.28       0.19
      7.25       0.58       0.08
      7.58       0.60       0.08
      7.79       1.01      -0.32
      7.54       1.10       0.10
      7.42       0.80      -0.29
      7.50       0.66      -0.20
      7.37       0.27      -0.20
      7.02       0.40      -0.20
      7.47       0.73      -0.32
      7.71       0.48      -0.42
      8.18       0.57      -0.49
      8.38       0.15      -0.52
      8.05       0.61       0.09
      7.61       0.58       0.08
      7.83       0.68       0.35
      8.15       0.89       0.26
      7.40       0.37       0.11
      7.79       0.56       0.27
      7.85       0.16      -0.09
      7.71       0.28      -0.22
      8.36      -0.01      -0.05
      8.48      -0.02       0.13
      8.63      -0.03      -0.13
      8.22       0.19      -0.04
      8.65       0.23      -0.17
      8.83       0.30       0.08
      8.27       0.35       0.27
      8.34       0.46      -0.17
      8.23       0.06      -0.17
      8.14      -0.04       0.13
      7.55      -0.26       0.35
      7.73      -0.33       0.17
      7.42      -0.19       0.62
      7.33      -0.54       0.23
      8.01       0.05       0.34
      7.96       0.03       0.27
      8.37      -0.11       0.01
      8.61      -0.02      -0.05
      8.48      -0.00       0.28
      8.11      -0.46       0.15
      8.16      -0.76      -0.02
      8.04      -0.28      -0.30
      7.45      -0.43      -0.27
      7.91      -0.44      -0.20
      7.28      -0.43      -0.20
      7.27      -0.04       0.18
      7.30      -0.20       0.06
      7.07      -0.10       0.10
      7.29       0.04      -0.27
      7.58       0.06       0.03
      7.95       0.27       0.12
      7.87       0.17       0.51
      8.38      -0.27       0.24
      8.45      -0.59       0.23
      8.97      -0.55       0.11
      9.35      -0.11       0.18
      9.03      -0.12       0.21
      9.05       0.11      -0.05
      9.10      -0.12       0.60
      8.72      -0.11       0.73
      8.07       0.30       0.29
      8.38       0.24       0.47
      7.44      -0.33       0.47
      7.85      -0.53       0.27
      7.27      -1.02      -0.00
      7.04      -0.75      -0.48
      7.31      -0.73      -0.40
      7.48      -0.17      -0.35
      7.47      -0.04      -0.25
      7.06      -0.16       0.11
      7.31       0.11       0.25
      7.43       0.39       0.23
      7.76       0.75       0.12
      7.96       0.16      -0.42
      7.36       0.13      -0.21
      7.43       0.49      -0.27
      7.43       0.82      -0.02
      7.67       0.73       0.14
      7.91       1.21       0.09
      8.00       0.91      -0.28
      8.29       0.09      -0.28
      8.51      -0.18      -0.36
      8.44       0.57      -0.12
      8.52       0.28      -0.10
      8.21       0.32      -0.18
      8.18       0.27      -0.22
      8.03       0.34      -0.14
      7.59       0.57       0.51
      8.14       0.30       0.43
      7.73       0.30      -0.24
      7.84       0.06      -0.13
      7.50       0.45      -0.23
      7.54       0.29       0.16
      7.58       0.58      -0.31
      7.88       0.88      -0.53
      7.57       0.82      -0.52
      7.74       0.92      -0.01
      7.75       0.46      -0.34
      7.40       0.26       0.12
      7.31       0.11       0.05
      7.38       0.39      -0.04
      7.28       0.88      -0.17
      7.88       0.48       0.02
      7.51       0.23       0.16
      7.90       0.39       0.07
      7.69       0.81      -0.16
      7.91       0.30      -0.62
      7.49       0.45      -0.17
      7.51       0.69      -0.42
      7.79       1.02      -0.25
      8.45       0.58      -0.71
      8.50       0.46      -0.38
      8.23       0.95       0.06
      7.58       0.53       0.04
      7.56       0.85       0.28
      7.95       0.50       0.48
      7.56       0.50       0.39
      7.48       0.26       0.16
      7.48      -0.03       0.05
      7.80       0.35      -0.46
      8.18       0.39      -0.26
      8.35      -0.29       0.09
      8.45       0.15       0.42
      8.22      -0.01       0.18
      8.55       0.45      -0.13
      8.93       0.67       0.03
      8.11       0.48       0.22
      7.78      -0.05      -0.31
      7.85      -0.18       0.41
      7.94      -0.05      -0.12
      7.88      -0.51      -0.01
      7.80      -0.60       0.16
      7.46      -0.31       0.50
      7.89      -0.33       0.21
      8.12      -0.22      -0.03
      8.17       0.14      -0.12
      8.63       0.27      -0.12
      8.38      -0.05       0.10
      8.33       0.29       0.20
      7.93       0.17       0.05
      8.30      -0.26      -0.10
      8.07       0.17      -0.36
      8.05       0.09      -0.03
      7.53      -0.33       0.07
      7.64      -0.10       0.08
      7.77       0.19      -0.14
      7.94      -0.14       0.20
      7.27      -0.66       0.09
      7.47      -0.84       0.03
      7.60      -0.21      -0.04
      8.17      -0.61       0.23
      8.20      -0.69       0.43
      8.52      -0.66       0.23
      9.02      -0.83       0.05
      9.31      -0.25       0.04
      9.39      -0.10       0.56
      9.35      -0.32       0.49
      9.51      -0.15       0.24
      9.50      -0.39       0.19
      8.76      -0.35       0.26
      8.51      -0.22       0.20
      8.23       0.08       0.43
      7.55       0.01       0.44
      7.80       0.06       0.46
      7.84      -0.26       0.11
      7.50      -1.01      -0.09
      7.44      -0.56      -0.07
      7.83      -0.57      -0.18
      7.59      -0.27      -0.27
      7.67      -0.61      -0.06
      7.61       0.12       0.32
      7.62       0.31       0.33
      8.09       0.71       0.33
      7.92       0.17      -0.30
      7.57       0.19      -0.08
      7.42       0.32      -0.20
      7.63       0.37      -0.02
      7.75       0.79       0.54
      8.14       0.88       0.01
      8.20       0.62      -0.02
      8.27       0.44      -0.10
      8.54       0.44      -0.26
      8.57       0.34      -0.22
      8.63       0.54      -0.19
      7.88      -0.00      -0.10
      7.89       0.32      -0.04
      7.59       0.19      -0.12
      7.34       0.03       0.35
      7.60       0.39       0.05
      7.62       0.54      -0.08
      7.15       0.26      -0.05
      7.47       0.61      -0.04
      7.44       0.42      -0.16
      7.75       0.67      -0.44
      8.05       0.72      -0.51
      7.71       1.38      -0.56
      7.63       0.82      -0.69
      7.56       0.58       0.05
      7.96      -0.14      -0.23
      7.62       0.56       0.08
      7.55       0.44      -0.03
      7.40       0.67       0.34
      7.23       0.80      -0.13
      7.19       0.71       0.09
      7.66       0.24       0.10
      7.73       0.64      -0.44
      8.33       0.44      -0.35
      8.03       0.35      -0.44
      7.68       0.54      -0.06
      7.66       0.79      -0.26
      8.31       0.31      -0.31
      8.51       0.45       0.13
      8.33       0.46       0.21
      7.82       1.22       0.01
      7.73       0.94       0.40
      8.01       0.52       0.22
      7.87       0.32       0.15
      7.61       0.09      -0.08
      7.65       0.40       0.05
      7.78       0.71      -0.16
      8.24       0.41      -0.28
      8.42       0.22       0.33
      8.02      -0.03       0.30
      8.17       0.23       0.35
      8.45       0.30      -0.08
      8.49       0.58       0.00
      8.03       0.39      -0.16
      7.74      -0.16      -0.09
      7.60      -0.30       0.08
      7.52      -0.39      -0.18
      7.96      -0.45       0.04
      8.60      -0.72       0.66
      8.05      -0.50       0.41
      7.88       0.03       0.26
      7.76      -0.19       0.44
      8.03       0.16      -0.02
      8.08      -0.07       0.27
      8.26      -0.42      -0.14
      8.12       0.01       0.09
      8.01      -0.46      -0.29
      8.49      -0.81      -0.14
      8.05       0.13       0.01
      7.92       0.20      -0.35
      7.72       0.29       0.02
      7.48       0.20      -0.12
      7.59       0.21      -0.10
      7.32       0.01       0.01
      6.95      -0.15       0.27
      7.47      -0.39       0.74
      7.40      -0.49      -0.17
      7.65      -0.37      -0.24
      7.95      -0.91       0.13
      8.07      -0.75      -0.12
      8.82      -1.04      -0.14
      9.11      -0.64       0.05
      9.02      -0.13       0.28
      8.83       0.09       0.01
      8.96      -0.08      -0.03
      8.80      -0.16       0.20
      8.86      -0.38      -0.21
      8.79      -0.40       0.32
      8.31      -0.81      -0.06
      7.40      -0.12       0.51
      7.80      -0.62       0.27
      7.90      -0.67      -0.01
      7.87      -1.12      -0.35
      7.97      -0.60      -0.44
      7.70      -0.85      -0.23
      7.74      -0.68      -0.11
      7.85      -0.34      -0.01
      8.12      -0.18       0.33
      7.93       0.39       0.44
      8.25       1.13       0.31
      8.49       1.06       0.33
      8.08       0.30      -0.18
      7.89       0.15      -0.36
      7.56       0.71       0.10
      7.89       0.87       0.28
      8.23       0.66       0.14
      8.15       0.40       0.11
      8.41       0.28       0.00
      8.17      -0.05       0.18
      8.37      -0.05      -0.06
      8.34       0.11       0.11
      7.84      -0.19      -0.20
      7.47       0.28      -0.36
      7.60       0.47      -0.11
      8.10       0.27      -0.09
      7.50       0.31      -0.07
      7.28       0.54       0.06
      7.73       0.63      -0.13
      7.60       0.65      -0.26
      7.64       0.48      -0.34
      7.76       0.02       0.03
      7.90       0.25      -0.01
      7.99       0.35      -0.21
      8.13       0.80      -0.49
      7.44       0.39      -0.24
      7.45       0.50      -0.03
      7.87       0.75       0.02
      8.00       0.50      -0.03
      7.56       0.83       0.25
      7.60       0.86       0.10
      7.21       0.66      -0.17
      7.49       0.20       0.18
      8.03       0.78      -0.17
      8.67       0.72       0.10
      8.42       0.56      -0.27
      8.15       0.08       0.15
      7.81       0.66      -0.05
      8.12       0.05      -0.17
      8.61       0.33      -0.10
      8.27       0.51       0.03
      7.95       0.82      -0.07
      8.11       0.96       0.11
      7.94       0.51      -0.13
      7.90       0.26       0.09
      8.01       0.33      -0.19
      8.05       0.19      -0.12
      8.33       0.40       0.03
      8.42       0.39      -0.16
      8.63       0.03       0.38
      8.59       0.14      -0.03
      8.21       0.12      -0.07
      8.30       0.55      -0.13
      8.18       0.50      -0.41
      7.93       0.29      -0.27
      7.61       0.08       0.23
      7.83      -0.34      -0.11
      8.02      -0.79      -0.02
      7.70      -0.09       0.33
      8.09      -0.15       0.63
      7.65      -0.16       0.42
      7.78       0.02       0.20
      7.55       0.08       0.28
      7.81      -0.16       0.50
      8.09      -0.10       0.27
      7.89      -0.20       0.06
      8.51       0.00      -0.08
      8.18      -0.08      -0.04
      8.29      -0.14      -0.23
      7.94      -0.20      -0.17
      7.93       0.27      -0.31
      7.21      -0.05      -0.02
      7.53       0.09      -0.08
      7.73      -0.16       0.16
      7.51      -0.43      -0.09
      7.31      -0.10       0.27
      7.55      -0.43       0.61
      7.40      -0.07      -0.22
      7.35      -0.23      -0.07
      7.68      -0.36       0.09
      8.27      -0.58       0.23
      8.37      -0.98      -0.05
      8.73      -0.74      -0.11
      8.63      -0.81       0.45
      8.86      -0.10       0.28
      8.95      -0.29       0.30
      8.76       0.16       0.04
      8.53      -0.06      -0.08
      8.64      -0.28       0.07
      8.46      -0.66       0.09
      7.66      -0.08       0.52
      7.69       0.01       0.35
      7.92      -0.54      -0.11
      7.42      -1.10       0.01
      7.61      -0.53      -0.30
      7.48      -0.58      -0.06
      7.57      -0.58      -0.29
      7.97      -0.45       0.16
      7.92       0.14       0.24
      7.95       0.52       0.31
      7.92       0.62       0.08
      8.35       1.04       0.09
      8.33       0.18      -0.37
      8.01       0.40       0.16
      8.21       0.75       0.62
      8.24       0.15      -0.20
      7.86       0.81      -0.08
      8.13       0.66       0.27
      8.25      -0.17       0.34
      8.32      -0.04      -0.00
      8.17       0.14       0.13
      8.35      -0.20       0.09
      8.20       0.04      -0.08
      7.79       0.21      -0.57
      8.16       0.54      -0.40
      7.61      -0.04      -0.05
      7.74       0.17      -0.22
      7.38       0.41      -0.15
      7.43       0.26       0.14
      7.90       0.39      -0.20
      7.57       0.57      -0.11
      7.72       0.36      -0.19
      7.87       0.04      -0.22
      8.02       0.18      -0.02
      7.92       0.14      -0.28
      7.43       0.41      -0.26
      7.58       0.38      -0.08
      7.63       0.87      -0.34
      7.61       0.20       0.08
      7.97       0.51       0.31
      7.78       1.16       0.16
      7.75       0.80       0.24
      7.87       0.58       0.37
      7.74       0.68      -0.42
      8.22       0.27      -0.25
      8.05       0.26      -0.04
      8.33      -0.19      -0.14
      8.70       0.13      -0.00
      8.53      -0.00       0.08
      8.71      -0.23      -0.00
      8.64       0.49       0.00
      8.00       0.66       0.13
      8.52       0.84       0.11
      7.92       0.44       0.19
      7.75       0.04      -0.11
      8.08       0.30      -0.20
      8.05       0.09      -0.19
      7.99       0.68       0.05
      8.72       0.57      -0.03
      8.74       0.16       0.37
      8.28       0.17      -0.03
      8.66      -0.32      -0.19
      8.28       0.16       0.08
      7.76       0.48      -0.16
      7.47       0.19      -0.03
      7.40      -0.41       0.21
      7.70      -0.42       0.09
      7.47      -0.61      -0.07
      7.60      -0.41       0.70
      7.66      -0.09       0.23
      7.30      -0.15       0.57
      7.19      -0.13       0.28
      7.36       0.07      -0.02
      7.27      -0.06       0.14
      7.46       0.07      -0.06
      7.77       0.14       0.06
      8.38       0.28       0.26
      8.68       0.15       0.01
      8.51       0.25       0.04
      8.58       0.37      -0.30
      8.07       0.54      -0.18
      7.42      -0.07       0.10
      7.57      -0.08       0.02
      7.58      -0.21      -0.01
      7.64      -0.34      -0.22
      7.62      -0.17       0.07
      7.80      -0.44       0.35
      7.53      -0.45       0.14
      7.36       0.02       0.06
      7.45      -0.24      -0.03
      7.78      -0.60       0.20
      7.98      -0.73       0.05
      8.31      -0.86       0.05
      8.42      -0.13       0.47
      8.97      -0.33       0.22
      8.73       0.01       0.14
      8.83      -0.13       0.07
      8.94      -0.36       0.08
      8.92      -0.01       0.03
      8.77      -0.55      -0.04
      7.92      -0.13       0.49
      7.63       0.09       0.24
      7.68      -0.27       0.13
      7.67      -0.81       0.09
      7.58      -0.88      -0.14
      7.69      -0.23      -0.05
      7.97      -0.56      -0.07
      8.19      -0.38      -0.14
      7.99      -0.47       0.19
      8.19       0.01       0.45
      8.03      -0.13       0.16
      8.28       0.01       0.04
      8.37       0.09      -0.24
      8.31       0.51       0.26
      8.15       0.93       0.28
      8.04       0.06       0.14
      8.38       0.30       0.12
      8.81       0.37       0.33
      8.32       0.02      -0.14
      8.38       0.32       0.07
      8.49      -0.29       0.13
      8.14      -0.07       0.25
      7.70       0.02      -0.59
      7.81       0.21      -0.42
      8.06       0.07      -0.38
      8.04      -0.36       0.06
      7.94       0.13       0.09
      7.45       0.08      -0.07
      8.07       0.14      -0.09
      7.51       0.34       0.26
      7.61       0.67      -0.24
      7.76       0.20      -0.14
      7.96       0.25       0.00
      8.19      -0.16      -0.01
      7.84      -0.03      -0.14
      7.85       0.37      -0.27
      7.63       0.66      -0.19
      7.43       0.24      -0.40
      7.54      -0.04       0.06
      7.94       0.40       0.11
      7.51       0.99       0.23
      8.00       0.82       0.19
      7.62       0.70      -0.10
      8.14       0.72      -0.23
      8.09       0.46      -0.22
      7.70       0.20      -0.15
      8.20       0.14      -0.04
      8.28       0.09      -0.35
      8.64      -0.13      -0.09
      8.78       0.01      -0.20
      8.52      -0.16      -0.27
      7.98       0.87       0.08
      7.81       0.82       0.14
      7.79       0.74      -0.05
      7.93       0.29      -0.12
      8.05       0.54      -0.12
      8.13      -0.10      -0.44
      7.83       0.35      -0.19
      8.35       0.29       0.16
      7.73       0.42      -0.16
      7.68      -0.02      -0.35
      8.29      -0.19       0.37
      8.39      -0.24       0.54
      8.03       0.37       0.08
      7.48       0.31      -0.23
      7.43       0.23       0.06
      7.58      -0.23      -0.08
      7.15      -0.15       0.02
      7.18      -0.25       0.40
      6.86       0.43       0.16
      7.06      -0.02       0.30
      7.09      -0.28       0.62
      7.25       0.41       0.45
      7.20       0.27      -0.02
      7.26       0.41       0.07
      7.85       0.35       0.15
      8.12       0.63       0.34
      8.61       0.18       0.12
      8.81      -0.27      -0.02
      8.20       0.21      -0.28
      7.95       0.21      -0.14
      7.76      -0.19      -0.01
      7.79      -0.18      -0.31
      7.37       0.30       0.03
      7.48      -0.31       0.09
      7.30       0.02       0.12
      7.36      -0.23       0.24
      7.52      -0.35       0.15
      7.76       0.36       0.41
      7.82       0.45       0.15
      8.05      -0.48      -0.04
      8.17      -0.55      -0.27
      8.20      -0.39      -0.08
      8.02       0.13       0.24
      8.12      -0.44      -0.05
      8.13      -0.39       0.34
      8.54      -0.21       0.35
      8.40      -0.45       0.01
      8.89      -0.67       0.01
      9.03      -0.23       0.02
      7.80       0.13      -0.23
      7.40      -0.23       0.04
      7.67      -0.05       0.20
      7.59      -0.49       0.17
      7.83      -0.34       0.20
      8.47      -0.26       0.04
      8.33      -0.58       0.02
      8.13      -0.35      -0.19
      8.29      -0.45       0.22
      8.46      -0.32       0.41
      8.51      -0.67       0.31
      8.31      -0.41      -0.21
      8.64      -0.18      -0.22
      8.52       0.04       0.20
      7.77       0.38      -0.06
      7.88       0.51       0.02
      7.84       0.22       0.06
      8.42       0.55       0.56
      8.45       0.05       0.62
      8.01       0.09       0.03
      7.99      -0.11      -0.23
      7.45      -0.20      -0.23
      7.67      -0.03      -0.07
      7.95      -0.28      -0.53
      8.35      -0.01      -0.41
      8.01       0.08      -0.60
      8.13      -0.34      -0.20
      8.18      -0.37      -0.31
      8.16       0.54      -0.27
      7.93       0.25      -0.02
      8.06       0.54       0.19
      7.85       0.52      -0.07
      8.08       0.66      -0.26
      8.37      -0.01       0.05
      8.11       0.22       0.18
      8.19       0.43       0.14
      7.81       0.40      -0.08
      7.64       0.42      -0.39
      7.78       0.50      -0.24
      8.16       0.31       0.17
      8.33       0.92      -0.05
      8.57       0.95       0.26
      8.55       0.71       0.04
      8.14       0.42       0.08
      7.86       0.74      -0.27
      7.58       0.24      -0.16
      7.67      -0.10      -0.24
      7.70      -0.06      -0.01
      7.99      -0.03       0.07
      8.71      -0.03       0.19
      7.97      -0.35      -0.15
      7.81       0.47       0.13
      7.90       0.49       0.09
      8.11       0.52       0.08
      7.91       0.36       0.08
      8.11       0.33       0.03
      8.02       0.09       0.06
      7.96       0.31       0.13
      8.07       0.25       0.05
      7.46       0.05      -0.17
      7.76      -0.37      -0.14
      7.76      -0.01       0.16
      7.97      -0.69       0.32
      7.80      -0.06       0.16
      7.66      -0.10      -0.36
      7.83       0.11      -0.13
      7.52       0.11       0.01
      7.25       0.19       0.10
      7.22      -0.34       0.13
      7.10       0.36       0.52
      7.12       0.10       0.44
      6.99       0.32       0.36
      7.27       0.56       0.38
      7.78       0.55      -0.02
      7.63       0.90       0.03
      7.82       0.57       0.22
      7.75       0.54       0.28
      7.90       0.42      -0.02
      7.99      -0.11      -0.19
      7.81      -0.21      -0.50
      7.62      -0.30       0.11
      7.77      -0.21      -0.37
      7.95      -0.29      -0.33
      7.60      -0.11      -0.06
      7.42       0.21      -0.00
      7.11      -0.43       0.09
      7.23       0.23       0.03
      8.00       0.12       0.02
      8.00       0.50      -0.11
      8.13       0.03       0.04
      7.89      -0.70       0.04
      7.72      -0.34      -0.39
      7.80      -0.17      -0.19
      8.01      -0.27       0.30
      8.20       0.01       0.29
      7.95      -0.06       0.56
      8.65      -0.52       0.65
      8.78      -0.36       0.09
      8.44      -0.61      -0.28
      8.74      -0.82      -0.34
      7.88      -0.33      -0.15
      7.87      -0.30      -0.11
      7.79      -0.43      -0.04
      7.60      -0.61       0.16
      7.91      -0.53       0.02
      8.27      -0.64       0.33
      8.53      -0.38       0.08
      8.41      -0.42       0.07
      8.80      -0.76       0.19
      8.26      -0.70       0.52
      8.73      -0.57       0.11
      8.85      -0.53       0.20
      8.96      -0.51      -0.15
      8.68      -0.30      -0.17
      7.74       0.12      -0.15
      7.67       0.26      -0.04
      7.96       0.37       0.14
      8.13       0.70       0.29
      8.04      -0.12       0.14
      8.05       0.20      -0.13
      8.18      -0.06       0.07
      8.13      -0.14      -0.05
      8.04       0.14      -0.02
      8.07      -0.18      -0.15
      8.11      -0.36      -0.32
      8.08       0.01      -0.41
      8.06      -0.45      -0.20
      7.91      -0.37      -0.20
      7.98       0.14      -0.04
      7.87       0.26      -0.04
      7.98       0.25       0.13
      7.99       0.40      -0.54
      8.23      -0.06      -0.25
      8.66       0.51       0.13
      8.31       0.45       0.33
      8.33       0.49       0.07
      8.58       0.65      -0.01
      8.06       0.20      -0.23
      8.17       0.41      -0.27
      8.56       0.78      -0.10
      8.60       1.01       0.04
      8.05       0.95       0.17
      8.10       0.66       0.11
      8.07       0.96       0.19
      7.99       0.85       0.02
      7.94       0.42      -0.14
      7.70      -0.11      -0.12
      7.87      -0.06      -0.01
      7.84      -0.28      -0.42
      7.95      -0.25       0.01
      7.90       0.07      -0.04
      7.99       0.11       0.07
      8.40       0.28       0.09
      8.66       0.56       0.19
      8.67      -0.02       0.44
      8.40       0.61       0.01
      8.18       0.22       0.18
      7.65      -0.14       0.20
      8.01      -0.03       0.13
      7.71      -0.06      -0.02
      7.95      -0.30      -0.14
      7.93       0.24       0.15
      7.83      -0.07      -0.16
      7.86      -0.23      -0.06
      7.74       0.18      -0.17
      7.26       0.41       0.22
      7.28      -0.21       0.14
      7.03       0.25       0.52
      7.15       0.25       0.35
      6.79       0.34       0.17
      7.10       0.23       0.30
      7.34       0.43       0.24
      7.62       0.54      -0.15
      7.90       1.08       0.07
      7.83       0.48       0.23
      7.78       0.53      -0.09
      7.82      -0.04       0.26
      7.85       0.01      -0.27
      8.48      -0.28      -0.16
      8.46      -0.08      -0.41
      7.78      -0.22      -0.03
      7.72      -0.06      -0.06
      7.98      -0.23      -0.20
      7.78       0.34      -0.28
      7.33       0.02      -0.09
      7.57      -0.07      -0.16
      7.24       0.51       0.27
      7.70       0.29       0.08
      7.90      -0.11       0.12
      7.94      -0.32       0.07
      7.89      -0.57       0.03
      7.59      -0.58      -0.07
      8.21      -0.07      -0.38
      8.71      -0.12      -0.03
      8.33      -0.48       0.41
      7.89       0.01       0.75
      7.93      -0.27       0.52
      8.23      -0.43      -0.00
      8.75      -0.64       0.08
      8.61      -0.50      -0.33
      7.73      -0.24       0.02
      8.20      -0.14      -0.15
      7.78      -0.70      -0.46
      8.04      -0.72       0.04
      8.31      -0.37       0.01
      8.24      -0.71       0.08
      8.82      -0.70       0.20
      8.48      -0.55       0.18
      8.80      -0.55       0.30
      8.30      -0.23       0.58
      8.75      -0.97       0.44
      9.02      -0.72       0.22
      8.99      -0.56       0.09
      8.43       0.06       0.08
      7.63       0.13      -0.10
      7.64       0.45      -0.06
      8.14       0.55      -0.10
      8.50       0.30       0.19
      8.33       0.13      -0.21
      7.92      -0.28      -0.19
      7.78      -0.17       0.19
      7.68       0.31      -0.17
      8.08      -0.01      -0.12
      7.98      -0.12      -0.30
      8.22      -0.29      -0.55
      8.18      -0.21      -0.36
      8.55      -0.00      -0.18
      7.87      -0.16       0.33
      8.21       0.48      -0.25
      8.09       0.47      -0.05
      8.25       0.31      -0.02
      7.91       0.26      -0.34
      8.54       0.56       0.10
      8.90       0.69      -0.16
      8.62       0.42      -0.09
      8.69       0.22      -0.08
      8.19       0.76      -0.02
      7.87       0.04      -0.10
      8.18       0.30      -0.25
      8.43       0.79      -0.07
      8.35       0.78      -0.20
      8.28       0.46       0.12
      8.49       0.69       0.28
      8.10       1.26       0.43
      8.12       0.59       0.17
      8.59       0.17       0.05
      8.14       0.07      -0.32
      7.75       0.01      -0.06
      7.78      -0.03      -0.35
      8.10       0.13       0.05
      8.14       0.14       0.23
      8.38       0.43       0.12
      8.60      -0.23      -0.17
      8.56      -0.05      -0.16
      8.48       0.04       0.15
      8.12       0.74       0.28
      8.00       0.29      -0.00
      7.65       0.06      -0.16
      7.74       0.13       0.06
      7.70       0.05      -0.09
      7.84      -0.05       0.29
      8.23      -0.06      -0.20
      8.10       0.41       0.18
      7.64      -0.08      -0.22
      7.64       0.35      -0.47
      7.41       0.39       0.11
      7.56      -0.18       0.05
      7.16       0.40       0.34
      7.19       0.42       0.39
      7.21       0.69      -0.00
      7.09       0.81       0.27
      6.93       0.52       0.50
      7.34       0.60       0.07
      7.22       0.47       0.37
      7.85       0.68       0.18
      7.62       0.57      -0.04
      7.54      -0.20      -0.16
      7.84       0.13      -0.31
      7.58      -0.23      -0.30
      7.63      -0.31       0.04
      8.00      -0.17       0.09
      7.32       0.08      -0.37
      7.55       0.04      -0.28
      7.32       0.05      -0.26
      7.17       0.07       0.09
      7.10       0.14       0.04
      7.16      -0.07      -0.24
      7.37      -0.02      -0.25
      7.55      -0.56      -0.08
      7.92      -0.23       0.25
      7.94      -0.44       0.29
      7.79      -0.49       0.17
      7.69      -0.37      -0.65
      8.38       0.08      -0.08
      8.34      -0.05       0.40
      8.07       0.07       0.60
      8.33      -0.40       0.46
      8.28      -0.64       0.40
      8.04      -0.56       0.03
      8.37      -0.67      -0.03
      7.80      -0.24       0.11
      8.25      -0.27       0.13
      7.76      -0.48      -0.08
      7.87      -0.52      -0.15
      8.00      -0.62       0.16
      8.27      -1.00       0.03
      8.77      -1.06       0.52
      8.95      -0.84       0.25
      8.52      -0.34       0.08
      8.51      -0.27       0.60
      9.29      -0.66       0.23
      9.04      -0.42      -0.08
      8.82      -0.12      -0.12
      8.73      -0.52      -0.21
      8.37       0.05      -0.04
      7.75       0.08       0.09
      8.08       0.55      -0.13
      8.28       0.55       0.11
      8.34       0.26      -0.21
      7.88      -0.34      -0.25
      8.08      -0.04       0.23
      7.68       0.04      -0.11
      7.61      -0.04       0.10
      7.84      -0.14      -0.20
      7.87      -0.55      -0.59
      8.02      -0.51      -0.19
      7.95      -0.30      -0.12
      7.58      -0.35       0.22
      8.06       0.24      -0.11
      7.95       0.04      -0.28
      8.14      -0.27       0.01
      8.57       0.01      -0.24
      8.80       0.27      -0.04
      8.78       0.33      -0.11
      9.05       0.09      -0.06
      8.77       0.52      -0.17
      8.87       0.57      -0.07
      8.47       0.15       0.04
      8.28       0.20       0.11
      8.23       0.40      -0.43
      8.56       0.45      -0.13
      8.75       0.56      -0.09
      8.36       1.22       0.01
      8.45       1.21       0.32
      8.13       0.79       0.22
      8.35       0.17      -0.07
      8.67       0.03      -0.20
      8.29       0.06       0.23
      8.02      -0.39      -0.11
      8.18      -0.20      -0.20
      8.24      -0.33       0.43
      8.37       0.24       0.15
      8.88      -0.25      -0.09
      8.51      -0.48      -0.15
      8.20      -0.14       0.30
      8.51       0.07       0.22
      8.19       0.24       0.05
      7.67       0.25       0.05
      7.83      -0.05       0.05
      7.92      -0.08       0.60
      7.92       0.03       0.59
      7.84       0.02       0.06
      8.01       0.25       0.23
      8.09      -0.08       0.08
      7.86       0.13      -0.71
      7.93       0.20      -0.12
      7.74      -0.27      -0.04
      7.43       0.64       0.34
      6.94       0.48       0.37
      7.14       0.54       0.10
      6.86       0.84       0.14
      7.10       0.37       0.39
      7.38       0.21       0.30
      6.86       0.05       0.45
      7.34       0.10       0.18
      7.50       0.13      -0.25
      6.93      -0.23       0.02
      7.29      -0.50      -0.43
      6.95      -0.04      -0.39
      7.38      -0.06       0.14
      7.15       0.06       0.20
      7.27       0.15       0.24
      7.55      -0.14      -0.09
      7.51       0.04      -0.38
      7.07       0.62      -0.10
      7.34       0.38      -0.14
      7.52       0.19      -0.08
      7.74       0.19      -0.29
      7.41       0.17      -0.25
      7.68       0.12      -0.07
      8.29      -0.61       0.12
      8.11      -0.59       0.17
      8.03       0.00      -0.01
      8.01      -0.29       0.00
      8.41      -0.39       0.51
      8.35      -0.23       0.33
      8.25      -0.27       0.53
      8.46      -0.60       0.54
      8.31      -0.17       0.29
      8.18      -0.78      -0.06
      8.31      -0.69       0.25
      8.30      -0.29       0.07
      7.91      -0.17      -0.04
      7.74      -0.47      -0.03
      7.91      -0.41      -0.13
      7.91      -0.29      -0.25
      8.33      -1.17       0.21
      8.84      -1.11       0.10
      8.72      -0.59       0.13
      8.67      -0.85       0.21
      9.23      -0.51       0.12
      9.23       0.09       0.22
      9.13      -0.04       0.03
      8.64      -0.08      -0.05
      8.09       0.54      -0.33
      8.12       0.39      -0.14
      7.89       0.65       0.20
      8.22       0.11       0.27
      7.71       0.55      -0.03
      7.68       0.18       0.08
      7.83      -0.09       0.31
      7.48      -0.38       0.15
      7.37      -0.39      -0.04
      7.83      -0.53       0.05
      8.10      -0.65      -0.44
      8.08      -0.54      -0.81
      7.72      -0.55      -0.56
      7.64      -0.41       0.10
      7.82      -0.12      -0.10
      7.72       0.22      -0.42
      7.92      -0.17       0.05
      8.46      -0.20      -0.12
      8.67       0.25       0.00
      8.86       0.63      -0.06
      9.04       0.08      -0.28
      9.21       0.66       0.12
      8.87       0.44      -0.05
      8.31       0.36       0.01
      8.47       0.59       0.02
      8.41       0.50      -0.25
      8.25       0.49      -0.31
      8.64       0.45      -0.13
      8.92       0.68      -0.10
      8.55       0.55       0.29
      8.88       0.56       0.08
      8.81       0.49      -0.13
      8.74       0.65      -0.09
      8.35       0.16      -0.04
      7.45      -0.24      -0.06
      7.72      -0.11       0.17
      8.09      -0.33      -0.01
      7.88      -0.07       0.17
      8.69      -0.13      -0.01
      8.45      -0.53      -0.00
      8.10      -0.29       0.40
      8.52      -0.22       0.17
      8.10       0.16       0.00
      8.08       0.43       0.15
      8.09       0.25       0.17
      7.64       0.25       0.33
      8.01      -0.10       0.26
      7.64      -0.24       0.30
      8.16       0.07       0.07
      8.10      -0.10       0.36
      8.11       0.10       0.07
      7.75      -0.12      -0.19
      7.93       0.10      -0.28
      7.44       0.77       0.08
      6.87       0.61       0.55
      6.93       0.26       0.02
      6.69       0.66      -0.03
      7.09       0.10       0.29
      7.25       0.33       0.24
      7.17       0.08       0.00
      7.06       0.11       0.02
      6.97      -0.05      -0.25
      6.91      -0.42      -0.28
      6.81      -0.77       0.10
      6.83      -0.14      -0.55
      7.24      -0.26      -0.30
      7.41       0.08       0.14
      7.04       0.07       0.17
      7.67      -0.11       0.14
      7.68       0.09       0.00
      7.40       0.42       0.06
      7.14       0.45      -0.19
      7.31       0.65      -0.23
      7.73       0.29      -0.27
      7.64      -0.03      -0.27
      7.70      -0.40       0.01
      8.20      -0.12      -0.10
      8.16      -0.71      -0.25
      7.98      -0.21       0.10
      8.32      -0.13      -0.25
      8.53      -0.67       0.06
      8.02      -0.01       0.29
      8.29      -0.13       0.76
      8.62      -0.28       0.54
      8.39      -0.34      -0.14
      8.32      -0.22       0.19
      8.71       0.15       0.01
      8.77       0.15       0.25
      8.32      -0.25      -0.02
      8.12      -0.44       0.17
      7.85      -0.34       0.07
      8.04      -0.30      -0.35
      8.31      -0.94       0.23
      8.56      -0.85       0.17
      8.77      -0.67       0.10
      9.13      -0.59      -0.05
      9.05      -0.62       0.00
      9.31      -0.07       0.15
      9.30      -0.48      -0.05
      8.93       0.14       0.26
      8.49       0.39       0.29
      8.10       0.20       0.19
      7.99       0.18      -0.43
      8.13       0.13       0.18
      7.83       0.64       0.01
      7.37       0.47       0.10
      7.94       0.39      -0.06
      8.16      -0.13      -0.14
      8.16      -0.08       0.16
      8.35      -0.54      -0.29
      8.00      -0.60      -0.15
      7.82      -0.87      -0.22
      7.83      -0.58      -0.49
      7.77      -0.40      -0.07
      8.02      -0.67      -0.27
      7.95      -0.51      -0.33
      8.42      -0.53       0.10
      8.71      -0.14      -0.27
      8.60      -0.02      -0.10
      8.97      -0.22       0.19
      9.42       0.09       0.20
      9.53       0.47       0.24
      9.39      -0.14       0.23
      8.58       0.44       0.03
      8.53       0.50      -0.16
      8.52       0.49       0.01
      8.36       0.35      -0.12
      8.49       0.66      -0.23
      8.45       0.02      -0.18
      8.73       0.29      -0.21
      8.70       0.29      -0.27
      8.52       0.54       0.14
      8.94       0.74       0.01
      7.83       0.36       0.10
      7.96       0.58      -0.21
      7.88       0.13       0.22
      7.90       0.14      -0.29
      7.74      -0.07       0.22
      8.55      -0.43       0.12
      8.33      -0.04       0.21
      7.79      -0.15       0.13
      7.70       0.06       0.40
      7.77       0.38       0.06
      7.92       0.50       0.03
      7.57       0.23      -0.03
      7.45       0.56       0.49
      7.79       0.35       0.38
      7.38      -0.02       0.34
      7.87      -0.19       0.19
      7.89       0.32       0.18
      7.72       0.29       0.36
      7.21      -0.37      -0.01
      7.28       0.04      -0.20
      7.45      -0.04      -0.18
      6.82       0.59       0.14
      6.85       0.30       0.37
      6.77       0.32      -0.08
      6.81      -0.04      -0.03
      6.99       0.23       0.19
      6.82       0.10       0.15
      6.76       0.21       0.33
      6.95      -0.08      -0.13
      6.87      -0.22      -0.18
      6.94      -0.25      -0.33
      6.93       0.13      -0.00
      7.32      -0.29      -0.20
      7.62      -0.46       0.29
      7.46      -0.04       0.23
      7.58      -0.20       0.04
      7.73       0.24       0.20
      7.46       0.23      -0.17
      7.51       0.39      -0.34
      7.38       0.63       0.16
      7.41       0.49       0.01
      7.83       0.16       0.00
      7.53      -0.20      -0.02
      8.04      -0.17      -0.15
      8.34      -0.89       0.19
      8.19      -0.28       0.15
      7.99      -0.60       0.07
      8.13      -0.72      -0.08
      8.29      -0.12       0.18
      8.56       0.19       0.26
      8.74      -0.18       0.21
      8.23      -0.18      -0.25
      7.89      -0.54       0.03
      8.38       0.02       0.13
      8.56       0.36       0.15
      8.24      -0.02      -0.04
      8.30      -0.16      -0.11
      8.40      -0.34      -0.08
      8.01      -0.86      -0.20
      8.35      -0.65      -0.19
      8.59      -0.75       0.04
      8.86      -0.51       0.08
      9.33      -0.42       0.02
      9.36      -0.18      -0.17
      9.47      -0.14       0.07
      8.84      -0.10       0.18
      9.02       0.02       0.18
      8.73       0.65       0.31
      8.30       0.28       0.13
      8.17       0.10       0.26
      7.98       0.02      -0.41
      8.23       0.60       0.15
      8.01       0.70       0.23
      7.93       0.70       0.06
      7.95      -0.04       0.12
      7.97      -0.40      -0.27
      8.08      -0.29      -0.36
      7.87      -0.40       0.10
      7.76      -0.25      -0.45
      8.02      -0.35      -0.40
      8.00      -0.45      -0.20
      8.32      -0.64      -0.30
      8.26      -0.25      -0.29
      8.98      -0.07      -0.06
      8.93      -0.36      -0.04
      8.71      -0.19       0.23
      8.85      -0.07       0.03
      8.85       0.13       0.28
      9.20      -0.15       0.22
      9.15      -0.10       0.18
      8.68       0.05      -0.12
      8.90       0.58      -0.19
      8.53       0.57      -0.02
      8.29       0.56      -0.21
      8.38       0.91      -0.21
      8.14       0.91      -0.19
      8.41       0.73      -0.17
      8.30       0.58      -0.28
      8.27       0.56       0.09
      8.61       0.59       0.38
      8.37       0.53       0.29
      8.19       0.34       0.11
      8.04       0.36      -0.06
      7.90      -0.37       0.36
      8.32       0.07       0.53
      8.21      -0.21       0.51
      8.41      -0.32       0.63
      8.07      -0.01       0.11
      7.79       0.43      -0.13
      8.42       0.47       0.08
      8.08       0.38      -0.31
      7.92       0.21       0.12
      7.92       0.89       0.25
      7.44       0.26       0.25
      7.28      -0.14       0.20
      7.71       0.17       0.12
      7.90       0.07       0.49
      7.67       0.22       0.45
      7.30      -0.14       0.36
      7.20       0.20       0.30
      7.23       0.29       0.27
      6.99       0.18       0.17
      6.82       0.22      -0.03
      7.11       0.31       0.25
      7.00      -0.17      -0.23
      7.15       0.06      -0.20
      7.18      -0.24       0.25
      6.87      -0.34       0.49
      7.20      -0.14      -0.20
      7.40      -0.73      -0.16
      6.87      -0.11      -0.31
      6.61       0.32       0.08
      7.22       0.08      -0.26
      7.62      -0.07       0.28
      7.61      -0.28      -0.07
      7.37      -0.08       0.00
      7.26       0.11       0.25
      7.14       0.30      -0.40
      7.44       0.29      -0.42
      7.70       0.10      -0.04
      7.66       0.15       0.04
      7.46      -0.23      -0.17
      7.38      -0.12      -0.08
      7.54      -0.16       0.09
      7.92      -0.41       0.37
      7.81      -0.45       0.16
      8.32      -0.61       0.40
      8.37      -0.68      -0.03
      8.24      -0.49      -0.20
      8.63       0.11      -0.33
      8.92      -0.32      -0.18
      8.73      -0.58      -0.25
      8.29      -0.72      -0.04
      8.24      -0.01       0.18
      8.21       0.10       0.55
      8.42      -0.27       0.04
      8.39      -0.09       0.02
      8.32      -0.31      -0.23
      8.12      -0.43      -0.12
      8.12      -0.62       0.15
      8.26      -1.02      -0.26
      8.32      -0.84       0.06
      8.76      -0.35       0.20
      8.50       0.05      -0.09
      8.92      -0.09      -0.22
      9.03       0.48       0.25
      9.09       0.15      -0.14
      8.51       0.35       0.29
      7.98       0.26       0.31
      8.08       0.18       0.24
      8.27       0.35       0.03
      8.07       0.71      -0.14
      7.70       0.79       0.11
      7.51       0.46       0.14
      7.61      -0.01      -0.09
      8.13      -0.26      -0.29
      8.26      -0.19      -0.16
      7.92      -0.30       0.14
      8.03      -0.64       0.02
      8.26      -0.88      -0.41
      8.13      -0.54      -0.36
      8.42      -0.57      -0.42
      8.33      -0.36       0.31
      9.06      -0.27       0.01
      8.65       0.13      -0.32
      8.39       0.56       0.25
      8.15       0.43       0.25
      9.04       0.81      -0.08
      8.88       0.61      -0.12
      9.17       0.37       0.19
      9.17       0.52       0.11
      8.70       0.58      -0.28
      8.26       0.54       0.25
      8.52       0.34      -0.07
      7.94       0.61      -0.04
      8.16       0.47      -0.06
      8.25       0.66      -0.09
      8.12       0.94      -0.31
      7.99       0.42      -0.14
      8.36       0.31       0.57
      8.28       0.41       0.43
      8.01       0.12       0.33
      7.75       0.39       0.28
      8.02       0.25       0.19
      8.37      -0.30       0.30
      8.03      -0.28      -0.02
      8.16      -0.33       0.42
      8.03      -0.06       0.28
      8.38       0.31       0.06
      8.71       0.26      -0.14
      8.38       0.26      -0.43
      8.38       0.70       0.05
      8.26       0.30      -0.01
      7.92       0.11      -0.03
      7.98       0.10       0.15
      8.17      -0.08      -0.21
      7.61       0.33       0.27
      7.45       0.14       0.40
      7.46      -0.11       0.59
      7.34       0.48       0.47
      7.12       0.34       0.40
      6.97      -0.09       0.13
      6.21      -0.39      -0.16
      7.05       0.02       0.14
      6.93      -0.28      -0.12
      6.96      -0.49       0.09
      6.89      -0.67       0.19
      6.96      -0.39       0.51
      6.94      -0.10       0.10
      7.41      -0.40      -0.10
      7.29      -0.28      -0.38
      7.42      -0.26      -0.02
      7.68       0.07      -0.05
      7.67      -0.02       0.51
      7.60      -0.31      -0.05
      7.26       0.38       0.15
      7.41      -0.12      -0.17
      7.30      -0.29      -0.20
      7.36      -0.00      -0.53
      7.55       0.46      -0.34
      7.72       0.02       0.03
      7.58      -0.03      -0.06
      7.46      -0.35      -0.10
      7.60      -0.32       0.09
      7.73      -0.16       0.52
      7.91      -0.65       0.09
      8.81      -0.59       0.13
      8.62      -0.14       0.13
      8.28      -0.21      -0.14
      8.69      -0.07      -0.19
      8.66      -0.55      -0.43
      8.75      -1.04      -0.33
      8.70      -0.71      -0.03
      8.21       0.37       0.38
      8.09      -0.30       0.10
      8.36       0.15      -0.07
      8.47       0.47      -0.20
      8.39      -0.53       0.05
      8.66      -0.76      -0.33
      8.28      -0.99      -0.24
      8.35      -0.41      -0.06
      8.21      -0.28      -0.09
      8.23      -0.04       0.16
      8.56       0.04      -0.09
      9.01       0.35       0.38
      9.22       0.24      -0.18
      9.05       0.39      -0.04
      8.50       0.23       0.03
      8.38       0.30       0.26
      8.23       0.82      -0.06
      8.27       0.47      -0.14
      8.20       0.19      -0.15
      7.72       0.17       0.36
      7.40       0.11       0.19
      7.50       0.06       0.20
      8.03      -0.37      -0.18
      8.06      -0.42      -0.13
      7.84      -0.13      -0.02
      7.94      -0.10      -0.19
      7.93      -0.41      -0.17
      7.69      -0.43      -0.45
      8.22      -0.37      -0.16
      8.37      -0.21       0.35
      8.44      -0.33      -0.19
      8.73      -0.06      -0.34
      8.68       0.28      -0.08
      8.44       0.13       0.53
      8.73       0.64      -0.02
      8.85       0.62       0.08
      8.85       0.44       0.04
      8.63       0.46       0.03
      8.59       0.54       0.27
      8.62       0.45       0.45
      8.68       0.36      -0.11
      8.62       0.77      -0.09
      8.11       0.19      -0.18
      8.18       0.51      -0.55
      7.84       0.52      -0.03
      8.21       0.45       0.08
      8.47       0.56       0.24
      8.37       0.44       0.07
      7.69      -0.03       0.11
      7.81      -0.07       0.12
      7.74       0.27       0.32
      7.85      -0.08       0.10
      7.83      -0.15       0.19
      7.76      -0.35       0.40
      8.01       0.31      -0.06
      8.48       0.20       0.09
      8.46       0.29      -0.02
      8.76       0.14      -0.29
      9.11       0.65      -0.05
      8.63       0.31       0.15
      8.20       0.20       0.29
      8.56       0.01       0.17
      8.32       0.02       0.21
      7.67      -0.08       0.55
      8.06       0.16       0.64
      7.92       0.41       0.40
      7.48       0.44       0.69
      7.32       0.04       0.31
      7.22      -0.43       0.27
      6.69      -0.47       0.07
      7.23      -0.52      -0.09
      7.69      -0.37      -0.13
      7.28      -0.21       0.08
      7.27      -0.52       0.30
      7.34      -0.19       0.20
      6.88      -0.05       0.16
      7.18       0.11       0.18
      6.94      -0.43       0.29
      7.11      -0.14       0.05
      7.50      -0.13      -0.10
      7.69       0.39       0.37
      7.80      -0.02       0.34
      7.34      -0.20       0.12
      7.39      -0.21       0.03
      7.30       0.16      -0.36
      7.55       0.25      -0.30
      7.56       0.32      -0.25
      7.75      -0.06      -0.30
      7.62      -0.02      -0.01
      7.73      -0.08       0.09
      7.84      -0.50       0.04
      8.32       0.06       0.18
      8.10      -0.84      -0.15
      8.75      -0.37      -0.30
      8.65       0.23       0.04
      8.60      -0.41       0.25
      8.68      -0.39       0.11
      8.38      -0.51      -0.39
      8.60      -0.85      -0.52
      8.51      -0.75      -0.22
      8.26       0.31       0.17
      8.02      -0.13       0.20
      7.80      -0.11      -0.05
      8.05       0.23      -0.44
      8.28       0.20      -0.33
      8.33       0.15      -0.01
      8.02      -0.60      -0.37
      7.88      -0.18       0.11
      7.99      -0.12      -0.22
      8.06      -0.93      -0.05
      8.46      -0.38       0.12
      8.51       0.22       0.12
      8.75       0.11      -0.11
      8.89       0.48       0.12
      8.63       0.30       0.28
      8.22       0.15       0.31
      7.68       0.81      -0.15
      8.20       0.29      -0.06
      7.81       0.25      -0.19
      7.86       0.21      -0.03
      7.49       0.00       0.18
      7.63       0.13      -0.09
      7.63       0.01      -0.10
      8.11      -0.06      -0.38
      8.37      -0.15       0.10
      8.84       0.08       0.11
      8.25      -0.26      -0.39
      8.30      -0.56      -0.32
      8.23      -0.33      -0.18
      8.41      -0.07       0.11
      8.76      -0.03      -0.02
      8.72      -0.23       0.04
      8.79       0.18       0.23
      8.76      -0.04       0.35
      8.90       0.48       0.26
      8.60       0.09       0.13
      8.56       0.30      -0.10
      9.06       0.24       0.28
      8.87       0.32       0.48
      8.24       0.70      -0.07
      8.75       0.60       0.26
      8.98       0.05      -0.00
      8.74      -0.48       0.06
      8.47       0.10      -0.21
      8.50      -0.28      -0.20
      8.62       0.25      -0.10
      8.25       0.22       0.05
      8.84       0.25       0.41
      8.44      -0.38       0.01
      7.46       0.08      -0.01
      7.48       0.36      -0.02
      7.82       0.27      -0.19
      7.48       0.11      -0.11
      7.70      -0.19       0.18
      7.79       0.46      -0.03
      7.99       0.05       0.14
      8.62       0.05       0.35
      8.92      -0.19       0.50
      9.19      -0.05       0.35
      8.86      -0.04       0.39
      8.44      -0.26       0.25
      8.70      -0.17       0.03
      8.57      -0.20      -0.11
      7.88       0.42       0.31
      8.34       0.22       0.65
      7.84       0.39       0.41
      7.61       0.52       0.59
      7.71      -0.04       0.12
      7.38      -0.29       0.13
      7.32      -0.19       0.36
      7.24      -0.15       0.14
      7.47      -0.21       0.07
      7.33      -0.28       0.23
      7.49      -0.55       0.17
      7.41      -0.27       0.19
      7.01      -0.34      -0.25
      7.23      -0.16       0.11
      7.68      -0.35      -0.08
      7.68      -0.03      -0.15
      7.71       0.27      -0.17
      8.10       0.20       0.20
      7.54      -0.21       0.12
      7.46      -0.59       0.25
      7.32      -0.40       0.43
      7.24       0.24       0.12
      7.16       0.09       0.04
      7.44       0.13      -0.04
      7.69      -0.23      -0.63
      7.80      -0.05      -0.35
      8.27      -0.10       0.02
      7.88      -0.49      -0.12
      7.97      -0.57       0.11
      8.82      -0.61       0.06
      8.58      -0.38       0.12
      8.46       0.16       0.15
      8.23      -0.09       0.23
      8.31      -0.49       0.01
      8.48      -1.37      -0.07
      8.62      -0.91      -0.46
      8.65      -0.91      -0.18
      8.04       0.10      -0.18
      7.90      -0.30      -0.13
      7.86       0.03       0.01
      7.91       0.02      -0.34
      7.77      -0.12       0.22
      8.04      -0.04      -0.01
      7.88      -0.11      -0.15
      7.98      -0.26       0.02
      7.97      -0.00      -0.01
      7.99      -0.69       0.19
      8.02      -0.34       0.16
      8.27       0.02      -0.21
      8.89       0.32       0.15
      8.65       0.70      -0.07
      8.58       0.31       0.15
      8.55       0.47      -0.10
      8.37       0.72       0.27
      8.60       0.27      -0.20
      8.39       0.33      -0.19
      8.05       0.11       0.06
      7.92       0.11       0.08
      8.30       0.36      -0.07
      8.14       0.15       0.08
      8.22       0.06      -0.28
      8.07      -0.28      -0.21
      7.85      -0.34       0.09
      8.14      -0.54      -0.35
      8.40      -0.33      -0.42
      8.47      -0.08      -0.10
      8.58      -0.55      -0.05
      8.97      -0.06      -0.12
      8.68       0.07       0.30
      8.76       0.44      -0.19
      9.08       0.30       0.10
      8.81      -0.15       0.07
      8.45       0.11       0.09
      8.80       0.33       0.33
      8.87       0.32       0.20
      8.18       0.45       0.02
      8.25       0.88       0.44
      8.23       0.92       0.40
      8.86       0.09       0.18
      8.61      -0.36       0.01
      8.63      -0.07      -0.17
      8.58      -0.29      -0.07
      9.12      -0.16      -0.08
      8.68      -0.32      -0.06
      8.56      -0.21       0.53
      7.86      -0.10      -0.21
      7.50      -0.05      -0.04
      7.73       0.25       0.11
      7.59       0.10       0.00
      7.90      -0.08       0.38
      7.70      -0.37       0.10
      7.92       0.25       0.22
      8.01       0.12       0.14
      8.78      -0.23       0.11
      8.90      -0.09       0.02
      8.75       0.02       0.28
      8.34      -0.11       0.01
      8.38      -0.06       0.25
      8.28       0.18       0.28
      8.07       0.13       0.15
      8.61       0.11       0.40
      7.81      -0.24       0.66
      7.34       0.10       0.40
      7.29       0.15       0.31
      7.25       0.42       0.24
      7.26      -0.13       0.50
      6.97      -0.13       0.03
      7.40      -0.09       0.03
      7.48       0.03       0.11
      7.49      -0.18      -0.08
      7.78      -0.32       0.30
      7.31      -0.48       0.17
      7.63      -0.24       0.01
      7.41      -0.21       0.10
      7.31      -0.67      -0.12
      7.35      -0.09       0.09
      7.57       0.45      -0.40
      7.59       0.41      -0.26
      7.66      -0.14       0.22
      7.39      -0.65       0.05
      7.46      -0.13       0.02
      7.09       0.06       0.17
      7.05       0.30       0.01
      7.33      -0.85      -0.13
      7.61      -0.23      -0.44
      7.81      -0.56       0.05
      7.84       0.33      -0.54
      8.19      -0.23      -0.23
      8.04      -0.53      -0.06
      8.53      -0.36      -0.04
      8.31      -0.74      -0.31
      8.22      -0.61       0.37
      8.44      -0.21       0.26
      8.70      -0.43       0.22
      8.46      -0.93      -0.03
      8.38      -1.28      -0.14
      8.37      -0.74      -0.46
      7.65       0.31       0.09
      7.61       0.03      -0.14
      7.96       0.19      -0.06
      7.53       0.16       0.02
      7.26      -0.13       0.06
      7.75       0.15       0.06
      8.14      -0.03       0.03
      7.83      -0.38       0.11
      7.91       0.09       0.40
      7.61      -0.35      -0.08
      7.70      -0.58       0.21
      8.02      -0.42       0.01
      8.42       0.33      -0.09
      8.53       0.36      -0.15
      8.20       0.38      -0.35
      8.21       0.23      -0.02
      8.53       0.40      -0.07
      8.44       0.01       0.05
      8.46       0.25      -0.21
      8.44      -0.24       0.21
      8.40      -0.03       0.19
      8.80       0.18       0.31
      8.20       0.17      -0.12
      8.10       0.15      -0.38
      8.36      -0.26      -0.35
      8.35      -0.72      -0.57
      8.47      -0.48      -0.28
      8.48      -0.13      -0.31
      8.58       0.15      -0.01
      9.02      -0.72       0.27
      9.11      -0.11       0.06
      8.96       0.46       0.25
      8.65       0.61      -0.11
      8.94       0.68       0.04
      8.96       0.23       0.33
      8.70       0.29       0.26
      8.65       0.58       0.06
      8.76       0.32       0.23
      8.88       0.93      -0.12
      8.52       0.50      -0.09
      8.70       0.49       0.20
      9.09       0.72       0.21
      8.68       0.32      -0.06
      8.46       0.08      -0.15
      8.79      -0.56      -0.00
      8.68      -0.55       0.45
      8.92      -0.13      -0.07
      8.95       0.15       0.04
      8.38      -0.12      -0.04
      8.60       0.35       0.19
      8.28      -0.12       0.28
      7.91       0.15       0.22
      7.84       0.03       0.01
      7.90      -0.17      -0.14
      8.41       0.47       0.28
      8.72      -0.18       0.26
      8.39      -0.16      -0.02
      8.71      -0.41       0.04
      8.41      -0.17       0.01
      8.60      -0.45       0.01
      8.43       0.01       0.29
      8.03      -0.14       0.43
      7.99      -0.26       0.10
      8.21      -0.19       0.28
      7.36      -0.16       0.11
      7.56      -0.01       0.31
      7.49       0.30       0.37
      7.68       0.31       0.70
      7.07      -0.02      -0.03
      6.72      -0.40       0.26
      7.25      -0.01      -0.21
      7.67       0.24      -0.08
      7.68      -0.09       0.09
      7.58      -0.15       0.40
      7.44      -0.39      -0.09
      7.92       0.15       0.18
      7.60      -0.34       0.10
      7.38      -0.31      -0.26
      7.69      -0.15       0.01
      7.54       0.10      -0.41
      7.61      -0.04      -0.03
      7.72      -0.66       0.39
      7.78      -0.63       0.37
      7.49      -0.18      -0.02
      7.39      -0.48       0.18
      7.24       0.09      -0.14
      7.81      -0.19      -0.28
      7.79      -0.33      -0.44
      7.88      -0.14      -0.39
      7.91       0.26      -0.31
      7.74       0.09      -0.15
      7.75      -0.30      -0.04
      8.04      -0.47      -0.18
      8.32      -0.51       0.25
      8.29      -0.39       0.21
      8.32      -0.24       0.20
      8.52      -1.03       0.03
      8.37      -0.84      -0.10
      8.66      -1.27      -0.17
      8.13      -0.60      -0.03
      7.89       0.25       0.23
      7.99      -0.12      -0.21
      8.16       0.17       0.23
      7.65       0.35       0.24
      7.77       0.05       0.49
      7.74      -0.07       0.25
      7.80      -0.23       0.23
      7.79      -0.10       0.29
      7.79      -0.24       0.50
      7.82      -0.26       0.35
      7.68      -0.45       0.18
      7.93       0.04       0.27
      8.29       0.11       0.23
      8.55       0.21      -0.04
      8.55       0.57      -0.51
      8.49       0.26       0.15
      8.88       0.39       0.24
      9.11      -0.15       0.06
      8.80      -0.04       0.09
      8.46      -0.28       0.03
      8.95       0.09      -0.12
      8.47       0.25       0.12
      8.56       0.30      -0.14
      8.29       0.34      -0.24
      8.66      -0.45       0.07
      9.07      -0.26      -0.38
      8.54      -0.60      -0.40
      8.70      -0.44      -0.34
      8.57      -0.22      -0.02
      8.94      -0.53       0.15
      9.07      -0.26       0.36
      9.16       0.14       0.20
      8.98       0.27      -0.50
      8.83       0.52      -0.02
      8.74       0.35       0.43
      8.87       0.16      -0.12
      8.79       0.28       0.29
      8.92       0.28       0.12
      8.58       0.74      -0.09
      8.63       0.23       0.00
      9.31      -0.09       0.24
      9.25      -0.08       0.17
      9.13       0.32       0.10
      9.10       0.09       0.07
      8.82       0.19       0.11
      8.55      -0.02       0.19
      8.87       0.26      -0.18
      8.57       0.55       0.06
      8.59       0.55      -0.03
      8.89       0.53      -0.09
      8.12       0.42      -0.03
      8.04      -0.05      -0.10
      7.94      -0.05       0.15
      8.12      -0.24      -0.05
      8.32       0.27       0.14
      8.37      -0.07       0.38
      8.39      -0.10      -0.04
      8.14      -0.01       0.07
      7.95       0.19       0.20
      8.35      -0.26       0.18
      7.87      -0.09       0.21
      7.90       0.05       0.17
      7.82      -0.41       0.14
      7.91      -0.31       0.26
      7.32      -0.42       0.51
      7.72       0.15       0.16
      7.41       0.33       0.20
      8.00       0.18       0.09
      7.07       0.27       0.00
      7.21      -0.46       0.42
      7.41       0.02       0.08
      7.28      -0.06      -0.12
      7.34      -0.11       0.10
      7.97      -0.03      -0.02
      7.57      -0.65       0.23
      7.80       0.23      -0.31
      8.07       0.27      -0.04
      7.73      -0.19      -0.12
      7.77       0.29       0.05
      7.52      -0.15      -0.23
      7.42       0.02       0.15
      7.70      -0.10       0.31
      8.07       0.08       0.28
      7.38      -0.51      -0.19
      7.42      -0.62      -0.00
      7.43      -0.05      -0.08
      7.80      -0.38      -0.16
      7.72      -0.25      -0.34
      7.65      -0.39      -0.28
      7.76      -0.40      -0.20
      7.56      -0.00      -0.07
      7.54      -0.33      -0.08
      7.85      -0.08       0.09
      8.09      -0.51       0.18
      8.45      -0.85       0.31
      8.15      -0.94       0.69
      7.97      -1.03       0.18
      7.74      -1.02       0.15
      8.11      -1.31      -0.07
      7.97      -0.80       0.05
      8.01       0.35       0.13
      8.18      -0.07       0.45
      8.28       0.33       0.35
      7.79       0.38       0.19
      7.49      -0.43       0.14
      8.00       0.06       0.47
      7.75      -0.68      -0.02
      7.60      -0.56       0.00
      7.93      -0.12      -0.05
      8.29      -0.22       0.09
      8.25       0.00      -0.00
      8.08       0.19      -0.05
      8.52       0.40       0.29
      8.58       0.14       0.00
      9.11       0.09       0.20
      8.83       0.21       0.13
      8.95      -0.23       0.42
      8.71      -0.36       0.00
      8.87      -0.23      -0.47
      8.52      -0.52       0.03
      8.83      -0.23       0.12
      8.88       0.00       0.12
      8.76       0.24      -0.20
      8.65       0.07       0.20
      8.64       0.01      -0.11
      9.03      -0.24      -0.10
      8.74      -0.40      -0.37
      8.62      -0.20      -0.34
      8.93       0.18      -0.34
      9.12      -0.01      -0.10
      8.77       0.01       0.37
      8.87       0.34       0.15
      8.68       0.66      -0.49
      8.84       0.48      -0.13
      8.63       0.32      -0.03
      8.66       0.32       0.01
      8.81       0.39      -0.02
      9.03       0.54       0.04
      8.76       0.80      -0.06
      9.35       0.46       0.43
      9.20       0.02       0.47
      9.55       0.10      -0.01
      9.13      -0.13       0.18
      8.63      -0.14       0.11
      8.80      -0.04       0.23
      8.42       0.65       0.24
      8.11       0.39       0.25
      8.01      -0.03       0.05
      8.62       0.47       0.19
      8.44       0.18      -0.12
      8.40      -0.10      -0.31
      8.23      -0.53       0.10
      8.18      -0.38      -0.02
      8.25      -0.17      -0.18
      8.47       0.31       0.24
      8.04       0.51      -0.16
      8.08       0.04       0.38
      8.28       0.31       0.25
      7.59       0.63       0.26
      8.15      -0.05       0.33
      8.17       0.06       0.24
      8.03      -0.36       0.38
      8.05      -0.63       0.25
      7.73      -0.76       0.45
      7.30      -0.39       0.22
      7.57       0.20       0.17
      7.26       0.52      -0.14
      7.59       0.81       0.17
      7.16       0.27       0.04
      7.48       0.28       0.16
      7.66       0.17       0.04
      7.35       0.24      -0.01
      7.62      -0.08       0.14
      8.09      -0.30      -0.19
      7.67      -0.59       0.27
      7.90      -0.42      -0.28
      7.54      -0.17       0.16
      7.76      -0.08      -0.16
      7.63       0.41       0.02
      7.70      -0.31      -0.31
      7.77      -0.10       0.44
      7.91      -0.06       0.31
      8.23      -0.49       0.13
      8.12      -0.25      -0.31
      7.50      -0.17      -0.19
      7.85      -0.17      -0.24
      7.92       0.33      -0.33
      7.71       0.19      -0.20
      7.87      -0.40      -0.34
      7.87      -0.58      -0.04
      7.62      -0.58       0.00
      7.94      -0.44      -0.01
      7.92      -0.27      -0.22
      7.93      -0.34       0.02
      8.23      -0.74       0.17
      8.20      -0.84       0.36
      8.25      -1.15      -0.05
      7.98      -1.11      -0.17
      7.71      -1.34       0.26
      7.63      -1.05      -0.05
      8.04       0.08       0.09
      8.15       0.16       0.54
      8.25       0.19       0.15
      8.06       0.34       0.17
      8.00      -0.11       0.16
      8.54      -0.27       0.46
      7.98      -0.45       0.18
      7.85      -0.21       0.16
      8.05      -0.05      -0.23
      8.34      -0.07       0.20
      8.17       0.23       0.14
      8.30       0.08      -0.15
      8.91       0.37       0.15
      8.61       0.45      -0.12
      8.72       0.34       0.06
      8.94       0.06      -0.04
      9.27      -0.20       0.18
      9.14      -0.57       0.11
      9.05      -0.86      -0.10
      9.27      -0.27      -0.17
      9.03      -0.16       0.19
      9.25      -0.02      -0.20
      8.73      -0.16       0.06
      8.74      -0.33       0.44
      8.71      -0.08      -0.20
      8.85       0.30      -0.15
      8.57       0.64      -0.19
      8.11      -0.09      -0.20
      9.00       0.35       0.16
      9.38       0.16      -0.13
      8.54       0.33      -0.23
      8.41       0.51      -0.02
      8.60       0.61      -0.12
      8.83       0.58       0.09
      8.67       0.09      -0.21
      8.75       0.33       0.14
      8.97       0.64       0.26
      8.84       0.73       0.19
      9.02       0.62       0.12
      9.03       0.55       0.34
      8.90      -0.01       0.39
      9.07       0.06       0.48
      8.57      -0.55       0.36
      8.32      -0.50       0.13
      8.35      -0.22      -0.18
      8.15       0.43      -0.13
      8.27       0.36      -0.00
      8.52      -0.19       0.03
      8.28       0.14       0.23
      8.00       0.23      -0.02
      7.56       0.17       0.00
      7.95      -0.48       0.08
      7.63      -0.17       0.19
      8.05      -0.22      -0.25
      8.42       0.19       0.09
      8.26       0.22       0.02
      7.96       0.03       0.34
      8.24      -0.08       0.28
      8.33      -0.20       0.15
      8.24      -0.24       0.09
      8.12      -0.02       0.29
      8.21       0.01       0.19
      8.30      -0.54       0.12
      7.29      -0.64       0.23
      7.20      -0.43       0.21
      6.96       0.95       0.34
      7.06       0.38       0.01
      7.27       0.13      -0.08
      7.60       0.16       0.00
      7.30       0.51       0.22
      7.19      -0.12       0.29
      7.64       0.31       0.11
      7.94       0.28       0.18
      7.97      -0.20       0.08
      7.67      -0.52      -0.28
      7.75      -0.58      -0.25
      7.43      -0.13       0.11
      7.38       0.17      -0.27
      7.47       0.59      -0.04
      7.59       0.32      -0.21
      7.54       0.01       0.34
      7.43      -0.04       0.44
      7.60      -0.11      -0.01
      7.33      -0.45      -0.04
      6.99      -0.27       0.03
      7.23      -0.69      -0.10
      7.09       0.11      -0.11
      7.80       0.09      -0.51
      7.90      -0.33      -0.49
      7.84      -0.62       0.18
      7.45      -0.29      -0.06
      7.67      -0.76       0.13
      7.68      -0.32      -0.12
      7.80      -0.52       0.20
      7.81      -0.44       0.42
      8.15      -0.59      -0.05
      8.21      -0.95       0.21
      8.48      -1.18       0.02
      8.48      -0.76       0.34
      8.60      -0.71       0.44
      7.29      -0.03       0.15
      7.63       0.12       0.26
      8.20       0.55       0.27
      8.03       0.72      -0.04
      8.11       0.47       0.41
      7.79      -0.50       0.37
      8.05      -0.62       0.06
      8.23      -0.44       0.22
      8.07      -0.40       0.06
      8.47      -0.06       0.17
      8.46       0.15      -0.35
      8.55       0.02       0.10
      8.52       0.56      -0.11
      8.70       0.25       0.32
      8.68       0.64      -0.14
      8.67       0.02      -0.33
      9.14       0.17       0.03
      9.26      -0.40       0.01
      9.53      -0.76       0.09
      9.20      -0.52      -0.41
      9.29      -0.23       0.32
      9.11      -0.29      -0.09
      8.66      -0.24      -0.13
      8.75      -0.06       0.19
      9.11       0.24      -0.27
      8.83       0.23      -0.28
      8.60       0.68       0.07
      8.91       0.47      -0.09
      8.85       0.28      -0.10
      8.84       0.28      -0.19
      8.27       0.73      -0.20
      8.30       0.64       0.08
      8.66       0.43      -0.08
      8.81       1.12       0.10
      8.93       0.45      -0.07
      9.02       0.20       0.05
      9.19       0.24       0.20
      9.18       0.41       0.14
      9.15       0.38       0.16
      9.00       0.18       0.13
      8.85       0.70       0.28
      8.93       0.21       0.33
      8.89      -0.38       0.29
      8.35       0.04      -0.05
      8.17       0.31       0.30
      7.97       0.23       0.19
      8.42       0.16      -0.14
      8.26       0.14      -0.08
      8.30      -0.03      -0.11
      7.90       0.32       0.19
      7.99      -0.16      -0.11
      7.65      -0.11      -0.07
      8.07      -0.50      -0.17
      7.83      -0.46      -0.04
      8.27      -0.39       0.32
      8.24      -0.00       0.26
      8.23       0.38       0.38
      8.34       0.27       0.40
      8.22      -0.29       0.31
      8.61      -0.22       0.39
      8.43      -0.21       0.33
      8.48       0.13       0.59
      8.20      -0.69       0.20
      7.49      -0.46       0.37
      7.68      -0.24       0.38
      7.33       0.21       0.22
      7.46       0.15       0.08
      7.49       0.07       0.02
      7.24       0.14       0.06
      7.15      -0.01      -0.17
      7.48      -0.28       0.15
      7.89       0.57      -0.05
      7.84       0.51       0.09
      7.73      -0.20       0.29
      7.59      -0.35       0.08
      7.80      -0.37       0.04
      7.40      -0.19       0.13
      7.05      -0.06      -0.04
      6.64       0.42      -0.12
      7.21       0.04       0.26
      7.01       0.25       0.46
      6.79       0.04       0.34
      7.26      -0.27       0.06
      7.63       0.14      -0.24
      7.47      -0.28      -0.41
      7.39      -0.44       0.16
      7.68       0.24      -0.01
      7.93       0.21      -0.31
      7.65      -0.24      -0.21
      7.78      -0.15      -0.28
      7.53      -0.28      -0.12
      7.51      -0.32      -0.07
      7.62      -0.43      -0.11
      7.81      -0.33       0.10
      7.61      -0.21       0.24
      8.20      -0.85      -0.04
      8.58      -1.10       0.06
      8.49      -0.98       0.23
      8.51      -0.98       0.46
      8.54      -1.55       0.25
      7.15       0.05       0.08
      7.45       0.53       0.07
      7.82       0.68       0.14
      7.67       0.50       0.25
      7.95      -0.06       0.20
      8.33      -0.12       0.08
      8.23      -0.57       0.19
      7.91      -0.49       0.13
      8.65      -0.45       0.29
      8.48       0.26      -0.01
      8.18       0.44      -0.42
      8.72       0.86       0.21
      9.05       0.86       0.13
      8.59       0.29       0.16
      8.46       0.66      -0.16
      8.67       0.23      -0.17
      9.01      -0.39       0.37
      9.55      -0.38       0.18
      9.02      -0.58       0.16
      9.26      -0.65       0.00
      9.55      -0.37      -0.08
      9.37      -0.19       0.41
      9.18       0.22      -0.09
      9.07       0.27       0.30
      9.35       0.23      -0.34
      8.89      -0.41      -0.02
      8.81       0.62      -0.20
      9.10       0.47      -0.09
      8.87       0.48      -0.32
      8.62       0.39      -0.37
      8.08       0.19       0.20
      8.16       0.66       0.30
      8.55       0.48       0.17
      8.49       0.36       0.16
      8.53       0.15      -0.18
      8.99       0.34       0.04
      9.00       0.41       0.10
      9.09       0.39       0.12
      8.94       0.46       0.18
      8.95       0.49       0.21
      9.13       0.65       0.23
      8.54       0.16       0.24
      8.70      -0.49      -0.24
      8.23      -0.20       0.05
      7.71       0.75       0.13
      7.70       0.22       0.11
      7.98       0.37      -0.22
      8.22      -0.14      -0.23
      7.65      -0.18       0.04
      7.66       0.02       0.23
      7.84       0.02       0.08
      7.61      -0.31      -0.03
      7.77      -0.82      -0.09
      7.90      -0.51       0.13
      7.64      -0.45       0.36
      8.03      -0.12       0.28
      8.75       0.27      -0.06
      8.50       0.24       0.55
      8.63      -0.08       0.32
      8.64      -0.03       0.32
      8.48      -0.22       0.38
      8.82      -0.42       0.27
      8.09      -0.04       0.25
      7.79      -0.25       0.66
      7.60      -0.01       0.37
      8.13       0.36       0.51
      7.48       0.44       0.18
      7.50       0.18      -0.07
      7.54       0.03      -0.13
      7.49       0.30      -0.14
      7.81       0.03      -0.00
      8.03       0.39      -0.31
      7.69      -0.00       0.17
      8.00      -0.04       0.45
      7.74      -0.42       0.13
      8.03       0.05       0.02
      7.99      -0.31       0.05
      7.73       0.34       0.18
      7.02       0.22       0.52
      7.07      -0.03       0.29
      6.93       0.28      -0.09
      7.15       0.05       0.07
      6.86      -0.37      -0.21
      7.71      -0.15      -0.46
      7.93      -0.39      -0.22
      7.73      -0.12       0.15
      7.24      -0.05      -0.16
      7.41       0.08      -0.16
      7.32      -0.36      -0.10
      7.16      -0.38      -0.05
      7.56      -0.31      -0.20
      7.53      -0.15      -0.02
      7.48       0.31      -0.03
      7.58      -0.28      -0.06
      7.92      -0.39       0.10
      8.02      -1.03      -0.08
      8.09      -1.00       0.03
      8.30      -0.97       0.50
      8.12      -0.65       0.32
      8.41      -1.06       0.23
      7.22      -0.34      -0.00
      7.38       0.47       0.13
      8.17       0.27       0.11
      7.80       0.38       0.24
      7.71       0.28       0.39
      7.96      -0.05      -0.21
      8.37      -0.16       0.13
      8.45      -0.39      -0.12
      8.92      -0.08       0.29
      8.40      -0.11       0.13
      8.29       0.10       0.05
      8.51       0.51       0.48
      8.70       0.70      -0.00
      8.70       0.15       0.00
      8.59       0.36       0.11
      8.86       0.69       0.14
      9.09      -0.16       0.08
      9.29      -0.10      -0.09
      9.45      -0.40       0.04
      9.33      -0.11      -0.02
      9.58      -0.52       0.21
      9.52      -0.07      -0.08
      9.59       0.20       0.13
      9.02       0.06       0.10
      9.16      -0.02      -0.25
      9.23      -0.01      -0.05
      9.18      -0.08      -0.17
      8.73       0.44       0.26
      9.20       0.18      -0.26
      9.05       0.52      -0.38
      8.14       0.21      -0.04
      8.06       0.09      -0.01
      8.51      -0.11       0.04
      9.08      -0.27       0.42
      9.07      -0.09      -0.24
      9.08       0.07      -0.14
      9.15       0.31      -0.23
      9.03       0.29      -0.07
      8.73       0.40       0.01
      8.58       0.77       0.40
      8.87       0.94       0.18
      8.79       0.70       0.10
      8.37       0.46       0.22
      7.99       0.02       0.00
      8.34       0.57       0.30
      7.99       0.15      -0.04
      7.80       0.28      -0.14
      8.18      -0.23       0.07
      7.77      -0.09       0.11
      7.49      -0.33       0.18
      7.42      -0.41      -0.03
      7.49      -0.18       0.10
      7.50      -0.40      -0.00
      7.67      -0.29       0.07
      8.12      -0.08       0.06
      8.25      -0.37       0.41
      8.62      -0.06       0.21
      8.94      -0.13       0.57
      8.55      -0.03       0.20
      8.74      -0.04       0.15
      8.85       0.42       0.29
      8.71      -0.15       0.19
      8.49      -0.15       0.06
      7.84      -0.26       0.65
      7.74       0.09       0.39
      8.23       0.02       0.39
      8.24       0.51       0.20
      7.95       0.33       0.01
      7.96      -0.02      -0.37
      8.13      -0.25       0.01
      7.94      -0.05      -0.05
      7.68      -0.04      -0.34
      7.30       0.21      -0.26
      7.45      -0.14       0.08
      7.44      -0.40      -0.04
      7.94      -0.02       0.04
      8.00       0.12       0.45
      7.02       0.14       0.27
      6.83       0.49       0.20
      6.87      -0.02       0.15
      7.07       0.17      -0.08
      6.99       0.35       0.03
      7.11       0.00      -0.11
      7.20      -0.69      -0.03
      7.51      -0.51       0.23
      7.73       0.25       0.18
      7.34       0.06      -0.27
      7.35       0.24      -0.20
      7.24      -0.33      -0.05
      7.21      -0.57      -0.22
      6.92      -0.29       0.01
      7.40      -0.06      -0.28
      7.32       0.23       0.12
      7.55      -0.13       0.23
      7.80      -0.85       0.21
      7.67      -0.80       0.29
      7.85      -0.64      -0.10
      7.92      -0.51       0.23
      8.01      -0.46       0.41
      8.01      -0.73       0.08
      7.58      -0.37       0.02
      7.64      -0.20       0.22
      8.23       0.26       0.02
      8.18       0.38       0.36
      7.99       0.08       0.08
      7.78       0.06       0.07
      8.32      -0.26       0.07
      8.63       0.02      -0.40
      8.41      -0.27      -0.31
      8.47      -0.03       0.25
      8.72      -0.03       0.01
      8.80       0.20       0.14
      8.60       0.34       0.28
      8.75       0.39       0.26
      8.44       0.01      -0.04
      8.46       0.42      -0.04
      8.79       0.34      -0.17
      8.73      -0.53      -0.14
      8.84      -0.37      -0.03
      8.82      -0.15      -0.27
      8.88      -0.24       0.17
      9.37      -0.62       0.20
      9.08      -0.24       0.17
      8.83      -0.18       0.12
      9.10       0.19      -0.26
      9.49       0.35       0.03
      9.24       0.34      -0.29
      9.02       0.32      -0.21
      9.35       0.13      -0.08
      8.97       0.10      -0.07
      8.56       0.06      -0.22
      8.42      -0.02       0.15
      8.51       0.01       0.22
      8.65      -0.14       0.22
      8.82      -0.06      -0.05
      9.12      -0.36      -0.03
      9.06      -0.26       0.03
      9.48       0.16      -0.22
      8.72       0.53      -0.32
      8.35       0.37      -0.02
      8.42       0.47      -0.12
      8.57       0.62       0.21
      8.24       0.41       0.47
      8.14       0.16       0.27
      8.04       0.71       0.20
      8.00       0.13       0.16
      7.83      -0.40       0.02
      7.88      -0.55       0.45
      7.75      -0.25       0.08
      7.89      -0.44       0.00
      7.60      -0.19       0.18
      7.75       0.09       0.17
      7.43      -0.32      -0.00
      7.96       0.34      -0.00
      7.68       0.18       0.26
      8.02       0.30      -0.05
      8.73       0.46       0.17
      8.21      -0.05       0.06
      8.43      -0.04       0.08
      8.76       0.16       0.22
      8.67       0.24       0.50
      8.59       0.54       0.11
      8.33       0.35       0.13
      7.71       0.10       0.48
      7.75      -0.09       0.17
      8.00      -0.18       0.27
      8.02       0.20       0.31
      7.98       0.82       0.16
      7.61       0.17       0.02
      7.62      -0.29       0.04
      7.77      -0.34       0.11
      7.94      -0.04      -0.12
      7.90       0.05       0.04
      7.94      -0.07       0.23
      7.87      -0.12       0.33
      7.95       0.28       0.24
      7.60       0.11       0.05
      7.19       0.17       0.45
      7.02       0.17       0.54
      6.92      -0.10       0.07
      6.64      -0.22      -0.32
      7.11       0.48       0.02
      6.81       0.18      -0.21
      6.84      -0.07      -0.11
      7.46      -0.31      -0.08
      8.01       0.50      -0.08
      7.49       0.48       0.22
      7.36      -0.16       0.01
      7.23       0.05      -0.16
      6.98      -0.54      -0.01
      7.40      -0.04       0.17
      7.63       0.16      -0.36
      7.51       0.10      -0.11
      7.83      -0.66       0.23
      8.06      -0.53       0.04
      7.78      -0.63       0.15
      8.40      -0.58       0.10
      8.15      -0.53       0.31
      7.80      -0.19       0.36
      8.06      -0.36       0.02
      7.00      -0.63      -0.17
      7.34      -0.54       0.18
      7.57      -0.27       0.30
      8.07       0.37       0.03
      8.29       0.35       0.29
      7.89      -0.11       0.05
      8.50       0.31      -0.16
      8.44      -0.14      -0.14
      8.95       0.44      -0.34
      8.89      -0.16       0.31
      8.61      -0.32       0.11
      8.59       0.11       0.50
      8.51       0.33       0.37
      8.62       0.26       0.31
      8.32      -0.18       0.48
      8.38       0.17       0.19
      8.50      -0.20      -0.14
      8.47      -0.50      -0.02
      8.97       0.02      -0.17
      9.18       0.10      -0.07
      9.10      -0.50       0.07
      9.24      -0.60       0.26
      8.90      -0.30       0.20
      8.28       0.04      -0.05
      8.99      -0.04      -0.01
      9.02       0.09       0.05
      9.62       0.28       0.19
      8.95       0.56       0.27
      9.30      -0.09      -0.13
      8.95      -0.26      -0.16
      9.12      -0.03      -0.14
      8.79       0.09      -0.12
      8.73       0.13       0.10
      8.99      -0.13       0.03
      8.87      -0.34       0.05
      8.80      -0.10       0.17
      8.98       0.06       0.33
      9.10       0.49       0.33
      8.58       0.78      -0.13
      8.64       0.62      -0.35
      8.46       0.12       0.16
      8.23       0.51       0.18
      8.14       0.93       0.23
      7.64       0.47       0.09
      7.64       0.11      -0.05
      8.09      -0.09      -0.08
      8.00      -0.02       0.14
      7.73      -0.23       0.47
      7.86      -0.23       0.55
      7.99      -0.51       0.20
      8.03       0.00       0.06
      7.88       0.20      -0.03
      7.80      -0.01       0.25
      7.97      -0.04       0.30
      7.99       0.17      -0.16
      8.29       0.12      -0.11
      8.76       0.18      -0.02
      8.20      -0.00       0.07
      8.63       0.24       0.08
      7.91       0.41       0.21
      7.89      -0.11       0.40
      8.02       0.28      -0.09
      7.81      -0.00       0.04
      7.72      -0.23       0.37
      8.05      -0.00       0.21
      8.12       0.35      -0.03
      8.26      -0.35       0.25
      8.24      -0.34       0.64
      7.77       0.09      -0.05
      7.81       0.07      -0.09
      7.57      -0.23      -0.15
      7.58      -0.10       0.36
      7.80       0.14       0.18
      7.74       0.17       0.29
      7.73      -0.25       0.56
      7.47      -0.12       0.25
      7.74       0.04       0.26
      7.59      -0.00       0.05
      7.49      -0.03       0.50
      7.19       0.26       0.06
      6.78      -0.33       0.15
      7.14       0.48       0.04
      6.85       0.68      -0.04
      7.00       0.17       0.11
      7.63       0.55       0.02
      7.76       0.53      -0.29
      7.13       0.29      -0.19
      7.37       0.01      -0.31
      7.32      -0.04      -0.29
      7.71       0.40      -0.42
      7.50       0.34      -0.33
      7.48       0.32      -0.21
      7.66      -0.04      -0.13
      7.64      -0.43       0.19
      7.85      -0.11      -0.11
      8.20      -0.33       0.07
      8.67       0.08       0.34
      8.30      -0.55       0.12
      7.93      -0.39       0.36
      8.26      -0.56       0.05
      7.79      -0.30       0.00
      7.47      -0.41       0.05
      7.82      -0.18       0.35
      8.18      -0.02       0.26
      8.42       0.26      -0.26
      8.34      -0.37      -0.01
      8.47       0.17       0.03
      8.66       0.10       0.19
      8.96       0.18       0.09
      8.55       0.20       0.05
      8.56       0.28       0.24
      8.78       0.43       0.48
      8.61       0.47       0.38
      8.47       0.19       0.26
      8.33      -0.03       0.62
      8.13      -0.44       0.40
      8.17      -0.61       0.04
      8.14      -0.16      -0.03
      8.76      -0.21      -0.10
      9.15      -0.65       0.10
      9.04      -0.69       0.27
      8.55      -0.26       0.09
      8.52      -0.35      -0.01
      7.96      -0.01      -0.22
      8.41       0.13      -0.14
      8.92       0.07      -0.39
      9.48       0.17       0.38
      9.24      -0.06      -0.07
      9.23      -0.20      -0.28
      8.88       0.23      -0.16
      9.65       0.63      -0.16
      9.33      -0.12       0.04
      9.31      -0.44       0.24
      9.30      -0.18       0.40
      9.29      -0.71      -0.00
      9.17      -0.17       0.27
      9.26       0.39       0.11
      8.95       0.40      -0.07
      9.07       0.67       0.06
      8.98       0.33      -0.23
      8.58      -0.01       0.34
      8.31       0.36       0.07
      7.94       0.12       0.07
      7.71       0.35       0.25
      7.36      -0.08      -0.30
      7.55      -0.46      -0.11
      7.92       0.17      -0.13
      7.86      -0.37       0.16
      7.70      -0.26       0.60
      7.97      -0.23       0.22
      7.98      -0.09       0.17
      7.94      -0.28      -0.01
      7.85       0.22       0.18
      7.77      -0.12       0.16
      7.96       0.13      -0.06
      8.35       0.49       0.23
      8.26       0.38       0.16
      8.19       0.40       0.39
      8.21       0.47       0.13
      7.90       0.58      -0.00
      7.92       0.17       0.01
      7.57       0.27       0.30
      8.07       0.03       0.14
      7.75      -0.02       0.34
      8.40      -0.26       0.41
      8.58       0.40       0.08
      8.28      -0.14       0.35
      8.47       0.13       0.25
      8.15       0.14      -0.17
      7.89       0.13      -0.12
      7.83      -0.81       0.13
      7.81       0.09       0.18
      7.79       0.16       0.12
      8.01       0.00       0.28
      7.96       0.03       0.07
      8.23      -0.01       0.44
      8.11      -0.18       0.45
      7.88       0.20       0.22
      7.98      -0.13       0.42
      7.69       0.33       0.28
      7.61      -0.24      -0.05
      7.60       0.19       0.29
      7.86       0.52       0.08
      7.84       0.60       0.15
      7.75       1.10      -0.06
      7.70       0.95      -0.17
      7.76       0.67      -0.20
      7.43       0.86      -0.15
      7.55       0.23       0.01
      7.46       0.34      -0.17
      7.48      -0.01      -0.27
      7.21       0.39      -0.09
      7.61      -0.11       0.21
      7.74      -0.13      -0.10
      8.41      -0.14      -0.29
      8.37      -0.05       0.16
      8.76       0.02       0.36
      8.27      -0.29       0.44
      7.85      -0.41       0.12
      8.60      -0.81       0.23
      7.68      -0.03       0.25
      7.70      -0.41       0.31
      8.01      -0.14      -0.10
      8.01      -0.01       0.09
      8.04       0.06      -0.14
      7.82       0.02      -0.17
      8.73       0.18      -0.18
      8.76      -0.02      -0.04
      8.58      -0.10       0.02
      8.38       0.49       0.02
      8.32       0.10       0.22
      8.26       0.07       0.39
      8.69       0.37       0.37
      8.58      -0.04       0.58
      8.71       0.17       0.07
      8.29       0.26       0.36
      8.36      -0.48      -0.05
      8.58       0.31      -0.31
      8.94       0.06      -0.11
      9.13      -0.09       0.16
      8.94      -0.50       0.09
      8.33      -0.13      -0.12
      8.21       0.23      -0.04
      8.21       0.24      -0.05
      8.63      -0.26       0.17
      9.63      -0.32       0.17
      9.31       0.11       0.42
      9.66      -0.30      -0.05
      9.39      -0.15      -0.51
      9.42       0.20      -0.31
      9.35       0.49       0.10
      9.71      -0.05      -0.08
      9.79      -0.37       0.15
      9.61      -0.00       0.38
      9.59      -0.48       0.37
      9.17      -0.17       0.31
      9.33       0.10       0.31
      9.01       0.04      -0.06
      8.86       0.54       0.24
      8.75      -0.25       0.03
      8.93       0.13       0.17
      8.64       0.34       0.17
      7.84       0.33       0.23
      7.83       0.25      -0.13
      7.33       0.07      -0.18
      7.40      -0.37      -0.04
      7.40       0.00      -0.14
      7.73      -0.21      -0.17
      7.74      -0.14       0.09
      7.78      -0.26       0.33
      8.04      -0.03       0.35
      7.64      -0.28       0.09
      7.88       0.18       0.56
      7.82       0.30      -0.20
      7.69       0.04      -0.03
      8.09       0.20       0.36
      8.17       0.84       0.26
      8.04       0.22       0.04
      8.01       0.36      -0.17
      8.16       0.59       0.31
      7.94       0.36       0.35
      7.72       0.12       0.22
      8.26      -0.02       0.22
      8.11       0.22      -0.01
      8.73       0.21       0.15
      8.77       0.23       0.24
      8.64       0.46       0.16
      8.58       0.42      -0.17
      7.76       0.09      -0.28
      7.63       0.47      -0.26
      7.70      -0.45       0.31
      7.91       0.38       0.06
      8.19      -0.33       0.32
      8.38      -0.06       0.41
      8.43      -0.23       0.18
      8.28      -0.15       0.17
      8.26      -0.19       0.07
      7.78      -0.33       0.32
      7.79      -0.59       0.49
      7.78      -0.48       0.32
      8.13      -0.49      -0.08
      8.23      -0.05      -0.16
      8.30       0.48       0.38
      8.27       1.41       0.33
      8.25       1.13      -0.05
      7.91       1.43      -0.18
      7.73       0.97      -0.22
      7.52       0.42      -0.24
      7.72       0.17      -0.06
      7.37       0.12       0.17
      7.40       0.12      -0.25
      7.21       0.00      -0.17
      7.50      -0.12       0.12
      7.60      -0.24      -0.30
      7.90      -0.38       0.03
      8.03      -0.25       0.02
      8.67      -0.42       0.29
      8.13      -0.35      -0.19
      8.21      -0.74       0.29
      7.94      -0.45       0.31
      8.13      -0.33       0.06
      8.23      -0.58       0.13
      7.98      -0.25      -0.00
      8.25       0.11       0.11
      8.51       0.77      -0.06
      8.43       0.41      -0.04
      8.51       0.34      -0.09
      8.46      -0.03       0.02
      8.59      -0.52      -0.12
      8.34       0.08       0.45
      8.07       0.36      -0.02
      8.66       0.24       0.49
      9.08       0.05       0.30
      9.05       0.27       0.44
      8.85       0.13       0.30
      8.38       0.13       0.29
      8.39       0.13      -0.06
      8.54      -0.07      -0.02
      9.07       0.06       0.16
      9.33      -0.45       0.25
      9.09      -0.34      -0.07
      8.46       0.04      -0.02
      8.02       0.10       0.04
      8.33       0.07      -0.24
      8.66      -0.18      -0.22
      9.60      -0.43       0.53
      9.82      -0.24       0.17
      9.60      -0.14       0.17
      9.37      -0.10       0.06
      9.59       0.15      -0.29
      9.87      -0.14      -0.37
      9.66      -0.44      -0.03
      9.81      -0.35      -0.14
      9.59       0.41       0.41
      9.30       0.01       0.10
      9.10      -0.41       0.15
      8.97      -0.19      -0.14
      8.49       0.14      -0.00
      8.67       0.34       0.44
      8.74       0.34       0.16
      8.93       0.45       0.10
      8.79       0.30       0.24
      8.45      -0.12       0.05
      8.21      -0.26      -0.01
      7.86       0.11       0.04
      7.25      -0.54       0.16
      7.15      -0.09       0.06
      7.51       0.02       0.48
      7.41       0.22       0.21
      7.42      -0.28       0.02
      7.83       0.02       0.21
      7.63      -0.46       0.48
      7.77      -0.37       0.34
      7.53       0.20       0.19
      7.27       0.34       0.09
      7.60       0.36       0.38
      7.93       0.77       0.29
      7.86       0.80       0.31
      8.04       0.80       0.05
      8.03       0.28       0.15
      7.81       0.52       0.46
      7.62       0.26       0.28
      7.78       0.09       0.23
      8.09       0.58      -0.11
      8.21       0.24       0.09
      8.35       0.10       0.22
      8.41       0.19       0.11
      8.11       0.36       0.07
      7.50       0.17      -0.35
      7.42       0.33      -0.30
      7.87       0.09       0.19
      7.70      -0.56      -0.04
      7.93       0.06       0.26
      7.93      -0.06       0.41
      8.24       0.05       0.19
      8.29      -0.81       0.16
      8.31      -0.29       0.30
      8.22      -0.24       0.46
      7.94      -0.37       0.60
      8.37      -0.81       0.27
      8.10      -0.24       0.32
      8.63      -0.15       0.13
      8.96       0.16       0.07
      8.65       0.90      -0.02
      8.44       0.56      -0.07
      8.07       0.70      -0.32
      7.63       1.08      -0.29
      7.66       0.66       0.20
      7.70       0.58      -0.38
      7.24       0.37       0.23
      7.42       0.47      -0.07
      7.54       0.22       0.01
      7.70      -0.03       0.17
      7.52      -0.38      -0.35
      7.83      -0.09      -0.23
      8.12      -0.39      -0.03
      8.56      -0.46      -0.38
      7.97      -0.37      -0.28
      8.05      -0.46      -0.16
      7.68       0.28       0.40
      7.93      -0.47       0.33
      7.74      -0.44       0.13
      7.87      -0.14       0.11
      8.08       0.36      -0.09
      8.35       0.24      -0.05
      8.28       0.08      -0.35
      8.29      -0.15      -0.34
      8.29      -0.45      -0.05
      8.06      -0.60       0.23
      8.32       0.22       0.22
      8.25       0.29       0.38
      8.69       0.02      -0.08
      9.17       0.10       0.25
      8.68       0.16       0.14
      8.61      -0.42      -0.03
      8.75       0.20       0.32
      8.71       0.34       0.25
      8.90      -0.02       0.37
      8.92       0.05       0.07
      8.94       0.07       0.04
      8.74      -0.48       0.15
      8.28       0.06       0.04
      7.63       0.01       0.03
      8.14      -0.63      -0.27
      8.15      -0.59       0.25
      9.34      -0.20       0.40
      9.67      -0.09      -0.03
      9.42      -0.07       0.20
      9.25       0.20       0.21
      9.31       0.32       0.01
      9.33       0.21      -0.18
      9.53      -0.43       0.16
      9.46      -0.38       0.02
      9.51       0.05       0.17
      9.59       0.64       0.39
      9.37      -0.07       0.30
      9.16      -0.27       0.26
      9.28       0.24       0.35
      9.00       0.09       0.11
      8.83       0.29       0.12
      8.49       0.03       0.10
      8.73      -0.34       0.42
      8.42      -0.30       0.02
      8.72      -0.12      -0.02
      7.99      -0.05       0.04
      7.83       0.13       0.27
      7.82      -0.03      -0.09
      8.11      -0.10       0.14
      7.87       0.18       0.05
      7.92       0.03      -0.05
      8.15      -0.35       0.28
      7.97      -0.67       0.41
      7.99      -0.81      -0.18
      7.36       0.00      -0.22
      7.14       0.51       0.46
      7.35       0.75       0.19
      7.52       0.45       0.23
      7.44      -0.08       0.03
      7.40       0.39       0.03
      7.62       0.55       0.27
      8.00       0.48       0.79
      7.79       0.61       0.34
      7.79       0.49       0.16
      8.21       0.44       0.01
      8.42       0.46      -0.05
      8.43       0.74       0.29
      8.29       0.59       0.32
      8.12       0.40      -0.23
      7.22       0.39      -0.33
      7.13       0.21       0.04
      7.35       0.21      -0.00
      7.90      -0.26      -0.37
      7.58      -0.09       0.28
      7.88       0.23       0.27
      7.95      -0.18      -0.16
      8.12      -0.37       0.25
      8.51      -0.26       0.35
      8.67      -0.30       0.44
      8.56      -0.45       0.27
      8.56      -0.46       0.19
      8.75      -0.35       0.37
      8.47      -0.01      -0.28
      8.65       0.17       0.16
      8.75       0.01       0.39
      8.29      -0.02      -0.06
      8.01       0.85      -0.46
      7.73       0.71      -0.22
      8.00       0.68      -0.01
      7.59       0.58      -0.19
      7.08       0.38      -0.18
      7.31       0.18      -0.10
      7.51      -0.02      -0.10
      7.63       0.06       0.05
      7.57      -0.33      -0.16
      7.88      -0.14      -0.47
      7.69      -0.10      -0.39
      8.15       0.07       0.24
      7.84      -0.73      -0.23
      8.05       0.08      -0.30
      7.95      -0.11       0.03
      7.83      -0.25       0.15
      8.12      -0.10      -0.06
      7.69      -0.37       0.14
      7.72       0.33       0.31
      8.34       0.56      -0.01
      8.27       0.33       0.10
      8.11      -0.15      -0.12
      8.17      -0.28      -0.18
      8.35       0.02       0.26
      7.97       0.26      -0.06
      8.33       0.27       0.46
      8.53       0.23      -0.18
      9.11       0.17       0.18
      8.67      -0.16       0.19
      8.45       0.17      -0.05
      8.35       0.01       0.35
      8.65       0.55      -0.05
      8.52       0.21       0.15
      8.24       0.17      -0.14
      8.61      -0.14       0.05
      8.40      -0.08       0.44
      8.14       0.04       0.26
      7.99      -0.10       0.25
      8.05      -0.28      -0.28
      8.23      -0.63       0.08
      9.13      -0.51       0.07
      9.31      -0.39       0.18
      9.42      -0.10       0.32
      9.28       0.23       0.53
      9.40      -0.28       0.36
      9.57      -0.22      -0.37
      9.07      -0.48       0.19
      9.08      -0.48       0.26
      9.33      -0.56       0.44
      9.29      -0.36       0.27
      8.86       0.16       0.32
      9.15       0.21       0.51
      9.33       0.22       0.30
      8.88       0.53       0.12
      8.48       0.28       0.29
      8.52      -0.28       0.18
      8.35      -0.09       0.34
      8.03      -0.25       0.28
      8.31      -0.46       0.09
      8.26      -0.28       0.38
      8.02      -0.35      -0.10
      8.50       0.03      -0.09
      8.71       0.02      -0.06
      8.93       0.19      -0.10
      8.26       0.31      -0.25
      8.04      -0.17       0.26
      7.78      -0.64      -0.05
      7.90      -0.30      -0.04
      7.26       0.48      -0.12
      7.35       0.04       0.32
      7.14       0.23       0.39
      7.30       0.18       0.13
      6.92      -0.16      -0.17
      7.29       0.12       0.15
      7.59       0.40       0.36
      7.82       0.85       0.22
      8.02       0.77       0.24
      8.12       0.39       0.71
      8.52       0.57       0.28
      8.33       0.79       0.08
      8.44       0.56       0.41
      7.84       0.56      -0.13
      7.75       0.24      -0.27
      7.88       0.12      -0.56
      7.44       0.08      -0.18
      7.54      -0.16       0.04
      7.81       0.08       0.24
      7.26       0.20       0.20
      7.98       0.23       0.18
      7.75      -0.16       0.37
      7.99       0.06       0.15
      8.20      -0.20       0.12
      8.08      -0.22       0.46
      8.17      -0.17       0.10
      8.41      -0.60       0.12
      8.50      -0.51      -0.33
      8.21      -0.39      -0.35
      8.21      -0.08       0.07
      8.22      -0.19       0.30
      7.99      -0.33       0.06
      7.56       0.19      -0.10
      7.55       0.78      -0.08
      7.59       0.97      -0.31
      7.15       0.53      -0.28
      6.91       0.58      -0.14
      6.94       0.24      -0.06
      7.27       0.30      -0.01
      7.46      -0.19       0.22
      7.72      -0.51      -0.02
      8.40      -0.23      -0.29
      8.11       0.08      -0.19
      8.15       0.00      -0.35
      7.93      -0.35      -0.18
      7.99      -0.20      -0.39
      7.87      -0.03       0.16
