--------------TurbSim v2.00.* User Time Series Input File-----------------------
     Time series input from low-res turbsim run
--------------------------------------------------------------------------------
          3 nComp - Number of velocity components in the file
          1 nPoints - Number of time series points contained in this file (-)
          1 RefPtID - Index of the reference point (1-nPoints)
     Pointyi Pointzi ! nPoints listed in order of increasing height
       (m)     (m)
       0.00000   94.00000
--------Time Series-------------------------------------------------------------
Elapsed Time         Point01u             Point01v           Point01w
         (s)            (m/s)                (m/s)              (m/s)
	0.00			  7.33551			  -0.23094			 -0.18196
	0.25			  7.25104			  -0.26815			 -0.06642
	0.50			  7.55865			  -0.07396			 -0.12246
	0.75			  7.59830			  -0.26270			 -0.21956
	1.00			  7.66790			  -0.01496			 -0.31873
	1.25			  7.50621			  0.11340			 -0.22406
	1.50			  7.35503			  0.12882			 0.00288
	1.75			  7.45115			  0.03622			 0.01488
	2.00			  7.34006			  -0.05463			 -0.04045
	2.25			  7.42165			  0.04090			 -0.10783
	2.50			  7.74038			  0.06138			 -0.16616
	2.75			  7.56390			  0.09483			 -0.09231
	3.00			  7.81706			  -0.13212			 -0.14407
	3.25			  7.80726			  -0.08593			 0.00260
	3.50			  7.61861			  0.00299			 0.13351
	3.75			  7.60364			  -0.00169			 -0.07027
	4.00			  7.60583			  0.28404			 -0.13690
	4.25			  7.48065			  -0.02447			 -0.31189
	4.50			  7.39618			  -0.12744			 -0.25712
	4.75			  7.45133			  0.03990			 -0.27995
	5.00			  7.32658			  0.03775			 -0.47079
	5.25			  7.23537			  -0.03514			 -0.40079
	5.50			  7.30881			  -0.23715			 -0.45602
	5.75			  7.21243			  -0.55817			 -0.21966
	6.00			  7.13514			  -0.49548			 -0.20643
	6.25			  7.15387			  -0.40909			 -0.54173
	6.50			  7.14398			  -0.42551			 -0.75423
	6.75			  7.15518			  -0.58157			 -0.68789
	7.00			  7.16744			  -0.66896			 -0.57109
	7.25			  6.92609			  -0.69267			 -0.43248
	7.50			  7.01757			  -0.88571			 -0.56147
	7.75			  7.06292			  -1.09977			 -0.60119
	8.00			  6.79505			  -1.15002			 -0.54009
	8.25			  6.97905			  -0.77323			 -0.39127
	8.50			  7.12805			  -0.69029			 -0.40397
	8.75			  7.09531			  -0.54244			 -0.17436
	9.00			  6.76485			  -0.62523			 -0.30659
	9.25			  6.52814			  -0.46863			 -0.32642
	9.50			  6.41601			  -0.45206			 -0.25398
	9.75			  6.31262			  -0.74760			 -0.01278
	10.00			  6.49129			  -0.63789			 -0.01977
	10.25			  6.83015			  -0.37917			 -0.17098
	10.50			  6.70497			  -0.21360			 0.28088
	10.75			  6.76774			  -0.35669			 0.56296
	11.00			  6.90885			  -0.40963			 0.53197
	11.25			  6.97293			  -0.38853			 0.55546
	11.50			  7.10502			  -0.29692			 0.61820
	11.75			  7.26268			  -0.26040			 0.74222
	12.00			  7.17523			  -0.48106			 0.27057
	12.25			  6.94500			  -0.72443			 0.13412
	12.50			  7.02064			  -0.47017			 0.15147
	12.75			  7.04322			  -0.40618			 0.10402
	13.00			  7.04200			  -0.66850			 0.09755
	13.25			  6.96776			  -0.51612			 -0.20896
	13.50			  6.96365			  -0.58042			 -0.07285
	13.75			  6.88600			  -0.75435			 -0.23002
	14.00			  6.79662			  -0.89622			 -0.41035
	14.25			  6.86963			  -0.70141			 -0.17656
	14.50			  6.98256			  -0.34487			 -0.15842
	14.75			  6.81492			  -0.13664			 -0.15354
	15.00			  6.72309			  -0.37150			 -0.04335
	15.25			  6.74183			  -0.34986			 0.10270
	15.50			  6.60168			  -0.83530			 -0.21314
	15.75			  6.51851			  -0.87665			 -0.16601
	16.00			  6.77124			  -0.93059			 -0.21764
	16.25			  7.21620			  -0.74760			 -0.37411
	16.50			  7.23992			  -0.70256			 -0.28047
	16.75			  6.99026			  -0.59085			 -0.06675
	17.00			  7.02107			  -0.85279			 0.23460
	17.25			  7.15667			  -0.87443			 0.11766
	17.50			  7.17085			  -0.85709			 0.10289
	17.75			  6.98842			  -0.83653			 -0.08874
	18.00			  7.06362			  -0.87803			 0.02548
	18.25			  6.88329			  -0.66505			 -0.21891
	18.50			  6.92574			  -0.76011			 -0.21839
	18.75			  6.88574			  -0.77990			 -0.22303
	19.00			  7.17400			  -0.88218			 -0.07364
	19.25			  7.25349			  -0.92192			 -0.04575
	19.50			  7.46656			  -0.77660			 -0.12958
	19.75			  7.49124			  -0.45114			 -0.06614
	20.00			  7.20902			  -0.50001			 -0.03313
	20.25			  7.25463			  -0.68722			 0.00194
	20.50			  7.40852			  -0.74100			 0.21449
	20.75			  7.46691			  -0.60528			 0.00865
	21.00			  7.31512			  -0.55809			 -0.09653
	21.25			  7.36904			  -0.36191			 0.15653
	21.50			  7.55620			  -0.13956			 0.08484
	21.75			  7.44056			  -0.40142			 0.21186
	22.00			  7.29165			  -0.31710			 0.33987
	22.25			  7.34155			  -0.47646			 0.09408
	22.50			  7.12875			  -0.38631			 0.04255
	22.75			  6.86989			  -0.19472			 0.08062
	23.00			  7.00724			  -0.29823			 0.06810
	23.25			  7.36983			  -0.54037			 0.15006
	23.50			  7.59533			  -0.91939			 0.13163
	23.75			  7.44493			  -0.92744			 0.28609
	24.00			  7.33761			  -0.64249			 0.44072
	24.25			  7.50043			  -0.81305			 0.50201
	24.50			  7.42244			  -1.03839			 0.42595
	24.75			  7.19527			  -0.94808			 0.21669
	25.00			  7.01678			  -0.98629			 0.23315
	25.25			  7.16525			  -0.97586			 0.47261
	25.50			  7.13671			  -0.65875			 0.35478
	25.75			  7.32685			  -0.66443			 0.07762
	26.00			  7.26723			  -0.64456			 0.10524
	26.25			  7.20324			  -0.64280			 -0.10454
	26.50			  7.19169			  -0.71208			 -0.07725
	26.75			  7.37849			  -0.67586			 -0.03205
	27.00			  7.49282			  -0.48605			 0.09923
	27.25			  7.27782			  -0.52633			 -0.01841
	27.50			  7.31800			  -0.63397			 -0.01667
	27.75			  7.35389			  -0.41607			 -0.24427
	28.00			  7.32334			  -0.61533			 -0.12968
	28.25			  7.30032			  -0.92460			 0.25022
	28.50			  7.58184			  -0.69512			 0.03200
	28.75			  7.43032			  -0.71937			 0.08873
	29.00			  7.49912			  -0.94578			 0.25547
	29.25			  7.75824			  -0.83361			 0.32885
	29.50			  7.95511			  -0.99389			 0.04170
	29.75			  7.69389			  -1.22268			 -0.00129
	30.00			  7.59935			  -1.16713			 0.01287
	30.25			  7.94662			  -1.26611			 -0.10121
	30.50			  8.06620			  -1.20833			 -0.04251
	30.75			  7.89830			  -1.19974			 -0.23921
	31.00			  8.02190			  -1.08435			 -0.16334
	31.25			  8.23733			  -1.24125			 -0.21154
	31.50			  8.23786			  -1.16291			 -0.14407
	31.75			  8.10410			  -1.05987			 -0.43820
	32.00			  7.90504			  -1.04123			 -0.50586
	32.25			  8.00702			  -1.00248			 -0.42859
	32.50			  7.96097			  -1.30562			 -0.54328
	32.75			  8.22026			  -1.09961			 -0.36750
	33.00			  8.17737			  -1.21884			 -0.42123
	33.25			  8.38562			  -1.14112			 -0.41391
	33.50			  8.38414			  -0.96634			 -0.44416
	33.75			  8.48218			  -0.92522			 -0.37800
	34.00			  8.31682			  -1.05020			 -0.14913
	34.25			  8.50012			  -1.04767			 -0.45522
	34.50			  8.50704			  -0.72205			 -0.17778
	34.75			  8.45058			  -0.57359			 -0.04181
	35.00			  8.59589			  -0.50116			 0.07471
	35.25			  8.60141			  -0.84466			 0.14936
	35.50			  8.40926			  -0.55103			 -0.02929
	35.75			  8.54836			  -0.54497			 -0.00734
	36.00			  8.42291			  -0.49065			 0.32852
	36.25			  8.12213			  -0.20769			 0.22091
	36.50			  7.81242			  -0.40372			 0.15288
	36.75			  7.69346			  -0.53070			 0.33429
	37.00			  7.53151			  -0.50715			 0.02365
	37.25			  7.65380			  -0.21030			 -0.08874
	37.50			  7.93322			  -0.25672			 -0.20943
	37.75			  7.72996			  -0.31326			 -0.14355
	38.00			  7.54762			  -0.28587			 -0.22073
	38.25			  7.83895			  -0.19519			 -0.18519
	38.50			  7.89462			  -0.35953			 -0.10018
	38.75			  7.98820			  -0.54328			 0.29626
	39.00			  8.06287			  -0.47884			 0.53417
	39.25			  8.22289			  -0.83952			 0.31656
	39.50			  8.19575			  -0.72643			 0.16624
	39.75			  8.24915			  -0.60451			 0.21041
	40.00			  8.42283			  -0.50508			 0.24567
	40.25			  8.53855			  -0.44515			 0.23554
	40.50			  8.54678			  -0.57267			 0.17885
	40.75			  8.64272			  -0.48344			 0.45493
	41.00			  8.45487			  -0.56891			 0.41489
	41.25			  8.23865			  -0.77883			 0.51110
	41.50			  8.23628			  -0.63459			 0.50046
	41.75			  8.27454			  -0.90458			 0.31699
	42.00			  8.29178			  -0.95882			 0.37424
	42.25			  8.36514			  -1.00754			 -0.11312
	42.50			  8.49531			  -1.11473			 -0.02962
	42.75			  8.49759			  -0.85509			 0.06060
	43.00			  8.50590			  -0.65193			 0.02482
	43.25			  8.37451			  -0.73625			 0.00616
	43.50			  8.42248			  -0.59039			 0.15536
	43.75			  8.53032			  -0.28818			 0.02848
	44.00			  8.64649			  -0.35976			 -0.05086
	44.25			  8.60753			  -0.56615			 0.14894
	44.50			  8.40042			  -0.62001			 0.30381
	44.75			  8.28714			  -0.52057			 0.04953
	45.00			  8.45443			  -0.35623			 -0.20174
	45.25			  8.67678			  0.04880			 0.09750
	45.50			  8.49443			  0.27445			 0.16938
	45.75			  8.36952			  0.06951			 -0.20090
	46.00			  8.37451			  -0.34955			 -0.14351
	46.25			  8.53610			  -0.06882			 -0.16405
	46.50			  8.44751			  0.01404			 0.02862
	46.75			  8.19269			  -0.18406			 -0.12743
	47.00			  8.28714			  -0.16526			 -0.10698
	47.25			  8.14069			  -0.16565			 -0.14515
	47.50			  8.06952			  -0.36490			 -0.16991
	47.75			  8.10261			  -0.46618			 -0.20456
	48.00			  8.01043			  -0.39467			 -0.16887
	48.25			  7.88096			  -0.34756			 -0.33331
	48.50			  8.21702			  -0.47968			 -0.43004
	48.75			  8.25931			  -0.27329			 -0.34499
	49.00			  8.25081			  -0.12636			 -0.42493
	49.25			  8.17107			  -0.04488			 -0.22556
	49.50			  8.25598			  0.23624			 -0.02258
	49.75			  8.25563			  0.16880			 0.10725
	50.00			  8.18253			  0.07650			 0.04606
	50.25			  8.25869			  0.28872			 0.13487
	50.50			  8.62802			  0.15491			 0.20117
	50.75			  8.69227			  0.25388			 0.19620
	51.00			  8.81561			  0.13611			 -0.00702
	51.25			  8.71337			  0.26946			 -0.00486
	51.50			  8.55414			  0.34127			 0.13862
	51.75			  8.74015			  0.79149			 0.05446
	52.00			  8.46756			  1.01637			 0.17041
	52.25			  8.41486			  0.88187			 -0.10853
	52.50			  8.32557			  0.62193			 -0.22936
	52.75			  8.28951			  0.50654			 -0.08199
	53.00			  8.34220			  0.70134			 0.06871
	53.25			  8.29353			  0.90811			 -0.00978
	53.50			  8.25545			  0.89100			 -0.11838
	53.75			  8.04449			  0.70832			 -0.37523
	54.00			  7.90407			  1.08351			 -0.17122
	54.25			  7.91388			  1.04115			 0.14275
	54.50			  7.69836			  0.61487			 0.14078
	54.75			  7.82214			  0.71277			 0.11232
	55.00			  7.72287			  0.53776			 0.22560
	55.25			  8.05447			  0.35869			 -0.00064
	55.50			  7.75937			  0.64280			 -0.27677
	55.75			  7.54937			  0.62784			 0.01816
	56.00			  7.44555			  0.62139			 0.05497
	56.25			  7.41071			  0.46342			 -0.06516
	56.50			  7.64190			  0.84374			 -0.18463
	56.75			  7.75465			  0.92775			 -0.13788
	57.00			  7.94819			  0.89553			 0.03533
	57.25			  7.95371			  1.15793			 -0.01231
	57.50			  7.97428			  1.28483			 -0.09864
	57.75			  8.01280			  0.70663			 0.02885
	58.00			  8.14892			  0.34664			 0.04522
	58.25			  8.14524			  0.21859			 -0.06366
	58.50			  7.92071			  0.15038			 0.02881
	58.75			  7.90644			  0.21460			 -0.21234
	59.00			  7.92570			  0.30230			 -0.12471
	59.25			  7.71805			  0.34496			 0.07077
	59.50			  7.48319			  0.54666			 0.09881
	59.75			  7.71805			  0.31910			 0.36669
	60.00			  7.71858			  0.08916			 0.34821
	60.25			  7.64225			  0.11271			 0.15494
	60.50			  7.67376			  0.32792			 -0.04087
	60.75			  7.85313			  0.33237			 0.07935
	61.00			  8.02575			  0.10458			 -0.00350
	61.25			  8.05114			  0.31618			 0.01118
	61.50			  8.25764			  0.47293			 -0.01452
	61.75			  8.48104			  0.53638			 0.20408
	62.00			  8.77114			  0.58602			 0.28083
	62.25			  8.85632			  0.39114			 0.32913
	62.50			  8.77333			  0.25703			 0.30348
	62.75			  8.80388			  0.08217			 0.29875
	63.00			  8.60920			  0.23585			 0.20065
	63.25			  8.64999			  0.11892			 0.10763
	63.50			  8.76834			  -0.12222			 0.18762
	63.75			  8.61708			  -0.28802			 0.05028
	64.00			  8.73149			  -0.54451			 0.04241
	64.25			  8.77534			  -0.67970			 0.25561
	64.50			  8.93484			  -0.47699			 0.31788
	64.75			  8.67222			  -0.29615			 0.02674
	65.00			  8.74068			  -0.15460			 0.02918
	65.25			  8.78725			  -0.28818			 -0.24844
	65.50			  8.89545			  -0.08723			 0.14373
	65.75			  8.66566			  0.09130			 0.10252
	66.00			  8.52884			  0.08586			 0.12784
	66.25			  8.41320			  0.11800			 -0.02854
	66.50			  8.52131			  0.19158			 0.03289
	66.75			  8.38921			  0.19151			 -0.16184
	67.00			  8.32872			  -0.06429			 -0.13962
	67.25			  8.27769			  0.12031			 0.19278
	67.50			  8.52428			  0.21836			 0.33377
	67.75			  8.27970			  0.23616			 0.34981
	68.00			  8.35945			  0.29838			 0.23371
	68.25			  8.40707			  0.35884			 0.12230
	68.50			  8.35070			  0.29631			 0.00344
	68.75			  8.29126			  0.07304			 0.13853
	69.00			  8.03162			  0.08655			 0.11560
	69.25			  7.84411			  0.04811			 0.14209
	69.50			  7.73766			  0.29769			 0.00175
	69.75			  7.90460			  0.04274			 -0.02385
	70.00			  7.93025			  0.09790			 0.14218
	70.25			  8.01709			  0.20217			 0.24182
	70.50			  8.26009			  0.17808			 -0.07172
	70.75			  8.33494			  0.06460			 -0.20371
	71.00			  8.18656			  -0.00575			 -0.32089
	71.25			  8.26106			  -0.04174			 -0.23700
	71.50			  8.11898			  0.07604			 -0.17047
	71.75			  8.21195			  0.24867			 -0.59129
	72.00			  8.25869			  0.23094			 -0.35409
	72.25			  8.16004			  0.25672			 -0.29571
	72.50			  8.07302			  0.04880			 -0.47182
	72.75			  7.98934			  -0.29454			 -0.77585
	73.00			  8.06585			  -0.33237			 -0.66069
	73.25			  8.21273			  -0.15667			 -0.32450
	73.50			  8.30588			  -0.18690			 -0.19012
	73.75			  8.14726			  -0.32170			 -0.30302
	74.00			  8.18131			  -0.42827			 -0.28427
	74.25			  7.97305			  -0.40372			 -0.31114
	74.50			  8.23873			  -0.24245			 -0.42029
	74.75			  8.03853			  -0.18544			 -0.11331
	75.00			  8.04519			  -0.26953			 -0.18852
	75.25			  8.29721			  -0.11631			 -0.03867
	75.50			  8.31507			  -0.06583			 -0.20873
	75.75			  8.43972			  0.19112			 -0.47801
	76.00			  8.28513			  0.43979			 -0.26486
	76.25			  8.08615			  0.38976			 -0.07969
	76.50			  8.17247			  0.41585			 0.11926
	76.75			  8.31270			  0.17585			 0.01784
	77.00			  8.35140			  0.34726			 -0.06117
	77.25			  8.12852			  0.25680			 -0.25013
	77.50			  8.21807			  -0.05501			 -0.37537
	77.75			  8.22149			  -0.08386			 -0.06469
	78.00			  8.26596			  0.04235			 -0.12199
	78.25			  8.15636			  0.22158			 -0.06694
	78.50			  8.28355			  0.23516			 0.26386
	78.75			  8.28609			  0.01918			 0.27990
	79.00			  8.39569			  -0.08846			 0.14551
	79.25			  8.39438			  -0.00690			 0.44251
	79.50			  8.59309			  0.08839			 0.70128
	79.75			  8.54547			  0.17401			 0.47120
	80.00			  8.40471			  0.22619			 0.34676
	80.25			  8.44716			  0.23163			 -0.05198
	80.50			  8.37836			  0.29923			 -0.18772
	80.75			  8.37039			  0.49319			 -0.34157
	81.00			  8.54214			  0.60014			 -0.15706
	81.25			  8.51352			  0.49127			 -0.25398
	81.50			  8.32575			  0.51291			 -0.30448
	81.75			  8.42502			  0.76410			 -0.50389
	82.00			  8.50573			  0.65692			 -0.58084
	82.25			  8.44769			  0.50799			 -0.56907
	82.50			  8.30745			  0.45037			 -0.28141
	82.75			  8.65524			  0.46173			 -0.45930
	83.00			  8.84319			  0.33045			 -0.05695
	83.25			  8.64894			  0.12307			 -0.09971
	83.50			  8.71293			  0.18123			 -0.26894
	83.75			  8.76493			  0.13028			 -0.16498
	84.00			  8.71275			  -0.02777			 -0.23283
	84.25			  8.64456			  0.26202			 -0.11884
	84.50			  8.51579			  -0.12820			 -0.05428
	84.75			  8.48043			  -0.26500			 0.00897
	85.00			  8.51325			  -0.19189			 -0.15570
	85.25			  8.27655			  -0.15038			 0.24445
	85.50			  8.32330			  0.03829			 0.33701
	85.75			  8.49041			  0.04297			 0.21491
	86.00			  8.48892			  -0.25595			 0.09694
	86.25			  8.26158			  -0.36789			 0.23146
	86.50			  8.13194			  -0.16097			 0.33124
	86.75			  8.04659			  -0.39436			 0.28519
	87.00			  7.97918			  -0.27981			 0.34418
	87.25			  8.31174			  -0.27007			 0.42778
	87.50			  8.32085			  -0.16465			 0.46014
	87.75			  8.28828			  -0.20117			 0.25200
	88.00			  8.31410			  -0.30168			 0.24937
	88.25			  8.18148			  -0.14516			 0.21435
	88.50			  8.22184			  -0.15253			 0.26691
	88.75			  8.26202			  -0.15283			 0.13365
	89.00			  7.97962			  -0.22749			 0.01118
	89.25			  8.11172			  -0.04995			 0.02801
	89.50			  8.06156			  -0.05739			 -0.04875
	89.75			  8.07442			  -0.31012			 0.13196
	90.00			  8.05018			  -0.05278			 -0.08176
	90.25			  8.15627			  -0.32447			 0.05525
	90.50			  8.15636			  -0.42421			 0.18931
	90.75			  8.41687			  -0.40625			 0.11096
	91.00			  8.58775			  -0.46717			 -0.05953
	91.25			  8.29213			  -0.14079			 0.16980
	91.50			  8.20748			  -0.10289			 0.10083
	91.75			  8.15408			  -0.26531			 -0.09099
	92.00			  7.95467			  -0.32424			 0.18420
	92.25			  7.82949			  0.13772			 0.20084
	92.50			  7.92640			  -0.05486			 0.11405
	92.75			  7.95887			  -0.13557			 0.14162
	93.00			  7.78152			  -0.42666			 0.09961
	93.25			  7.75193			  -0.65960			 -0.19223
	93.50			  7.54359			  -0.53285			 0.11025
	93.75			  7.40668			  -0.21444			 0.05563
	94.00			  7.49387			  -0.02248			 -0.17938
	94.25			  7.78721			  -0.17186			 0.03612
	94.50			  7.94627			  -0.33782			 -0.40388
	94.75			  8.09780			  -0.22004			 -0.40435
	95.00			  8.14647			  -0.15759			 -0.48889
	95.25			  8.10848			  -0.26270			 -0.44261
	95.50			  8.25379			  0.05463			 -0.08841
	95.75			  8.47316			  -0.11585			 0.00480
	96.00			  8.35210			  0.04312			 -0.19827
	96.25			  8.48874			  0.07558			 -0.28905
	96.50			  8.46660			  -0.05516			 0.24590
	96.75			  8.29896			  -0.10711			 0.43604
	97.00			  8.26963			  -0.68054			 0.17669
	97.25			  8.33862			  -0.79770			 0.18012
	97.50			  8.40121			  -0.52234			 0.20984
	97.75			  8.41197			  -0.26815			 0.12605
	98.00			  8.48104			  -0.30314			 -0.25853
	98.25			  8.42896			  -0.26777			 -0.36121
	98.50			  8.59922			  -0.37081			 -0.27348
	98.75			  8.20468			  -0.63888			 -0.29561
	99.00			  8.09088			  -0.41316			 -0.24680
	99.25			  8.12143			  -0.33789			 -0.20001
	99.50			  8.15286			  -0.30390			 -0.14951
	99.75			  8.02164			  -0.44876			 -0.11003
	100.00			  7.71622			  -0.48904			 -0.20737
	100.25			  7.52512			  -0.56469			 -0.25923
	100.50			  7.60889			  -0.51505			 -0.40632
	100.75			  7.89751			  -0.31741			 -0.09231
	101.00			  7.96728			  -0.20907			 -0.18510
	101.25			  7.84122			  -0.53277			 -0.14018
	101.50			  7.80918			  -0.41293			 -0.17821
	101.75			  7.50796			  -0.43042			 -0.38292
	102.00			  7.45623			  -0.40449			 -0.14721
	102.25			  7.59121			  -0.50224			 0.12221
	102.50			  7.52258			  -0.62246			 0.38446
	102.75			  7.61563			  -0.57021			 0.17538
	103.00			  7.41298			  -0.58794			 0.16146
	103.25			  7.20578			  -0.58993			 0.16600
	103.50			  7.28605			  -0.39981			 0.33438
	103.75			  7.58290			  -0.22749			 0.36988
	104.00			  7.78747			  -0.15414			 0.11560
	104.25			  7.63927			  -0.35408			 -0.11884
	104.50			  7.98347			  -0.49487			 -0.24277
	104.75			  7.93112			  -0.55241			 -0.42207
	105.00			  8.23786			  -0.49165			 -0.26476
	105.25			  8.14183			  -0.53331			 -0.07144
	105.50			  7.94242			  -0.67778			 0.12957
	105.75			  7.66632			  -0.67763			 0.18799
	106.00			  7.85794			  -0.82149			 0.26953
	106.25			  7.95712			  -0.63927			 0.05835
	106.50			  7.90915			  -0.60535			 0.12141
	106.75			  7.79763			  -0.76456			 0.13159
	107.00			  7.82039			  -0.56055			 0.10866
	107.25			  7.68505			  -0.40618			 0.23690
	107.50			  7.72086			  -0.35700			 0.09394
	107.75			  7.88368			  -0.19948			 0.12033
	108.00			  7.83422			  -0.38446			 0.25073
	108.25			  7.89856			  -0.23524			 0.21275
	108.50			  7.74852			  0.01328			 0.18340
	108.75			  7.63489			  0.18752			 0.27005
	109.00			  7.53554			  0.35692			 0.27797
	109.25			  7.69424			  0.33851			 0.18860
	109.50			  7.64584			  0.13926			 0.25317
	109.75			  7.87851			  0.08923			 -0.00448
	110.00			  7.88342			  -0.06291			 -0.23616
	110.25			  7.73845			  -0.24344			 -0.17581
	110.50			  7.79666			  -0.30076			 -0.08612
	110.75			  7.89278			  -0.32117			 -0.28291
	111.00			  7.88236			  -0.31204			 -0.32590
	111.25			  7.79526			  -0.29754			 -0.38794
	111.50			  7.97927			  -0.63328			 -0.40576
	111.75			  8.10296			  -0.61755			 -0.43652
	112.00			  7.90653			  -0.57351			 -0.37565
	112.25			  7.79176			  -0.52280			 -0.10839
	112.50			  7.72366			  -0.34702			 -0.19893
	112.75			  8.04116			  -0.09913			 -0.15120
	113.00			  8.12537			  -0.15682			 -0.15143
	113.25			  7.97936			  -0.47231			 0.17440
	113.50			  7.82800			  -0.23524			 0.05417
	113.75			  7.54674			  0.04028			 -0.11777
	114.00			  7.54473			  -0.08754			 -0.07918
	114.25			  7.51961			  -0.39398			 -0.25135
	114.50			  7.42786			  -0.41538			 -0.18407
	114.75			  7.47076			  -0.64909			 0.02614
	115.00			  7.41281			  -0.50906			 -0.15373
	115.25			  7.35923			  -0.35807			 -0.26425
	115.50			  7.28089			  -0.46157			 -0.35516
	115.75			  7.04602			  -0.52464			 -0.68240
	116.00			  7.21768			  -0.64633			 -0.31859
	116.25			  7.42725			  -0.85624			 -0.07951
	116.50			  7.53843			  -1.11258			 -0.19616
	116.75			  7.58806			  -1.05289			 -0.12911
	117.00			  7.85339			  -0.79532			 -0.07819
	117.25			  7.70440			  -0.66957			 -0.06586
	117.50			  7.74896			  -0.59216			 -0.17244
	117.75			  7.61205			  -0.67218			 -0.36759
	118.00			  7.64312			  -0.68146			 -0.32281
	118.25			  7.58570			  -0.63489			 -0.46573
	118.50			  7.72051			  -0.68285			 -0.42465
	118.75			  7.80209			  -0.74960			 -0.39699
	119.00			  7.88919			  -0.74492			 -0.37350
	119.25			  8.14402			  -0.93005			 -0.24371
	119.50			  8.00789			  -0.73463			 -0.27859
	119.75			  8.07556			  -0.73364			 0.15536
	120.00			  7.90863			  -0.88655			 0.29570
	120.25			  7.54849			  -1.26856			 0.04442
	120.50			  7.47820			  -1.18117			 -0.13136
	120.75			  7.71604			  -1.23894			 0.18809
	121.00			  7.64461			  -1.18386			 0.33630
	121.25			  7.55445			  -1.24930			 0.19958
	121.50			  7.67910			  -1.31513			 0.36181
	121.75			  7.94408			  -1.18025			 0.04151
	122.00			  7.74852			  -1.15915			 0.23812
	122.25			  7.98619			  -1.07652			 0.19751
	122.50			  8.03048			  -0.91501			 0.25880
	122.75			  8.09648			  -0.45045			 0.03955
	123.00			  7.96588			  -0.30459			 -0.08593
	123.25			  8.18481			  -0.45214			 0.08315
	123.50			  8.28994			  -0.45712			 0.14903
	123.75			  8.52849			  -0.50722			 0.27638
	124.00			  8.21160			  -0.60029			 0.15283
	124.25			  8.14874			  -0.55295			 0.07087
	124.50			  8.06112			  -0.37280			 0.17107
	124.75			  8.21449			  -0.28649			 0.23048
	125.00			  8.06217			  -0.38707			 0.11138
	125.25			  8.24863			  -0.40656			 -0.24305
	125.50			  8.31699			  -0.35493			 -0.30105
	125.75			  8.49478			  -0.57006			 -0.37776
	126.00			  8.66951			  -0.53553			 -0.60503
	126.25			  8.75075			  -0.43871			 -0.30082
	126.50			  8.69131			  -0.69765			 -0.34991
	126.75			  8.62583			  -0.77806			 -0.31353
	127.00			  8.68868			  -0.72152			 -0.18955
	127.25			  8.72510			  -0.73932			 -0.08527
	127.50			  8.91900			  -0.80392			 -0.38091
	127.75			  9.01809			  -0.94578			 -0.24071
	128.00			  8.77158			  -0.80791			 -0.10637
	128.25			  8.78130			  -0.72850			 -0.18852
	128.50			  8.66373			  -0.90634			 -0.43797
	128.75			  8.34185			  -0.74783			 -0.44683
	129.00			  8.37284			  -0.77699			 -0.09423
	129.25			  8.34553			  -0.93450			 -0.16287
	129.50			  8.12598			  -0.64157			 -0.24136
	129.75			  8.42589			  -0.65768			 0.01122
	130.00			  8.42423			  -0.53998			 -0.06300
	130.25			  8.46458			  -0.50960			 -0.25070
	130.50			  8.40278			  -0.25173			 -0.05948
	130.75			  8.48550			  -0.15375			 -0.19373
	131.00			  8.51877			  -0.26915			 0.12540
	131.25			  8.44830			  -0.07665			 0.32332
	131.50			  8.48603			  -0.16925			 0.11518
	131.75			  8.50363			  -0.34641			 -0.20503
	132.00			  8.52604			  -0.26892			 -0.12794
	132.25			  8.26911			  -0.38738			 -0.41799
	132.50			  8.34711			  -0.21068			 -0.48898
	132.75			  8.24451			  -0.20900			 -0.37640
	133.00			  8.40409			  0.03015			 -0.12644
	133.25			  8.29870			  0.16082			 -0.09437
	133.50			  8.15286			  0.04051			 -0.18355
	133.75			  8.14148			  0.14256			 -0.33331
	134.00			  8.25896			  0.74055			 -0.37889
	134.25			  8.02418			  0.54659			 -0.16676
	134.50			  8.28355			  0.54459			 -0.06896
	134.75			  8.51159			  0.49411			 -0.29074
	135.00			  8.52367			  0.06368			 -0.21975
	135.25			  8.25011			  0.10557			 -0.44880
	135.50			  8.18910			  -0.21713			 -0.34883
	135.75			  8.40007			  0.17555			 -0.35845
	136.00			  8.38956			  0.12644			 -0.07280
	136.25			  8.33485			  0.20010			 0.03096
	136.50			  8.13684			  0.23294			 -0.04917
	136.75			  8.26456			  0.28335			 -0.02343
	137.00			  8.29502			  0.29585			 0.04194
	137.25			  8.32618			  0.37035			 0.13215
	137.50			  8.32820			  0.24491			 0.16441
	137.75			  8.43001			  0.34603			 0.40542
	138.00			  8.33398			  0.05563			 0.31272
	138.25			  8.54319			  0.03276			 0.31760
	138.50			  8.81229			  0.04090			 0.13149
	138.75			  8.66680			  -0.20171			 0.35515
	139.00			  8.62968			  -0.24498			 0.09455
	139.25			  8.50608			  -0.20524			 0.11490
	139.50			  8.48209			  -0.27705			 0.24900
	139.75			  8.36015			  -0.61234			 -0.00345
	140.00			  8.57584			  -0.49134			 0.06721
	140.25			  8.65069			  -0.22258			 0.39928
	140.50			  8.53558			  -0.12989			 0.00199
	140.75			  8.28443			  -0.19964			 0.08854
	141.00			  8.39569			  -0.47439			 0.22790
	141.25			  8.40156			  -0.16519			 0.13290
	141.50			  8.38729			  -0.24444			 0.00157
	141.75			  8.23042			  -0.17286			 -0.28413
	142.00			  8.03836			  0.03913			 -0.18669
	142.25			  8.16695			  -0.11209			 -0.04209
	142.50			  8.27725			  -0.34748			 0.08062
	142.75			  8.25502			  -0.29255			 -0.34382
	143.00			  8.17142			  -0.18820			 -0.32487
	143.25			  8.31813			  -0.02777			 -0.14515
	143.50			  8.05088			  0.10389			 -0.15621
	143.75			  8.21186			  0.13979			 -0.25989
	144.00			  8.53785			  0.15383			 0.00504
	144.25			  8.53409			  -0.07181			 0.16704
	144.50			  8.24556			  -0.18153			 0.15241
	144.75			  8.22158			  -0.15398			 0.09375
	145.00			  7.99275			  -0.11501			 0.02599
	145.25			  7.93725			  0.07304			 -0.17033
	145.50			  7.89436			  -0.34288			 -0.14341
	145.75			  7.68164			  -0.34925			 -0.19176
	146.00			  7.77924			  -0.31472			 -0.01278
	146.25			  7.74204			  -0.02501			 0.05221
	146.50			  7.85689			  0.03215			 0.11508
	146.75			  7.76883			  0.19089			 0.05877
	147.00			  7.84814			  0.04366			 -0.13014
	147.25			  7.87247			  -0.09659			 -0.17708
	147.50			  7.95117			  -0.30344			 -0.17300
	147.75			  8.02050			  -0.34564			 -0.05048
	148.00			  8.22902			  -0.61610			 0.33565
	148.25			  8.25773			  -0.49664			 0.11499
	148.50			  8.21948			  -0.25879			 -0.01330
	148.75			  8.28207			  -0.46779			 -0.06769
	149.00			  8.36864			  -0.41347			 -0.07965
	149.25			  8.24705			  -0.42221			 -0.10403
	149.50			  8.17361			  -0.21429			 -0.00378
	149.75			  8.39053			  -0.26577			 0.00729
	150.00			  8.28811			  -0.24682			 -0.16911
	150.25			  8.27366			  -0.44845			 -0.05358
	150.50			  8.47859			  -0.57037			 0.02473
	150.75			  8.60123			  -0.40971			 -0.08316
	151.00			  8.58539			  -0.46334			 -0.30466
	151.25			  8.63756			  -0.41976			 -0.40210
	151.50			  8.38168			  -0.38040			 -0.59575
	151.75			  8.31708			  -0.49326			 -0.40885
	152.00			  8.35901			  -0.41416			 -0.20953
	152.25			  8.38282			  -0.63827			 -0.35005
	152.50			  8.46327			  -0.36467			 -0.25956
	152.75			  8.47395			  -0.20769			 -0.23855
	153.00			  8.55361			  -0.42820			 -0.08133
	153.25			  8.50634			  -0.14723			 -0.36815
	153.50			  8.30684			  -0.32040			 -0.01780
	153.75			  8.46082			  -0.29278			 0.01774
	154.00			  8.47675			  -0.38024			 -0.14098
	154.25			  8.32995			  -0.43940			 -0.22533
	154.50			  8.28110			  -0.30950			 -0.13150
	154.75			  8.34387			  -0.13710			 -0.30359
	155.00			  8.50039			  -0.02992			 -0.21595
	155.25			  8.51571			  0.03599			 -0.08719
	155.50			  8.56464			  0.23317			 0.09225
	155.75			  8.48708			  0.15130			 0.00349
	156.00			  8.27620			  0.50738			 -0.01878
	156.25			  8.39770			  0.30299			 0.07171
	156.50			  8.34010			  0.08770			 -0.04448
	156.75			  8.25064			  -0.08309			 -0.02690
	157.00			  8.16721			  -0.05693			 -0.03852
	157.25			  8.13378			  0.05402			 -0.23588
	157.50			  7.95914			  -0.14117			 0.16277
	157.75			  8.09508			  -0.12383			 0.12310
	158.00			  7.80778			  0.09123			 0.01999
	158.25			  7.95406			  0.03760			 0.04114
	158.50			  8.03906			  0.27721			 -0.11003
	158.75			  8.25195			  0.26670			 -0.12372
	159.00			  8.38160			  0.24046			 -0.16526
	159.25			  8.46117			  0.18713			 -0.24108
	159.50			  8.52306			  0.14455			 -0.14885
	159.75			  8.41565			  0.21552			 -0.12419
	160.00			  8.24871			  0.45728			 -0.01714
	160.25			  8.31524			  0.72052			 -0.04092
	160.50			  8.10498			  0.59891			 -0.09390
	160.75			  8.29152			  0.57321			 -0.22430
	161.00			  8.21168			  0.35324			 0.13501
	161.25			  8.25186			  0.01811			 0.16783
	161.50			  8.38913			  0.06959			 0.19010
	161.75			  8.50870			  -0.15843			 0.31164
	162.00			  8.82594			  -0.34219			 0.22930
	162.25			  8.58320			  -0.03107			 -0.07936
	162.50			  8.65673			  -0.06038			 0.05314
	162.75			  8.68833			  -0.08217			 0.07874
	163.00			  8.71240			  -0.19618			 0.08254
	163.25			  8.69735			  -0.20393			 0.17079
	163.50			  8.75092			  -0.32332			 0.24675
	163.75			  8.54923			  -0.46034			 0.14645
	164.00			  8.48025			  -0.53500			 -0.01006
	164.25			  8.55527			  -0.17240			 0.15672
	164.50			  8.61086			  -0.25633			 0.12268
	164.75			  8.71748			  -0.39820			 -0.10628
	165.00			  8.86945			  -0.61548			 -0.01367
	165.25			  8.57725			  -0.58510			 0.11039
	165.50			  8.68299			  -0.48175			 -0.11191
	165.75			  8.73446			  -0.35569			 -0.15087
	166.00			  8.61060			  -0.23731			 -0.14355
	166.25			  8.96171			  -0.24636			 -0.11481
	166.50			  8.76519			  -0.11915			 0.03139
	166.75			  8.91724			  -0.24951			 -0.03946
	167.00			  9.03761			  -0.30068			 0.05732
	167.25			  8.92749			  -0.19434			 -0.18210
	167.50			  8.96373			  -0.45843			 -0.32272
	167.75			  8.82839			  -0.43157			 -0.00139
	168.00			  8.91392			  -0.62254			 -0.03820
	168.25			  9.17934			  -0.67471			 0.29968
	168.50			  8.84406			  -1.01499			 0.09548
	168.75			  8.85422			  -1.19820			 -0.07111
	169.00			  8.63975			  -0.76824			 0.00443
	169.25			  8.77657			  -0.69060			 0.19334
	169.50			  8.84809			  -0.67663			 -0.05025
	169.75			  8.89282			  -0.63681			 -0.11383
	170.00			  9.04540			  -0.57911			 0.00349
	170.25			  9.02509			  -0.63436			 0.18710
	170.50			  8.74838			  -0.59676			 0.17749
	170.75			  8.57672			  -0.66827			 -0.05916
	171.00			  8.88170			  -0.73264			 -0.13113
	171.25			  9.28298			  -0.49548			 0.27352
	171.50			  9.29217			  -0.51382			 0.36678
	171.75			  9.15736			  -0.68722			 0.53605
	172.00			  8.87409			  -0.65461			 0.42694
	172.25			  8.67441			  -0.82264			 0.47749
	172.50			  8.86866			  -0.86253			 0.36495
	172.75			  8.78384			  -1.02473			 0.39726
	173.00			  8.77780			  -0.76448			 0.48804
	173.25			  8.43815			  -0.71730			 0.48513
	173.50			  8.42922			  -0.61425			 -0.05569
	173.75			  8.60640			  -0.43817			 0.02060
	174.00			  8.61279			  -0.23930			 0.06894
	174.25			  8.62128			  -0.00890			 0.28126
	174.50			  8.58092			  -0.27137			 0.47509
	174.75			  8.60482			  -0.83338			 0.36931
	175.00			  8.53426			  -0.69689			 0.48236
	175.25			  8.48087			  -0.80039			 0.34113
	175.50			  8.41486			  -0.77998			 0.24890
	175.75			  8.38063			  -0.60328			 0.26213
	176.00			  8.28487			  -0.58495			 0.14200
	176.25			  8.56096			  -0.66505			 -0.05601
	176.50			  8.51133			  -0.89338			 0.09773
	176.75			  8.57208			  -1.02550			 0.03420
	177.00			  8.69385			  -0.81312			 -0.23100
	177.25			  8.81658			  -0.77584			 0.05727
	177.50			  8.77298			  -0.59316			 -0.04288
	177.75			  8.47841			  -0.44730			 -0.08044
	178.00			  8.47342			  -0.25258			 -0.02047
	178.25			  8.61813			  0.08616			 -0.11153
	178.50			  8.61532			  -0.12199			 -0.20320
	178.75			  8.50231			  -0.54160			 -0.06464
	179.00			  8.66680			  -0.72750			 0.16661
	179.25			  8.64920			  -0.63420			 -0.24854
	179.50			  8.75556			  -0.59323			 -0.12231
	179.75			  8.68842			  -0.42904			 0.00471
	180.00			  8.68588			  -0.60198			 0.15255
	180.25			  8.45040			  -0.70203			 0.10533
	180.50			  8.50564			  -0.73816			 0.23146
	180.75			  8.46292			  -0.48620			 -0.15242
	181.00			  8.36978			  -0.28795			 -0.21966
	181.25			  8.22061			  -0.25641			 -0.08077
	181.50			  7.87737			  -0.28833			 -0.10286
	181.75			  8.03521			  -0.40150			 0.10270
	182.00			  7.98741			  -0.30375			 -0.08968
	182.25			  8.13413			  -0.17340			 -0.14084
	182.50			  8.20941			  -0.16565			 -0.12724
	182.75			  8.54880			  -0.39927			 0.25884
	183.00			  8.53812			  -0.37395			 0.35389
	183.25			  8.43596			  -0.48996			 0.32547
	183.50			  8.62434			  -0.29309			 0.34465
	183.75			  8.71337			  -0.57367			 0.59457
	184.00			  8.79487			  -0.50170			 0.38436
	184.25			  8.75766			  -0.39206			 0.31619
	184.50			  8.77622			  -0.08301			 0.26583
	184.75			  8.53006			  -0.55556			 0.15785
	185.00			  8.62329			  -0.69520			 -0.01681
	185.25			  8.69227			  -1.00701			 0.25570
	185.50			  8.65944			  -0.68921			 0.06777
	185.75			  8.74453			  -0.36904			 -0.04068
	186.00			  8.83723			  -0.37902			 -0.03538
	186.25			  9.01170			  -0.36083			 0.06815
	186.50			  8.84310			  -0.49418			 0.31769
	186.75			  8.73446			  -0.42091			 0.32139
	187.00			  8.83505			  -0.50584			 0.12826
	187.25			  8.83969			  -0.61541			 0.19362
	187.50			  8.79837			  -0.74799			 0.03232
	187.75			  8.91777			  -0.61264			 -0.04926
	188.00			  8.82857			  -0.62131			 -0.12569
	188.25			  8.84257			  -0.68944			 -0.32492
	188.50			  8.58591			  -0.33076			 0.03706
	188.75			  8.55475			  -0.13641			 -0.01485
	189.00			  8.41180			  -0.06498			 -0.13704
	189.25			  8.39219			  -0.39321			 -0.18196
	189.50			  8.49741			  -0.62645			 -0.23363
	189.75			  8.58469			  -0.43833			 -0.11472
	190.00			  8.88407			  -0.55518			 -0.02910
	190.25			  8.77605			  -0.46549			 -0.06394
	190.50			  8.58477			  -0.26078			 -0.07693
	190.75			  8.59589			  -0.38853			 -0.14820
	191.00			  8.67030			  -0.54651			 0.14645
	191.25			  8.62811			  -0.59177			 -0.02488
	191.50			  8.42922			  -0.78957			 0.14195
	191.75			  8.43692			  -0.96512			 0.02749
	192.00			  8.44603			  -0.78642			 0.10036
	192.25			  8.46441			  -0.49364			 -0.07683
	192.50			  8.61506			  -0.43794			 -0.31901
	192.75			  8.67870			  -0.15253			 -0.11176
	193.00			  8.76615			  -0.33996			 0.00461
	193.25			  8.48402			  -0.29055			 0.11729
	193.50			  8.57313			  -0.19258			 -0.02169
	193.75			  8.66890			  -0.29109			 -0.13643
	194.00			  8.46397			  -0.31886			 -0.09212
	194.25			  8.45382			  -0.40648			 -0.21651
	194.50			  8.60254			  -0.34019			 -0.08251
	194.75			  8.70987			  -0.37365			 -0.53812
	195.00			  8.74182			  -0.21935			 -0.25379
	195.25			  8.71214			  -0.04841			 -0.38541
	195.50			  8.67056			  0.15921			 -0.53822
	195.75			  8.55449			  0.08486			 -0.77772
	196.00			  8.60027			  0.02647			 -0.63448
	196.25			  8.74873			  -0.04281			 -0.56996
	196.50			  8.74628			  -0.02816			 -0.46704
	196.75			  8.69113			  0.02808			 -0.41565
	197.00			  8.40409			  -0.03445			 -0.47684
	197.25			  8.42528			  0.04143			 -0.59012
	197.50			  8.38326			  0.00975			 -0.25313
	197.75			  8.33336			  -0.12537			 -0.16400
	198.00			  8.33748			  0.00668			 -0.30495
	198.25			  8.40523			  -0.10818			 -0.41720
	198.50			  8.48866			  -0.05094			 -0.53798
	198.75			  8.59852			  -0.26339			 -0.34025
	199.00			  8.72028			  -0.22235			 -0.29571
	199.25			  8.70155			  0.11471			 -0.20479
	199.50			  8.57173			  0.09606			 0.05014
	199.75			  8.48498			  0.10488			 -0.15453
	200.00			  8.55545			  0.06691			 0.10871
	200.25			  8.62784			  0.04289			 0.07044
	200.50			  8.62233			  0.19365			 0.07907
	200.75			  8.59974			  0.05900			 0.12432
	201.00			  8.53330			  0.02033			 0.25195
	201.25			  8.45644			  0.01780			 0.11166
	201.50			  8.34553			  0.54720			 0.15531
	201.75			  8.33126			  0.20463			 0.05403
	202.00			  8.56193			  0.34281			 0.13360
	202.25			  8.65410			  0.49058			 0.34020
	202.50			  8.58547			  0.72190			 0.60394
	202.75			  8.66400			  0.85111			 0.45831
	203.00			  8.69796			  0.66919			 0.30822
	203.25			  8.77394			  0.62124			 -0.03777
	203.50			  8.65717			  0.45820			 0.00377
	203.75			  8.51877			  0.52426			 0.11302
	204.00			  8.60928			  0.15890			 0.11082
	204.25			  8.64894			  0.35409			 -0.11411
	204.50			  8.63712			  0.65485			 -0.01592
	204.75			  8.33897			  0.26125			 0.02121
	205.00			  8.24355			  0.04811			 -0.27222
	205.25			  8.61471			  0.25841			 -0.22552
	205.50			  8.54223			  0.42628			 -0.31151
	205.75			  8.20311			  0.55081			 0.00241
	206.00			  8.22875			  0.45329			 0.07218
	206.25			  8.39376			  0.11171			 0.09558
	206.50			  8.27681			  0.01941			 0.14889
	206.75			  8.60543			  0.28780			 0.30203
	207.00			  8.48375			  0.41109			 0.20656
	207.25			  8.21352			  0.41516			 0.24970
	207.50			  8.14988			  0.64318			 0.15072
	207.75			  8.36094			  0.64779			 -0.07669
	208.00			  8.45749			  0.66896			 0.08264
	208.25			  8.74523			  0.43350			 0.32200
	208.50			  8.80406			  0.38715			 0.10552
	208.75			  8.89370			  0.63981			 0.17604
	209.00			  8.97773			  0.93289			 0.17646
	209.25			  9.08654			  0.54490			 0.26278
	209.50			  8.73595			  0.52503			 0.20863
	209.75			  8.53094			  0.53891			 0.31197
	210.00			  8.65603			  0.38278			 0.18434
	210.25			  8.39341			  0.32209			 0.18124
	210.50			  8.36540			  0.45084			 0.05085
	210.75			  8.44462			  0.77300			 0.18950
	211.00			  8.31866			  0.83860			 0.26977
	211.25			  8.33082			  0.66635			 0.32416
	211.50			  8.25624			  0.84029			 0.53596
	211.75			  8.25668			  0.86476			 0.55856
	212.00			  8.25475			  0.64840			 0.46459
	212.25			  8.02391			  0.57099			 0.21449
	212.50			  8.23812			  0.32838			 0.04770
	212.75			  8.43307			  0.54490			 0.00128
	213.00			  8.30246			  0.53991			 -0.18107
	213.25			  8.22324			  0.69451			 -0.02103
	213.50			  8.36759			  0.50608			 0.00330
	213.75			  8.37153			  0.52487			 0.11579
	214.00			  8.43246			  0.20984			 0.09933
	214.25			  8.58521			  0.56047			 0.20933
	214.50			  8.48008			  0.74622			 0.27366
	214.75			  8.44611			  0.51244			 0.46726
	215.00			  8.45268			  0.42099			 0.40134
	215.25			  8.39779			  0.30360			 0.32116
	215.50			  8.07950			  0.29186			 0.51570
	215.75			  8.13500			  0.20248			 0.42539
	216.00			  8.24005			  0.46902			 0.07743
	216.25			  8.36952			  0.36345			 -0.04199
	216.50			  8.33581			  0.34150			 0.10603
	216.75			  8.06733			  0.17194			 0.04700
	217.00			  8.11320			  0.12084			 0.18129
	217.25			  8.14445			  0.12161			 0.21510
	217.50			  8.33284			  0.32524			 0.06421
	217.75			  8.63502			  0.32677			 -0.17877
	218.00			  8.54748			  0.32132			 -0.43689
	218.25			  8.30631			  0.37311			 -0.15120
	218.50			  8.48699			  0.60382			 -0.09052
	218.75			  8.27436			  0.48360			 0.22288
	219.00			  7.96745			  0.35324			 0.16310
	219.25			  7.95747			  0.43894			 0.30808
	219.50			  7.88753			  0.24460			 0.00639
	219.75			  7.84752			  0.28350			 -0.09343
	220.00			  7.82293			  0.35493			 -0.03243
	220.25			  7.70694			  0.26010			 -0.31174
	220.50			  7.96938			  0.03499			 -0.51243
	220.75			  8.05972			  -0.07143			 -0.38480
	221.00			  8.20249			  0.05440			 -0.38241
	221.25			  8.26228			  0.23723			 -0.39206
	221.50			  8.00177			  -0.08685			 -0.22997
	221.75			  8.04519			  -0.00038			 -0.15115
	222.00			  8.10366			  0.04527			 0.02271
	222.25			  7.99967			  -0.15168			 -0.14163
	222.50			  8.03267			  -0.14562			 -0.17867
	222.75			  8.14463			  -0.14340			 -0.03304
	223.00			  8.09289			  -0.12046			 0.03701
	223.25			  7.98995			  0.13603			 -0.06956
	223.50			  7.95126			  0.05409			 0.14659
	223.75			  7.73504			  -0.01112			 0.41845
	224.00			  7.91405			  0.04918			 0.20684
	224.25			  7.73644			  0.03292			 0.29490
	224.50			  7.83150			  0.26662			 0.15789
	224.75			  7.85864			  0.11233			 -0.12677
	225.00			  8.04387			  0.17378			 -0.17731
	225.25			  8.15855			  0.11540			 -0.19996
	225.50			  8.13325			  -0.03222			 -0.19856
	225.75			  7.85820			  0.13972			 -0.34794
	226.00			  7.62010			  -0.06790			 -0.30251
	226.25			  7.74659			  -0.14938			 -0.18969
	226.50			  7.75990			  -0.06966			 -0.00533
	226.75			  7.73241			  -0.03721			 -0.07810
	227.00			  7.80235			  0.39145			 -0.01663
	227.25			  7.69713			  0.48045			 -0.10229
	227.50			  7.77671			  0.35332			 0.10388
	227.75			  7.91642			  0.27552			 0.33823
	228.00			  7.89462			  -0.06583			 -0.08560
	228.25			  7.90337			  -0.37633			 0.03786
	228.50			  8.08011			  -0.61487			 0.11790
	228.75			  8.31752			  -0.54106			 0.22527
	229.00			  8.35674			  -0.72581			 0.15255
	229.25			  8.09990			  -0.48543			 0.03481
	229.50			  8.12826			  -0.28196			 -0.02263
	229.75			  8.20153			  -0.63520			 -0.01705
	230.00			  8.25782			  -0.62730			 -0.07458
	230.25			  8.50844			  -0.66136			 -0.09709
	230.50			  8.28828			  -0.56239			 0.17932
	230.75			  8.31533			  -0.86944			 -0.19935
	231.00			  8.51859			  -0.97478			 -0.17356
	231.25			  8.56105			  -0.79916			 -0.07468
	231.50			  8.63922			  -0.89998			 0.17519
	231.75			  8.51360			  -0.74346			 0.08808
	232.00			  8.75547			  -0.70993			 0.10847
	232.25			  8.98526			  -0.50400			 -0.09671
	232.50			  8.78655			  -0.46410			 -0.35108
	232.75			  8.95988			  -0.44776			 -0.35535
	233.00			  9.02535			  -0.31641			 -0.45691
	233.25			  8.96583			  -0.05255			 -0.31643
	233.50			  8.92687			  -0.07496			 -0.33669
	233.75			  8.85781			  -0.03176			 -0.09066
	234.00			  8.88958			  -0.36053			 0.10716
	234.25			  8.93677			  -0.25058			 -0.02488
	234.50			  8.82507			  -0.42812			 0.00527
	234.75			  8.83277			  -0.42006			 0.12723
	235.00			  8.67152			  -0.50853			 0.00949
	235.25			  8.57164			  -0.80476			 0.08123
	235.50			  8.46581			  -0.62262			 -0.26162
	235.75			  8.43850			  -0.36429			 -0.22223
	236.00			  8.43832			  -0.37909			 -0.13169
	236.25			  8.54888			  -0.64901			 -0.09671
	236.50			  8.43701			  -0.63090			 -0.08190
	236.75			  8.41162			  -0.49541			 -0.00645
	237.00			  8.44480			  -0.32777			 0.05371
	237.25			  8.69516			  -0.42068			 0.26222
	237.50			  8.64728			  -0.43756			 0.09145
	237.75			  8.68238			  -0.47761			 0.24117
	238.00			  8.71521			  -0.71967			 0.10435
	238.25			  8.82874			  -0.60720			 0.11096
	238.50			  9.16332			  -0.59047			 0.13253
	238.75			  9.08882			  -0.89008			 0.00583
	239.00			  8.79355			  -0.95997			 -0.05123
	239.25			  8.60062			  -0.50009			 0.05929
	239.50			  8.96154			  -0.47055			 -0.26425
	239.75			  9.16577			  -0.49510			 -0.06098
	240.00			  8.93221			  -0.44247			 -0.37861
	240.25			  9.05503			  -0.42206			 -0.22064
	240.50			  9.14677			  -0.48359			 -0.17108
	240.75			  9.21584			  -0.37104			 0.07077
	241.00			  9.04671			  -0.23362			 -0.03707
	241.25			  9.12060			  -0.06790			 -0.17520
	241.50			  8.74576			  0.07527			 -0.09582
	241.75			  8.53925			  -0.02340			 0.18640
	242.00			  8.76528			  -0.01458			 0.20736
	242.25			  8.61174			  -0.01933			 0.25800
	242.50			  8.66881			  0.14187			 0.09553
	242.75			  8.85509			  0.03453			 0.15766
	243.00			  9.06396			  -0.04749			 0.01774
	243.25			  8.71328			  -0.21076			 0.17276
	243.50			  9.08654			  -0.23224			 0.14823
	243.75			  9.11753			  -0.78113			 0.13525
	244.00			  9.06615			  -0.67410			 0.20961
	244.25			  9.15220			  -0.41508			 0.30503
	244.50			  8.81010			  -0.54513			 0.42319
	244.75			  8.74970			  -0.53968			 0.63184
	245.00			  8.24915			  -0.38815			 0.44884
	245.25			  8.18560			  -0.40625			 0.30409
	245.50			  8.21221			  -0.45889			 0.40847
	245.75			  8.37993			  -0.43058			 0.37213
	246.00			  8.50371			  -0.38101			 0.22316
	246.25			  8.35884			  -0.51988			 0.16976
	246.50			  8.40497			  -0.24306			 0.15353
	246.75			  8.50345			  0.06315			 0.38526
	247.00			  8.62837			  0.13734			 0.39641
	247.25			  8.68194			  0.12706			 0.29673
	247.50			  8.29756			  0.16166			 0.43393
	247.75			  8.43272			  -0.09805			 0.14842
	248.00			  8.49977			  0.03169			 0.15048
	248.25			  8.34684			  -0.22058			 -0.04340
	248.50			  8.23760			  -0.35892			 -0.28919
	248.75			  8.34177			  -0.58433			 -0.10229
	249.00			  8.56044			  -0.27352			 0.14326
	249.25			  8.44603			  -0.54842			 -0.16269
	249.50			  8.30964			  -0.29063			 -0.21572
	249.75			  8.47369			  -0.29815			 -0.14318
	250.00			  8.36925			  -0.43825			 -0.08157
	250.25			  8.29721			  -0.39145			 0.11958
	250.50			  8.19496			  -0.46648			 -0.11730
	250.75			  8.35385			  -0.46088			 -0.25548
	251.00			  8.11679			  -0.53454			 -0.27855
	251.25			  8.07013			  -0.60796			 0.14772
	251.50			  8.05683			  -0.56676			 0.26569
	251.75			  8.20048			  -0.68776			 0.29982
	252.00			  8.11504			  -0.86821			 0.15906
	252.25			  8.07381			  -1.05757			 0.17229
	252.50			  8.11224			  -0.53684			 0.32594
	252.75			  8.08440			  -0.47638			 0.15686
	253.00			  8.28434			  -0.13557			 0.12352
	253.25			  8.30246			  -0.10856			 -0.03243
	253.50			  8.11776			  -0.69950			 -0.22580
	253.75			  8.11294			  -0.40219			 -0.11294
	254.00			  8.15619			  -0.19634			 -0.24488
	254.25			  7.95809			  -0.33030			 -0.15847
	254.50			  8.07434			  -0.50477			 -0.10112
	254.75			  8.24381			  -0.38354			 0.04001
	255.00			  8.32960			  -0.51965			 0.17374
	255.25			  8.47833			  -0.53446			 -0.05283
	255.50			  8.63773			  -0.14439			 0.30906
	255.75			  8.67065			  -0.03759			 0.49010
	256.00			  8.54284			  -0.33958			 0.44424
	256.25			  8.40926			  -0.30229			 0.36514
	256.50			  8.22018			  -0.13757			 0.23690
	256.75			  8.22306			  0.01404			 0.26363
	257.00			  8.38028			  0.47876			 0.11011
	257.25			  8.33319			  0.41470			 0.09061
	257.50			  8.66732			  0.73886			 0.15053
	257.75			  8.78865			  0.74239			 -0.16226
	258.00			  8.96679			  0.61733			 -0.29965
	258.25			  8.97073			  0.75512			 -0.50403
	258.50			  9.15614			  1.10775			 -0.50479
	258.75			  9.24700			  1.04046			 -0.15631
	259.00			  9.05109			  0.34189			 0.06074
	259.25			  9.12830			  0.60006			 0.25247
	259.50			  8.73516			  0.60474			 0.19958
	259.75			  8.87575			  0.30959			 -0.06173
	260.00			  8.89729			  0.36928			 -0.09151
	260.25			  8.76860			  0.13703			 0.09820
	260.50			  8.72090			  0.26777			 0.12779
	260.75			  8.77176			  0.46465			 -0.10375
	261.00			  8.46914			  0.12744			 0.15241
	261.25			  8.55396			  -0.07872			 0.06074
	261.50			  8.62303			  -0.03575			 0.10861
	261.75			  8.70269			  -0.12053			 0.04348
	262.00			  8.58547			  0.00476			 -0.24071
	262.25			  8.22972			  -0.21559			 -0.29894
	262.50			  8.47351			  -0.20171			 -0.39024
	262.75			  8.52393			  -0.21237			 -0.32262
	263.00			  8.42563			  -0.15475			 -0.26064
	263.25			  8.57156			  -0.11555			 -0.17066
	263.50			  8.49111			  -0.04281			 0.14420
	263.75			  8.52954			  -0.29063			 0.06805
	264.00			  8.75521			  -0.57144			 -0.20967
	264.25			  8.66365			  -0.40403			 -0.23246
	264.50			  8.69122			  -0.55663			 -0.12428
	264.75			  8.70330			  -0.45636			 0.23591
	265.00			  8.61839			  -0.23232			 0.26470
	265.25			  8.68203			  -0.13772			 0.25533
	265.50			  8.58976			  -0.12928			 0.18828
	265.75			  8.47841			  -0.25557			 0.59124
	266.00			  8.63178			  -0.25557			 0.66767
	266.25			  8.69026			  -0.12122			 0.55096
	266.50			  8.66365			  -0.36935			 0.37442
	266.75			  8.47990			  -0.44017			 0.50824
	267.00			  8.57138			  -0.65177			 0.15578
	267.25			  8.52402			  -0.63520			 0.38179
	267.50			  8.41871			  -0.68077			 0.16446
	267.75			  8.43535			  -0.64218			 -0.00097
	268.00			  8.66794			  -0.66620			 0.12441
	268.25			  8.60648			  -0.63873			 -0.12353
	268.50			  8.73963			  -0.59377			 -0.07378
	268.75			  8.60876			  -0.68407			 -0.07280
	269.00			  8.55991			  -0.63643			 0.07645
	269.25			  8.51597			  -0.73563			 -0.07636
	269.50			  8.22123			  -0.69489			 -0.09127
	269.75			  8.31148			  -0.67149			 0.06421
	270.00			  8.39980			  -0.76440			 0.29612
	270.25			  8.44839			  -0.63988			 0.29162
	270.50			  8.36313			  -0.40395			 0.33513
	270.75			  8.16573			  -0.36467			 0.35276
	271.00			  8.11198			  -0.12506			 0.07457
	271.25			  8.07906			  -0.31810			 0.19906
	271.50			  7.99932			  -0.05831			 0.36556
	271.75			  7.88114			  0.26455			 0.42581
	272.00			  8.04335			  -0.02785			 0.65313
	272.25			  8.17711			  -0.34633			 0.32838
	272.50			  8.27174			  -0.31488			 0.31323
	272.75			  8.37617			  -0.51014			 0.30268
	273.00			  8.25545			  -0.19357			 0.33260
	273.25			  8.16879			  -0.25925			 0.30240
	273.50			  8.15592			  -0.27759			 0.47716
	273.75			  8.07994			  -0.46625			 0.30132
	274.00			  8.22692			  -0.50147			 0.16614
	274.25			  8.25221			  -0.42942			 0.25345
	274.50			  7.98934			  -0.48474			 0.10782
	274.75			  8.24285			  -0.31672			 0.07621
	275.00			  8.33039			  -0.22472			 0.06899
	275.25			  8.14761			  -0.30966			 -0.35699
	275.50			  7.88210			  -0.49556			 -0.16719
	275.75			  7.77828			  -0.44600			 -0.23850
	276.00			  7.76664			  -0.50569			 -0.53958
	276.25			  7.92692			  -0.57014			 -0.30640
	276.50			  8.05315			  -0.65346			 -0.26392
	276.75			  8.06497			  -0.92867			 -0.10656
	277.00			  7.90898			  -0.90680			 -0.12161
	277.25			  8.09902			  -1.28836			 -0.21403
	277.50			  8.10865			  -1.14319			 -0.07679
	277.75			  8.15286			  -0.94409			 -0.18899
	278.00			  8.18315			  -0.77484			 0.03425
	278.25			  8.27436			  -0.35362			 0.00700
	278.50			  8.38238			  -0.32155			 0.18213
	278.75			  8.65892			  -0.18767			 0.41428
	279.00			  8.83951			  -0.41907			 0.33480
	279.25			  8.71284			  -0.48405			 -0.14341
	279.50			  8.39333			  -0.85340			 -0.38222
	279.75			  7.92132			  -0.92752			 -0.36229
	280.00			  7.91467			  -1.00447			 -0.26959
	280.25			  7.82476			  -0.88256			 -0.32525
	280.50			  7.84411			  -0.85141			 -0.49616
	280.75			  7.81435			  -0.69673			 -0.30218
	281.00			  7.82975			  -0.17961			 -0.33420
	281.25			  8.01105			  -0.26255			 -0.13887
	281.50			  7.92561			  -0.37618			 0.05441
	281.75			  8.03284			  -0.55871			 0.08503
	282.00			  8.03258			  -0.55364			 -0.07214
	282.25			  7.94408			  -0.40012			 0.23807
	282.50			  8.05455			  -0.29777			 0.32852
	282.75			  8.15163			  -0.00460			 0.40354
	283.00			  8.15260			  0.05148			 0.45006
	283.25			  8.15916			  0.07419			 0.18579
	283.50			  8.15513			  0.24682			 0.43257
	283.75			  8.09298			  0.14862			 0.37527
	284.00			  8.21011			  0.11202			 0.37944
	284.25			  8.32899			  -0.03076			 0.46032
	284.50			  8.18420			  -0.06552			 0.38108
	284.75			  8.23234			  -0.08416			 0.18720
	285.00			  8.14367			  -0.20017			 0.19672
	285.25			  7.97209			  -0.59392			 0.25467
	285.50			  7.95835			  -0.44815			 0.47416
	285.75			  7.83378			  -0.38293			 0.58913
	286.00			  7.95704			  -0.33881			 0.52381
	286.25			  7.85514			  -0.41339			 0.28866
	286.50			  7.63945			  -0.25073			 0.26574
	286.75			  7.40064			  -0.22986			 0.21336
	287.00			  7.53300			  -0.32239			 0.05863
	287.25			  7.23703			  -0.04879			 0.25050
	287.50			  7.11640			  0.24544			 0.27263
	287.75			  7.15536			  0.13220			 0.26691
	288.00			  7.28754			  -0.04289			 0.27329
	288.25			  7.04121			  -0.07994			 -0.11664
	288.50			  7.24754			  -0.05509			 -0.14482
	288.75			  7.55576			  -0.16403			 0.17388
	289.00			  7.56381			  -0.06452			 0.27047
	289.25			  7.62456			  -0.07273			 0.24567
	289.50			  7.50726			  0.03744			 0.16188
	289.75			  7.33840			  0.24161			 0.35989
	290.00			  7.14231			  -0.00383			 0.50810
	290.25			  7.08445			  0.23225			 0.24937
	290.50			  7.23230			  0.41032			 0.39609
	290.75			  7.27397			  0.44393			 0.64019
	291.00			  7.37009			  0.43319			 0.77270
	291.25			  7.34392			  0.20908			 0.68009
	291.50			  7.03018			  0.16458			 0.62462
	291.75			  7.11973			  0.15360			 0.65796
	292.00			  7.20210			  0.19803			 0.75680
	292.25			  7.55585			  0.46856			 0.83140
	292.50			  7.65827			  0.58664			 0.89212
	292.75			  7.68584			  0.54812			 0.36931
	293.00			  7.79141			  0.53063			 0.32641
	293.25			  7.80262			  0.47347			 0.43130
	293.50			  7.94443			  0.24705			 0.67793
	293.75			  7.88595			  -0.10795			 0.62833
	294.00			  7.87746			  -0.17462			 0.49413
	294.25			  7.83185			  0.04634			 0.97399
	294.50			  7.93576			  -0.31142			 1.01713
	294.75			  7.95099			  -0.11347			 1.00475
	295.00			  7.69608			  -0.26554			 0.64342
	295.25			  7.84210			  -0.22603			 0.51110
	295.50			  7.67744			  -0.15283			 0.20741
	295.75			  7.52600			  -0.15176			 0.10800
	296.00			  7.47128			  -0.18368			 0.47402
	296.25			  7.90337			  -0.27582			 0.48175
	296.50			  7.97025			  -0.28403			 0.32571
	296.75			  7.62115			  -0.44515			 0.24698
	297.00			  7.58027			  -0.34840			 0.35023
	297.25			  7.81391			  -0.77131			 0.49765
	297.50			  7.91081			  -0.49564			 0.39154
	297.75			  7.75473			  -0.49817			 0.65890
	298.00			  7.75500			  -0.73517			 0.66813
	298.25			  7.73215			  -0.70517			 0.48832
	298.50			  7.73941			  -0.84911			 0.68051
	298.75			  7.81478			  -0.66566			 0.45751
	299.00			  7.81907			  -0.57858			 0.11307
	299.25			  8.21991			  -0.66213			 0.30254
	299.50			  8.36654			  -0.72581			 0.05825
	299.75			  8.27821			  -0.85755			 0.15062
	300.00			  8.34019			  -0.65154			 0.17393
	300.25			  8.53812			  -0.38654			 0.20741
	300.50			  8.49802			  -0.33183			 0.19836
	300.75			  8.47448			  -0.24882			 0.18115
	301.00			  8.29467			  -0.03575			 0.07185
	301.25			  8.21939			  0.29992			 -0.14355
	301.50			  7.96491			  0.40250			 -0.35915
	301.75			  8.12809			  0.67288			 -0.51655
	302.00			  8.05079			  0.55794			 -0.25857
	302.25			  7.87746			  0.35677			 0.05089
	302.50			  7.66448			  0.57912			 0.05338
	302.75			  7.72234			  0.67349			 0.05671
	303.00			  7.75202			  0.67157			 -0.19382
	303.25			  7.61896			  0.71615			 -0.38395
	303.50			  7.55725			  0.32478			 -0.24755
	303.75			  7.44362			  0.68899			 0.02815
	304.00			  7.25375			  0.55817			 -0.12860
	304.25			  7.25060			  0.20746			 -0.28755
	304.50			  7.20035			  -0.02355			 0.05750
	304.75			  7.18276			  0.00315			 0.35586
	305.00			  7.01460			  -0.18997			 0.08484
	305.25			  7.11667			  -0.30406			 0.15405
	305.50			  7.00059			  -0.09920			 0.17796
	305.75			  6.98912			  -0.01419			 -0.07271
	306.00			  7.06020			  -0.05102			 0.04517
	306.25			  7.22005			  0.01289			 0.09408
	306.50			  7.41027			  -0.07273			 0.03664
	306.75			  7.54981			  -0.28073			 0.06299
	307.00			  7.47592			  -0.27552			 0.08990
	307.25			  7.36177			  0.05095			 -0.00594
	307.50			  7.11649			  0.26240			 -0.19682
	307.75			  7.46297			  0.43702			 -0.34016
	308.00			  7.33157			  0.38224			 -0.04007
	308.25			  7.27966			  0.37979			 -0.18786
	308.50			  7.34427			  0.35063			 -0.15101
	308.75			  7.39591			  0.23148			 0.27558
	309.00			  7.40143			  0.32777			 0.23826
	309.25			  7.54814			  0.16013			 0.18570
	309.50			  7.46025			  0.33291			 -0.07589
	309.75			  7.31223			  0.60382			 -0.01958
	310.00			  7.36501			  0.47738			 -0.31831
	310.25			  7.24079			  0.38623			 -0.15031
	310.50			  7.23913			  0.39782			 -0.18632
	310.75			  7.33971			  0.40879			 -0.28431
	311.00			  7.33840			  0.10289			 -0.03266
	311.25			  7.26417			  0.01220			 -0.10450
	311.50			  7.24403			  -0.06544			 0.00513
	311.75			  7.33402			  -0.07680			 0.05671
	312.00			  7.36711			  -0.15567			 0.16455
	312.25			  7.28745			  -0.17324			 0.13042
	312.50			  7.34952			  -0.43779			 0.44827
	312.75			  7.28964			  -0.26754			 0.42211
	313.00			  7.29174			  -0.34204			 0.36734
	313.25			  7.56950			  -0.36812			 0.33391
	313.50			  7.82713			  -0.53323			 0.14561
	313.75			  8.02689			  -0.55825			 0.12352
	314.00			  8.16433			  -0.69198			 0.18166
	314.25			  8.14419			  -0.58057			 0.41236
	314.50			  8.31594			  -0.28695			 0.47176
	314.75			  8.29747			  -0.18245			 0.24478
	315.00			  8.04667			  -0.40825			 0.00489
	315.25			  7.89532			  -0.28541			 0.10753
	315.50			  7.91537			  0.07673			 -0.12457
	315.75			  7.86407			  0.06330			 -0.36482
	316.00			  7.91834			  0.03959			 -0.11247
	316.25			  7.84726			  -0.07672			 0.04015
	316.50			  7.83387			  -0.32293			 -0.09512
	316.75			  7.78809			  0.05908			 0.05455
	317.00			  7.88289			  -0.03966			 -0.06788
	317.25			  7.92088			  -0.16818			 0.27830
	317.50			  7.88018			  -0.44239			 0.40926
	317.75			  7.84630			  -0.56845			 0.23643
	318.00			  7.53965			  -0.33904			 0.17144
	318.25			  7.56224			  -0.20255			 -0.06094
	318.50			  7.51164			  -0.07396			 -0.03388
	318.75			  7.53186			  0.04059			 0.08498
	319.00			  7.61563			  0.12806			 -0.29529
	319.25			  7.67569			  -0.03330			 -0.35015
	319.50			  7.63087			  0.16220			 -0.22636
	319.75			  7.52214			  0.29600			 -0.26026
	320.00			  7.49072			  0.33467			 -0.17942
	320.25			  7.43172			  0.32930			 -0.16395
	320.50			  7.35109			  0.16465			 -0.10168
	320.75			  7.41456			  0.24782			 0.08784
	321.00			  7.57721			  0.29547			 -0.19518
	321.25			  7.51663			  0.04466			 -0.15551
	321.50			  7.41211			  -0.07803			 -0.39600
	321.75			  7.22583			  -0.27889			 -0.42456
	322.00			  7.08743			  -0.31986			 -0.51895
	322.25			  7.16472			  -0.16189			 -0.57601
	322.50			  7.21725			  0.09890			 -0.38231
	322.75			  7.12078			  0.07910			 -0.14069
	323.00			  7.20254			  0.14793			 0.08484
	323.25			  7.25156			  0.11985			 0.28182
	323.50			  7.16560			  0.05685			 0.40598
	323.75			  7.25331			  0.04703			 0.37353
	324.00			  7.38147			  -0.15199			 0.03608
	324.25			  7.44739			  -0.25664			 -0.15284
	324.50			  7.23178			  0.04166			 -0.06689
	324.75			  7.23861			  -0.04266			 -0.04387
	325.00			  7.25857			  -0.12913			 -0.14379
	325.25			  7.19580			  -0.14209			 -0.07275
	325.50			  7.23160			  -0.12890			 -0.25740
	325.75			  7.36177			  -0.31495			 -0.61657
	326.00			  7.52880			  -0.25357			 -0.54530
	326.25			  7.55961			  -0.47546			 -0.38972
	326.50			  7.90224			  -0.38661			 -0.44355
	326.75			  8.13710			  -0.26378			 -0.44130
	327.00			  8.03801			  -0.45436			 -0.15640
	327.25			  7.70667			  -0.43917			 0.00166
	327.50			  7.44397			  -0.12015			 -0.33852
	327.75			  7.54035			  -0.29017			 -0.41832
	328.00			  7.52941			  -0.48705			 -0.50150
	328.25			  7.36598			  -0.37894			 -0.33538
	328.50			  7.40327			  -0.29961			 -0.26664
	328.75			  7.48328			  -0.08846			 -0.49433
	329.00			  7.45264			  -0.14048			 -0.33833
	329.25			  7.68094			  -0.29654			 -0.06037
	329.50			  7.67420			  -0.30137			 -0.27156
	329.75			  7.70974			  -0.35669			 -0.26429
	330.00			  7.58876			  -0.44815			 -0.22622
	330.25			  7.67542			  -0.20493			 -0.07167
	330.50			  7.50324			  -0.04358			 -0.20615
	330.75			  7.97901			  0.10174			 0.05732
	331.00			  8.23007			  0.39805			 0.19325
	331.25			  8.17614			  0.40488			 0.17998
	331.50			  8.14839			  0.29424			 0.07921
	331.75			  8.10279			  0.45436			 -0.30907
	332.00			  8.09876			  0.39091			 -0.26500
	332.25			  8.04536			  0.38577			 -0.21140
	332.50			  8.08563			  0.33744			 -0.17722
	332.75			  7.91738			  0.58572			 -0.36773
	333.00			  8.13614			  0.40027			 -0.11908
	333.25			  7.96334			  0.13772			 -0.01625
	333.50			  8.03214			  0.06928			 -0.31118
	333.75			  7.88972			  -0.26071			 -0.20765
	334.00			  7.80699			  -0.26623			 -0.15875
	334.25			  7.98102			  -0.49088			 -0.32103
	334.50			  7.80831			  -0.38400			 -0.38180
	334.75			  7.81373			  -0.43518			 -0.37392
	335.00			  7.74869			  -0.30014			 -0.24924
	335.25			  8.01464			  -0.12867			 -0.38784
	335.50			  7.90031			  -0.35132			 -0.17783
	335.75			  7.83352			  -0.31664			 -0.16123
	336.00			  8.04501			  -0.24268			 -0.07130
	336.25			  7.83045			  -0.09015			 0.08118
	336.50			  8.17597			  -0.06084			 0.16305
	336.75			  8.01227			  0.07074			 0.12615
	337.00			  7.92736			  0.35056			 0.35572
	337.25			  7.78056			  0.34987			 0.52963
	337.50			  7.73136			  0.16266			 0.04559
	337.75			  7.72541			  -0.09759			 -0.17882
	338.00			  7.70230			  -0.18613			 -0.08054
	338.25			  7.66755			  -0.04350			 0.10078
	338.50			  7.39583			  -0.01235			 0.32228
	338.75			  7.18888			  -0.17577			 0.49685
	339.00			  7.27231			  -0.31457			 0.31872
	339.25			  7.39705			  -0.44247			 -0.00195
	339.50			  7.57738			  -0.46763			 -0.14041
	339.75			  7.59874			  -0.39436			 -0.26237
	340.00			  7.47960			  -0.38830			 -0.22392
	340.25			  7.41981			  -0.32224			 -0.12564
	340.50			  7.56416			  0.05547			 -0.10065
	340.75			  7.56197			  0.30889			 -0.16508
	341.00			  7.54902			  0.46725			 -0.34715
	341.25			  7.46936			  0.27046			 -0.23147
	341.50			  7.36422			  0.29647			 -0.36679
	341.75			  7.55593			  0.30467			 -0.66275
	342.00			  7.45710			  0.21621			 -0.85373
	342.25			  7.59349			  0.28971			 -0.47346
	342.50			  7.90013			  0.25879			 -0.49470
	342.75			  8.01323			  0.20110			 -0.27986
	343.00			  7.91379			  0.24475			 0.07251
	343.25			  7.75508			  0.00322			 0.03228
	343.50			  7.60119			  -0.18813			 0.15241
	343.75			  7.66553			  -0.32999			 0.09122
	344.00			  7.66737			  0.04366			 -0.05676
	344.25			  7.72567			  0.24153			 -0.10098
	344.50			  7.69932			  -0.06736			 -0.28281
	344.75			  7.60312			  0.00445			 -0.25149
	345.00			  7.53475			  -0.01511			 -0.02680
	345.25			  7.32606			  -0.20815			 0.16971
	345.50			  7.46087			  0.10557			 0.20094
	345.75			  7.33350			  0.12176			 0.31778
	346.00			  7.28246			  0.31081			 0.40049
	346.25			  7.49413			  -0.04442			 0.24365
	346.50			  7.65126			  -0.07987			 0.45118
	346.75			  7.81732			  -0.14186			 0.34277
	347.00			  7.68024			  -0.05693			 0.13496
	347.25			  8.16004			  0.15575			 0.12108
	347.50			  8.26631			  0.09468			 0.12315
	347.75			  8.26710			  0.04964			 0.09825
	348.00			  8.14340			  -0.04250			 -0.06108
	348.25			  8.07880			  0.04197			 0.13285
	348.50			  8.05753			  -0.00690			 -0.03510
	348.75			  8.25878			  0.03430			 0.11710
	349.00			  8.18787			  -0.13764			 0.06463
	349.25			  7.96421			  -0.27674			 -0.08307
	349.50			  8.09254			  -0.52034			 -0.01602
	349.75			  8.08974			  -0.48183			 0.00302
	350.00			  8.32198			  -0.86430			 0.22340
	350.25			  8.43823			  -0.68791			 0.15058
	350.50			  8.39700			  -0.66121			 -0.04485
	350.75			  8.45662			  -0.57267			 -0.03055
	351.00			  8.48979			  -0.49487			 -0.06539
	351.25			  8.39744			  -0.14585			 -0.22650
	351.50			  8.21878			  -0.49525			 -0.10698
	351.75			  8.26867			  -0.47262			 -0.08176
	352.00			  8.44077			  -0.37902			 -0.14079
	352.25			  8.55877			  -0.27966			 -0.24999
	352.50			  8.35061			  -0.40150			 -0.06956
	352.75			  8.26342			  -0.38155			 0.07373
	353.00			  8.48918			  -0.21245			 0.08962
	353.25			  8.53278			  -0.30298			 -0.14431
	353.50			  8.45180			  -0.47462			 -0.22927
	353.75			  8.32155			  -0.55180			 -0.02038
	354.00			  8.50616			  -0.27613			 0.13149
	354.25			  8.27813			  -0.33820			 -0.07861
	354.50			  8.03284			  -0.53968			 0.04597
	354.75			  7.91896			  -0.50738			 0.28702
	355.00			  8.15023			  -0.49472			 0.17407
	355.25			  8.02068			  -0.61978			 0.09384
	355.50			  8.04597			  -0.55134			 0.15081
	355.75			  8.15365			  -0.74338			 0.33255
	356.00			  8.04501			  -0.86069			 0.28970
	356.25			  8.07294			  -0.69036			 0.23638
	356.50			  7.88009			  -1.02795			 0.08714
	356.75			  7.84700			  -0.77077			 0.07964
	357.00			  7.92368			  -0.58203			 -0.02427
	357.25			  7.98242			  -0.64333			 0.06726
	357.50			  8.16844			  -0.57014			 -0.06633
	357.75			  8.04379			  -0.60543			 -0.23663
	358.00			  7.90460			  -0.56446			 -0.38944
	358.25			  7.62421			  -0.41247			 -0.32037
	358.50			  7.61388			  -0.13074			 -0.16414
	358.75			  7.39329			  -0.14363			 0.14223
	359.00			  7.80918			  -0.36275			 0.01080
	359.25			  7.75395			  -0.40418			 -0.29027
	359.50			  7.41543			  -0.50745			 -0.28816
	359.75			  7.31485			  -0.28948			 -0.28717
	360.00			  7.43040			  -0.19680			 -0.16212
	360.25			  7.56609			  -0.17309			 0.25716
	360.50			  7.56005			  -0.07327			 0.09703
	360.75			  7.58570			  -0.33628			 0.25068
	361.00			  7.78336			  0.04719			 0.33340
	361.25			  7.70151			  0.06798			 0.13046
	361.50			  7.64872			  -0.22327			 0.11513
	361.75			  7.57055			  -0.31242			 0.25017
	362.00			  7.61887			  -0.32239			 0.15156
	362.25			  7.40878			  -0.30621			 0.29242
	362.50			  7.63577			  -0.47600			 0.38244
	362.75			  7.53361			  -0.43725			 0.17857
	363.00			  7.59139			  -0.38600			 0.18603
	363.25			  7.49790			  -0.39275			 0.20262
	363.50			  7.58850			  -0.26416			 0.35107
	363.75			  7.49229			  -0.03759			 0.09530
	364.00			  7.67341			  0.00537			 0.01399
	364.25			  7.63349			  -0.08570			 0.43228
	364.50			  7.55086			  0.15614			 0.50946
	364.75			  7.68146			  -0.10189			 0.47186
	365.00			  7.69363			  -0.10304			 0.63269
	365.25			  7.73556			  -0.10511			 0.63944
	365.50			  7.72304			  0.08448			 0.76824
	365.75			  7.66527			  -0.08639			 0.71202
	366.00			  7.63988			  -0.33551			 0.71624
	366.25			  7.53624			  -0.02808			 0.51373
	366.50			  7.26373			  -0.01097			 0.49704
	366.75			  7.35740			  -0.06307			 0.37639
	367.00			  7.50157			  0.07350			 0.33729
	367.25			  7.46664			  0.10327			 0.37944
	367.50			  7.60268			  0.15560			 0.63372
	367.75			  7.49264			  0.35094			 0.50618
	368.00			  7.56863			  0.07166			 0.65224
	368.25			  7.53274			  0.01504			 0.57914
	368.50			  7.39688			  0.18399			 0.89840
	368.75			  7.37779			  0.55971			 0.90511
	369.00			  7.53834			  0.44646			 0.89433
	369.25			  7.75333			  0.09222			 0.78081
	369.50			  7.80262			  0.04021			 0.66035
	369.75			  7.60355			  -0.14600			 0.66082
	370.00			  7.60408			  -0.19027			 0.80857
	370.25			  7.60172			  0.02271			 1.01581
	370.50			  7.48652			  0.06645			 0.74119
	370.75			  7.47671			  0.08931			 0.78662
	371.00			  7.34794			  0.09967			 0.81302
	371.25			  7.52389			  0.29301			 0.67414
	371.50			  7.62693			  0.25595			 0.36650
	371.75			  7.71989			  0.11133			 0.56160
	372.00			  7.93331			  0.08386			 0.52456
	372.25			  7.83299			  0.25419			 0.45662
	372.50			  7.83702			  0.09537			 0.43383
	372.75			  7.87527			  -0.01427			 0.69552
	373.00			  7.79491			  0.08816			 0.61051
	373.25			  7.84954			  0.24230			 0.40504
	373.50			  8.25344			  0.25749			 0.11705
	373.75			  8.46029			  0.40871			 0.39468
	374.00			  8.54389			  0.31089			 0.04480
	374.25			  8.25808			  0.46457			 -0.24010
	374.50			  8.31437			  0.75106			 -0.19593
	374.75			  8.27883			  0.98177			 -0.07969
	375.00			  8.22805			  1.04445			 0.00958
	375.25			  8.18297			  0.73970			 -0.01560
	375.50			  8.40436			  0.74423			 -0.03158
	375.75			  8.31192			  0.78911			 -0.26078
	376.00			  8.33266			  0.62707			 -0.42850
	376.25			  8.24968			  0.47247			 -0.28052
	376.50			  8.36199			  0.47984			 -0.25224
	376.75			  8.47876			  0.41362			 -0.29144
	377.00			  8.63528			  0.42582			 -0.33842
	377.25			  8.57584			  0.50899			 -0.21047
	377.50			  8.70479			  0.23202			 -0.14956
	377.75			  8.46870			  0.20647			 -0.10271
	378.00			  8.48734			  0.26416			 0.27183
	378.25			  8.51649			  0.37127			 0.17548
	378.50			  8.65901			  0.22580			 0.02740
	378.75			  8.50835			  0.28120			 -0.13310
	379.00			  8.64447			  0.36268			 -0.13511
	379.25			  8.91602			  0.20739			 -0.18482
	379.50			  8.89676			  0.03867			 0.04119
	379.75			  9.15929			  0.15867			 -0.10257
	380.00			  9.20481			  0.19826			 -0.15293
	380.25			  9.20735			  0.54214			 -0.17614
	380.50			  9.43372			  0.38148			 -0.28544
	380.75			  9.32640			  0.13742			 -0.23550
	381.00			  9.27624			  0.34718			 -0.27001
	381.25			  9.07893			  0.41055			 -0.35718
	381.50			  9.03822			  0.40457			 -0.17985
	381.75			  9.07525			  0.27928			 0.04705
	382.00			  8.98885			  0.60014			 0.06393
	382.25			  8.90175			  0.37549			 0.14340
	382.50			  8.94289			  0.26570			 0.16680
	382.75			  8.59213			  -0.02823			 0.11283
	383.00			  8.63896			  -0.07803			 0.18166
	383.25			  8.83505			  0.15215			 0.32575
	383.50			  8.67686			  0.36889			 0.40359
	383.75			  8.60001			  0.18383			 0.11757
	384.00			  8.60683			  0.29716			 0.03148
	384.25			  8.71687			  0.21130			 0.09544
	384.50			  8.73980			  0.16527			 -0.00739
	384.75			  8.67555			  0.24943			 0.12202
	385.00			  8.21142			  0.35178			 0.26030
	385.25			  8.31769			  0.35339			 0.42722
	385.50			  8.24276			  0.00200			 0.86675
	385.75			  8.22832			  0.11869			 0.58467
	386.00			  8.30290			  -0.23899			 0.44030
	386.25			  8.36400			  -0.41017			 0.57014
	386.50			  8.47955			  -0.13680			 0.43547
	386.75			  8.50345			  0.01918			 0.27188
	387.00			  8.47553			  0.11417			 0.33762
	387.25			  8.55519			  0.37419			 0.01868
	387.50			  8.52962			  0.36667			 0.24539
	387.75			  8.36558			  0.49534			 0.21336
	388.00			  8.09613			  0.29562			 0.25003
	388.25			  8.24819			  -0.03951			 -0.16428
	388.50			  8.09044			  -0.04926			 0.06411
	388.75			  8.08160			  -0.06836			 0.27455
	389.00			  8.22053			  -0.47323			 0.50571
	389.25			  8.24723			  -0.57160			 0.59250
	389.50			  8.01297			  -0.46203			 0.59494
	389.75			  8.04098			  -0.32562			 0.43388
	390.00			  8.08169			  -0.32945			 0.23751
	390.25			  8.09832			  -0.31135			 0.10388
	390.50			  7.90845			  -0.38362			 0.25542
	390.75			  7.92062			  -0.18414			 0.28721
	391.00			  8.07898			  0.12959			 -0.12396
	391.25			  8.21948			  0.16642			 -0.26279
	391.50			  8.36960			  0.17616			 -0.04903
	391.75			  8.52393			  0.40994			 0.20427
	392.00			  8.70479			  0.52265			 -0.20639
	392.25			  8.65384			  0.40887			 0.01137
	392.50			  8.67398			  0.36268			 -0.12911
	392.75			  8.81964			  0.38976			 -0.01789
	393.00			  8.78497			  0.63536			 -0.15035
	393.25			  8.70470			  0.59385			 -0.07453
	393.50			  8.99262			  0.36506			 0.03809
	393.75			  9.14957			  0.64165			 0.15827
	394.00			  8.90481			  0.77285			 0.12662
	394.25			  8.85842			  0.67034			 0.10374
	394.50			  9.00793			  0.52649			 0.13299
	394.75			  9.10475			  0.64572			 -0.01761
	395.00			  9.23343			  0.77515			 0.06777
	395.25			  9.03814			  0.50846			 -0.00537
	395.50			  8.68448			  0.58372			 -0.07219
	395.75			  8.94272			  0.47155			 -0.12616
	396.00			  8.90131			  0.21544			 -0.18421
	396.25			  8.62408			  0.39475			 -0.09554
	396.50			  8.73201			  0.17731			 0.06060
	396.75			  8.58048			  0.12614			 0.04981
	397.00			  8.32496			  0.05517			 0.25617
	397.25			  8.28609			  -0.24974			 0.36988
	397.50			  8.31717			  -0.25894			 0.27924
	397.75			  8.48043			  -0.08324			 0.16427
	398.00			  8.43535			  -0.22012			 0.00232
	398.25			  8.64614			  -0.01818			 0.16277
	398.50			  8.49732			  0.00637			 0.10547
	398.75			  8.47824			  0.10373			 0.16539
	399.00			  8.48874			  -0.18843			 0.26278
	399.25			  8.20871			  -0.23056			 0.19207
	399.50			  8.34150			  -0.16480			 0.05314
	399.75			  8.64894			  0.09928			 0.01427
	400.00			  8.72589			  -0.17623			 -0.05728
	400.25			  9.06597			  -0.32339			 0.16253
	400.50			  9.07525			  -0.26731			 0.10331
	400.75			  9.09889			  0.05517			 0.12329
	401.00			  9.16507			  -0.08370			 0.06655
	401.25			  9.15097			  0.06606			 0.24848
	401.50			  9.20297			  0.27115			 0.27985
	401.75			  9.17049			  0.13059			 0.44654
	402.00			  9.15999			  -0.01787			 0.40814
	402.25			  9.25042			  0.01734			 0.46853
	402.50			  9.13845			  0.13204			 0.39576
	402.75			  8.98535			  -0.07411			 0.37578
	403.00			  8.96609			  -0.24490			 0.45775
	403.25			  9.16367			  -0.10595			 0.43280
	403.50			  9.05661			  -0.15076			 0.40082
	403.75			  8.91856			  0.16880			 0.47706
	404.00			  8.88853			  0.09752			 0.28229
	404.25			  8.75574			  -0.11439			 0.33907
	404.50			  8.72046			  0.04703			 0.26569
	404.75			  8.50529			  0.09430			 0.24801
	405.00			  8.57523			  0.11670			 0.18021
	405.25			  8.73797			  0.05601			 0.18579
	405.50			  8.76922			  -0.13058			 0.03880
	405.75			  8.85781			  0.05448			 0.04109
	406.00			  8.80870			  0.06829			 0.15780
	406.25			  9.02395			  0.08409			 0.32697
	406.50			  8.68413			  -0.17117			 0.31563
	406.75			  8.76379			  -0.13196			 0.13576
	407.00			  8.77780			  0.09690			 0.19733
	407.25			  8.63021			  0.15130			 0.08212
	407.50			  8.64342			  0.11900			 -0.00078
	407.75			  8.42747			  0.12944			 -0.17394
	408.00			  8.32820			  0.06905			 -0.29449
	408.25			  8.52210			  -0.09798			 -0.08696
	408.50			  8.37319			  -0.14355			 0.16056
	408.75			  8.51439			  -0.33651			 0.23540
	409.00			  8.38948			  -0.56316			 0.12943
	409.25			  8.21939			  -0.17025			 0.07748
	409.50			  8.19540			  0.01435			 0.07954
	409.75			  8.18586			  -0.24766			 0.22546
	410.00			  8.50004			  -0.29562			 0.30287
	410.25			  8.41775			  -0.42544			 0.34896
	410.50			  8.62250			  -0.30413			 0.20872
	410.75			  8.70943			  0.03230			 0.54383
	411.00			  8.52306			  -0.02969			 0.30536
	411.25			  8.64010			  -0.09997			 0.23521
	411.50			  9.19772			  -0.00023			 -0.03721
	411.75			  9.00470			  0.25373			 -0.24240
	412.00			  8.73937			  0.04466			 0.15663
	412.25			  8.69052			  -0.25664			 0.26878
	412.50			  8.57156			  -0.04519			 0.21421
	412.75			  8.46073			  0.01128			 0.40504
	413.00			  8.27182			  0.11072			 0.20670
	413.25			  8.29213			  0.15184			 0.04578
	413.50			  8.22884			  0.03077			 0.21777
	413.75			  8.28277			  0.18882			 0.06036
	414.00			  8.30421			  -0.05808			 -0.01489
	414.25			  8.12747			  0.18230			 0.01793
	414.50			  8.21238			  0.12552			 0.31563
	414.75			  8.05096			  -0.11209			 0.36753
	415.00			  8.03311			  -0.04227			 0.35900
	415.25			  8.15041			  0.00507			 0.14725
	415.50			  8.01779			  -0.28373			 0.15292
	415.75			  8.01166			  -0.17470			 0.27211
	416.00			  7.97174			  -0.33337			 0.43899
	416.25			  7.85908			  -0.42666			 0.59025
	416.50			  7.82293			  -0.33889			 0.52995
	416.75			  7.57467			  -0.21160			 0.46206
	417.00			  7.72777			  -0.23570			 0.36580
	417.25			  7.69626			  -0.23946			 0.31595
	417.50			  7.96246			  0.07327			 0.26334
	417.75			  8.13483			  0.27736			 0.21669
	418.00			  8.14778			  0.45298			 0.12427
	418.25			  7.99389			  0.32109			 -0.22917
	418.50			  7.84963			  0.47270			 -0.05297
	418.75			  7.99406			  1.07929			 0.04756
	419.00			  8.02348			  0.96612			 0.03462
	419.25			  7.97358			  0.97264			 0.12371
	419.50			  8.11460			  1.04376			 0.13956
	419.75			  8.05280			  0.82479			 0.13379
	420.00			  8.25572			  0.67779			 0.14420
	420.25			  8.40733			  0.87635			 0.37260
	420.50			  8.31892			  0.83990			 0.25505
	420.75			  8.13754			  0.81343			 0.23146
	421.00			  8.00273			  0.68814			 0.12198
	421.25			  7.96640			  0.51076			 0.23071
	421.50			  8.04055			  0.68860			 0.32327
	421.75			  7.88727			  0.62584			 0.61060
	422.00			  7.60811			  0.28948			 0.23962
	422.25			  7.56600			  0.47078			 0.05975
	422.50			  7.81907			  0.47677			 0.03701
	422.75			  8.17229			  0.47623			 0.00264
	423.00			  8.01805			  0.69344			 -0.13596
	423.25			  7.97332			  0.71277			 -0.33645
	423.50			  7.99687			  0.46771			 -0.32112
	423.75			  8.02934			  0.23171			 0.11757
	424.00			  7.70466			  0.24652			 -0.01757
	424.25			  7.79491			  0.35877			 -0.26200
	424.50			  7.80017			  0.11026			 -0.13197
	424.75			  7.84113			  0.29309			 -0.10014
	425.00			  7.80577			  0.31534			 -0.04490
	425.25			  7.67332			  0.47823			 0.01629
	425.50			  7.73539			  0.70786			 0.23132
	425.75			  7.69214			  0.73426			 0.23493
	426.00			  7.82100			  0.79011			 0.22016
	426.25			  7.74712			  1.00356			 0.04025
	426.50			  7.49973			  0.95453			 -0.29308
	426.75			  7.49221			  0.75697			 -0.22102
	427.00			  7.45754			  0.80998			 0.11274
	427.25			  7.28526			  0.49526			 0.07931
	427.50			  7.51514			  0.58088			 0.17149
	427.75			  7.50341			  0.54398			 0.35829
	428.00			  7.34216			  0.74139			 0.12952
	428.25			  7.50945			  0.63797			 -0.01574
	428.50			  7.58421			  0.62017			 0.00269
	428.75			  7.41657			  0.72781			 0.12681
	429.00			  7.34444			  0.80538			 -0.06924
	429.25			  7.11168			  0.73617			 0.09933
	429.50			  6.96671			  0.62047			 0.21111
	429.75			  7.01976			  0.66981			 0.01399
	430.00			  7.26320			  0.55902			 -0.22078
	430.25			  7.31757			  0.70594			 -0.43305
	430.50			  7.30233			  0.66474			 -0.24558
	430.75			  7.32439			  0.29915			 -0.05297
	431.00			  7.37569			  0.31588			 0.02168
	431.25			  7.27266			  0.39567			 0.01605
	431.50			  7.20753			  0.62339			 -0.06483
	431.75			  7.20088			  0.84950			 0.00358
	432.00			  7.23099			  0.70556			 0.23910
	432.25			  7.47794			  0.60467			 0.02660
	432.50			  7.46743			  0.75497			 0.06655
	432.75			  7.41955			  0.57912			 0.06932
	433.00			  7.26784			  0.57659			 0.53488
	433.25			  6.95638			  0.63022			 0.56329
	433.50			  7.09846			  0.56385			 0.53614
	433.75			  7.07158			  0.79740			 0.62200
	434.00			  7.33148			  0.85057			 0.25036
	434.25			  7.36851			  0.89607			 0.42980
	434.50			  7.11824			  0.99619			 0.32303
	434.75			  7.00593			  0.84543			 0.16263
	435.00			  7.23300			  0.61203			 0.34385
	435.25			  7.36860			  0.42774			 0.34442
	435.50			  7.06677			  0.47332			 0.52803
	435.75			  6.92145			  0.21759			 0.37016
	436.00			  6.96163			  -0.02555			 0.15184
	436.25			  7.16604			  0.26785			 0.34554
	436.50			  7.33341			  0.25342			 0.24811
	436.75			  7.15142			  0.51689			 0.27643
	437.00			  7.26723			  0.54321			 0.20591
	437.25			  7.36055			  0.64579			 0.13192
	437.50			  7.28920			  0.44754			 0.19165
	437.75			  7.07298			  0.46457			 0.35539
	438.00			  7.15133			  0.53239			 0.20759
	438.25			  7.11124			  0.46756			 0.19981
	438.50			  7.07211			  0.30774			 0.28097
	438.75			  7.45036			  0.07972			 0.31150
	439.00			  7.66623			  0.15813			 0.18326
	439.25			  7.54359			  0.21376			 0.05807
	439.50			  7.57073			  0.42030			 0.31727
	439.75			  7.56372			  0.30828			 0.32979
	440.00			  7.44651			  0.23286			 0.30409
	440.25			  7.29612			  0.18621			 0.32289
	440.50			  7.16761			  0.22734			 0.23563
	440.75			  7.02107			  0.34956			 -0.17263
	441.00			  7.09881			  0.56976			 -0.31564
	441.25			  7.00181			  0.49280			 -0.37317
	441.50			  7.17619			  0.29861			 -0.38986
	441.75			  7.24622			  0.36237			 -0.20348
	442.00			  6.98413			  0.51666			 -0.34588
	442.25			  6.90657			  0.48881			 -0.39225
	442.50			  6.99472			  0.40457			 -0.16236
	442.75			  7.16297			  0.40227			 -0.11045
	443.00			  7.26233			  0.21483			 -0.02727
	443.25			  7.40677			  0.26248			 -0.29168
	443.50			  7.47610			  0.31695			 -0.35943
	443.75			  7.49080			  0.46119			 -0.31718
	444.00			  7.44502			  0.43488			 -0.37101
	444.25			  7.43110			  0.47362			 -0.29637
	444.50			  7.38068			  0.44784			 -0.64025
	444.75			  7.24447			  0.69045			 -0.40829
	445.00			  7.26215			  0.74968			 -0.32581
	445.25			  7.42778			  0.55012			 -0.07904
	445.50			  7.25314			  0.48206			 -0.09071
	445.75			  6.86263			  0.68369			 -0.04153
	446.00			  6.96400			  0.45206			 -0.03665
	446.25			  6.93660			  0.33214			 0.05206
	446.50			  7.03841			  0.57152			 0.19925
	446.75			  7.24351			  0.48076			 0.37522
	447.00			  7.23099			  0.23378			 0.27540
	447.25			  7.25874			  0.31373			 0.19428
	447.50			  7.05364			  0.17332			 0.19859
	447.75			  7.22653			  0.12391			 0.09211
	448.00			  7.11999			  0.26071			 0.14073
	448.25			  7.19142			  0.31733			 0.15728
	448.50			  7.14442			  0.19757			 0.16816
	448.75			  7.24062			  -0.01112			 0.18799
	449.00			  7.44493			  0.08087			 0.11246
	449.25			  7.41841			  0.17532			 -0.07116
	449.50			  7.33035			  0.38631			 -0.18022
	449.75			  7.63227			  0.29739			 -0.09404
	450.00			  7.61730			  0.00054			 0.23662
	450.25			  7.46682			  -0.05094			 0.13871
	450.50			  7.44222			  0.14609			 0.09145
	450.75			  7.46472			  0.37012			 0.10763
	451.00			  7.27458			  0.19319			 0.10528
	451.25			  7.37823			  0.42943			 0.12104
	451.50			  7.18670			  0.12836			 0.01563
	451.75			  7.19457			  -0.00253			 0.21111
	452.00			  7.20525			  -0.26316			 -0.01855
	452.25			  7.15098			  -0.15467			 -0.13873
	452.50			  7.20569			  -0.23853			 -0.36131
	452.75			  7.28570			  -0.12805			 -0.38255
	453.00			  7.37692			  0.18652			 -0.09784
	453.25			  7.15037			  0.27445			 -0.19302
	453.50			  7.34952			  0.38286			 0.02243
	453.75			  7.25454			  0.58418			 -0.23747
	454.00			  7.27003			  0.62308			 -0.15124
	454.25			  7.39005			  0.68377			 -0.30270
	454.50			  7.44712			  0.57099			 -0.29229
	454.75			  7.44038			  0.34672			 -0.28821
	455.00			  7.50700			  0.62116			 -0.29519
	455.25			  7.39337			  0.64572			 -0.06047
	455.50			  7.19344			  0.45590			 -0.18172
	455.75			  7.23449			  0.81543			 -0.42826
	456.00			  7.01827			  0.69505			 -0.38011
	456.25			  7.32772			  0.93650			 -0.44411
	456.50			  7.24290			  0.90320			 -0.37172
	456.75			  7.16910			  0.73510			 -0.00345
	457.00			  7.29078			  0.70786			 -0.13211
	457.25			  7.31932			  0.91924			 -0.19344
	457.50			  7.42077			  1.07353			 -0.23766
	457.75			  7.41762			  0.82786			 -0.38151
	458.00			  7.32334			  0.82863			 -0.50103
	458.25			  7.45842			  0.86323			 -0.13830
	458.50			  7.51400			  0.69236			 -0.18261
	458.75			  7.28640			  0.40871			 -0.25309
	459.00			  6.98877			  0.39882			 -0.07064
	459.25			  7.22241			  0.69750			 -0.16925
	459.50			  7.11903			  0.67679			 -0.24568
	459.75			  7.01853			  0.73878			 -0.04701
	460.00			  7.10021			  0.74039			 -0.07979
	460.25			  6.99394			  0.56147			 0.16624
	460.50			  7.09102			  0.52725			 0.05521
	460.75			  7.16928			  0.37119			 -0.04396
	461.00			  7.15772			  0.31219			 -0.30495
	461.25			  7.22679			  0.45774			 -0.39502
	461.50			  7.32641			  0.35094			 -0.38667
	461.75			  7.23362			  0.31802			 -0.37481
	462.00			  7.55042			  0.29708			 -0.23105
	462.25			  7.50175			  0.31012			 -0.12377
	462.50			  7.61572			  0.36828			 -0.15059
	462.75			  7.70843			  0.61717			 -0.18219
	463.00			  7.86057			  0.42521			 -0.35845
	463.25			  7.69258			  0.54927			 -0.17544
	463.50			  7.83448			  0.54275			 0.13759
	463.75			  7.89121			  0.40741			 -0.15617
	464.00			  7.84122			  0.40388			 -0.40754
	464.25			  7.85024			  0.24330			 -0.43084
	464.50			  7.73504			  0.19887			 -0.68620
	464.75			  7.72523			  0.13726			 -0.40046
	465.00			  7.70125			  0.03998			 -0.39010
	465.25			  7.52101			  -0.09882			 -0.43656
	465.50			  7.31284			  0.32432			 -0.38147
	465.75			  7.37552			  0.20831			 -0.21248
	466.00			  7.35958			  0.29286			 -0.20015
	466.25			  7.47689			  0.51574			 -0.26096
	466.50			  7.38488			  0.62669			 -0.08827
	466.75			  7.25130			  0.54774			 -0.19110
	467.00			  7.31582			  0.45774			 -0.38456
	467.25			  7.43312			  0.15721			 -0.60316
	467.50			  7.33744			  0.00399			 -0.34522
	467.75			  7.49238			  0.18483			 -0.29336
	468.00			  7.30934			  0.30613			 -0.42095
	468.25			  7.29507			  0.42928			 -0.55800
	468.50			  7.11290			  -0.07642			 -0.31559
	468.75			  7.17864			  0.03606			 -0.00617
	469.00			  7.32396			  -0.05440			 -0.03341
	469.25			  7.16726			  -0.42298			 0.07710
	469.50			  7.30837			  -0.43280			 0.12859
	469.75			  7.44975			  -0.50492			 0.18406
	470.00			  7.45176			  -0.55771			 0.14265
	470.25			  7.31967			  -0.80653			 0.12568
	470.50			  6.85177			  -0.84681			 0.15034
	470.75			  6.83182			  -1.14695			 0.22175
	471.00			  6.92776			  -0.90343			 0.34831
	471.25			  7.00225			  -1.00716			 0.53666
	471.50			  7.03184			  -0.79356			 0.59447
	471.75			  7.16201			  -0.72949			 0.09272
	472.00			  6.91918			  -0.54420			 0.25336
	472.25			  6.93310			  -0.44523			 -0.12494
	472.50			  7.02344			  -0.50669			 -0.23513
	472.75			  6.79032			  -0.64272			 -0.63940
	473.00			  7.12034			  -0.64479			 -0.54164
	473.25			  7.13251			  -0.72704			 -0.38789
	473.50			  7.23861			  -0.73126			 -0.29515
	473.75			  7.25165			  -0.64011			 -0.20625
	474.00			  7.17978			  -0.50922			 -0.23011
	474.25			  6.83733			  -0.72343			 -0.10103
	474.50			  7.11448			  -0.73256			 0.04695
	474.75			  7.19676			  -0.23194			 0.01404
	475.00			  7.22915			  0.08271			 -0.06028
	475.25			  7.35267			  -0.39168			 -0.30466
	475.50			  7.12910			  -0.32308			 -0.05737
	475.75			  7.21611			  -0.19158			 -0.02314
	476.00			  7.16866			  0.00484			 -0.14974
	476.25			  7.05495			  0.19711			 -0.01391
	476.50			  7.25857			  0.28557			 -0.13479
	476.75			  7.29691			  0.47063			 -0.04195
	477.00			  7.42970			  0.32915			 -0.29561
	477.25			  7.67411			  0.08992			 -0.62881
	477.50			  7.81802			  0.06453			 -0.60508
	477.75			  7.66247			  0.36613			 -0.39947
	478.00			  7.43889			  0.49725			 -0.33406
	478.25			  7.28640			  0.53546			 -0.24343
	478.50			  7.12551			  0.27260			 -0.21811
	478.75			  7.12376			  0.58978			 -0.20099
	479.00			  7.08147			  0.55610			 -0.47093
	479.25			  7.09933			  0.31127			 -0.65872
	479.50			  6.96557			  0.49863			 -0.61394
	479.75			  6.95157			  0.51083			 -0.44936
	480.00			  6.89563			  0.61825			 -0.34710
	480.25			  7.00155			  0.30076			 -0.59397
	480.50			  7.14757			  0.14286			 -0.50868
	480.75			  7.20140			  0.04443			 -0.42334
	481.00			  7.31547			  0.11793			 -0.25093
	481.25			  7.21357			  0.06038			 -0.34536
	481.50			  7.07675			  0.20831			 -0.33252
	481.75			  7.19510			  0.41040			 -0.58886
	482.00			  7.22364			  0.54122			 -0.81364
	482.25			  7.26023			  0.23716			 -0.75559
	482.50			  7.23038			  -0.00537			 -0.56133
	482.75			  7.12017			  0.28181			 -0.44599
	483.00			  7.30899			  0.43979			 -0.32056
	483.25			  7.35967			  0.72865			 -0.36932
	483.50			  7.07789			  0.68423			 -0.35535
	483.75			  7.58859			  0.48083			 -0.29285
	484.00			  7.49186			  0.37189			 -0.09934
	484.25			  7.24500			  0.41194			 -0.16372
	484.50			  7.54867			  0.45291			 -0.17291
	484.75			  7.42007			  0.33114			 -0.10703
	485.00			  7.62990			  0.36866			 0.29340
	485.25			  7.55532			  0.38608			 0.33115
	485.50			  7.44537			  0.22626			 0.27905
	485.75			  7.59751			  -0.08071			 0.20586
	486.00			  7.52214			  0.07680			 0.19859
	486.25			  7.31555			  0.11064			 0.14097
	486.50			  7.22863			  0.25595			 0.13449
	486.75			  7.25200			  0.52326			 0.06904
	487.00			  7.43215			  0.74968			 0.09947
	487.25			  7.25419			  0.69444			 -0.49728
	487.50			  7.15860			  0.69835			 -0.63889
	487.75			  7.40694			  0.45283			 -0.42803
	488.00			  7.48056			  0.56976			 -0.28961
	488.25			  7.52503			  0.24422			 -0.38423
	488.50			  7.51567			  0.32224			 -0.53850
	488.75			  7.35092			  0.30483			 -0.66613
	489.00			  7.41640			  0.65653			 -0.56513
	489.25			  7.84359			  0.45268			 -0.64179
	489.50			  7.69740			  0.43971			 -0.48823
	489.75			  7.74677			  0.29278			 -0.36426
	490.00			  7.91826			  0.25649			 -0.40913
	490.25			  7.77207			  0.28979			 -0.41570
	490.50			  7.74668			  0.40933			 0.18359
	490.75			  7.92123			  0.23232			 0.08203
	491.00			  7.83168			  0.26708			 -0.11983
	491.25			  7.79229			  0.30667			 -0.21178
	491.50			  7.79955			  0.17363			 -0.08349
	491.75			  7.96036			  0.14639			 -0.36961
	492.00			  7.95616			  0.15591			 -0.22833
	492.25			  8.09587			  0.34864			 -0.09034
	492.50			  7.84849			  0.21353			 -0.02127
	492.75			  7.83965			  0.10289			 -0.12682
	493.00			  7.59051			  0.26746			 -0.19391
	493.25			  7.70274			  0.30414			 -0.26392
	493.50			  7.82345			  0.13373			 -0.42114
	493.75			  7.91712			  0.26209			 -0.49250
	494.00			  7.99354			  0.67142			 -0.26411
	494.25			  7.71228			  0.87029			 -0.24774
	494.50			  7.63349			  0.89461			 -0.32797
	494.75			  7.53536			  0.78167			 -0.27916
	495.00			  7.46901			  0.75029			 -0.23410
	495.25			  7.57055			  1.02059			 0.10885
	495.50			  7.53072			  0.89246			 -0.03632
	495.75			  7.57090			  0.66006			 0.09703
	496.00			  7.65319			  0.69275			 0.25430
	496.25			  7.31590			  0.70341			 0.11912
	496.50			  7.45308			  0.73234			 -0.00280
	496.75			  7.68409			  0.71415			 -0.17178
	497.00			  7.95502			  0.85671			 -0.13333
	497.25			  8.00185			  0.68308			 -0.18805
	497.50			  7.85523			  0.76571			 -0.27531
	497.75			  7.66457			  0.64894			 -0.60560
	498.00			  7.37709			  0.65630			 -0.62590
	498.25			  7.52477			  0.41554			 -0.58187
	498.50			  7.60163			  0.63375			 -0.43605
	498.75			  7.71447			  0.46219			 -0.31432
	499.00			  7.60242			  0.64679			 -0.08504
	499.25			  7.49842			  0.92085			 -0.16090
	499.50			  7.32571			  0.63052			 -0.16423
	499.75			  7.48021			  0.54160			 -0.26007
	500.00			  7.63174			  0.09867			 -0.43187
	500.25			  7.53834			  -0.08608			 -0.46615
	500.50			  7.67910			  0.18268			 -0.55566
	500.75			  7.79395			  0.27790			 -0.72338
	501.00			  7.77180			  0.16841			 -0.74875
	501.25			  7.75307			  0.23094			 -0.58618
	501.50			  7.81365			  0.56316			 -0.32004
	501.75			  7.77093			  0.42421			 -0.09690
	502.00			  7.68400			  0.21782			 -0.26415
	502.25			  7.77460			  0.17846			 -0.23072
	502.50			  7.55462			  0.10496			 -0.40299
	502.75			  7.56740			  0.23271			 -0.13225
	503.00			  7.68164			  0.17793			 -0.40899
	503.25			  7.74204			  0.37634			 -0.61713
	503.50			  7.74721			  0.18928			 -0.41274
	503.75			  7.66623			  0.25994			 -0.38892
	504.00			  7.59716			  0.49702			 -0.33481
	504.25			  7.68628			  0.45107			 -0.50976
	504.50			  7.77040			  0.47638			 -0.58028
	504.75			  7.85917			  0.48206			 -0.60968
	505.00			  8.02365			  0.37342			 -0.57910
	505.25			  7.85540			  0.55886			 -0.77571
	505.50			  8.00930			  0.55810			 -0.62871
	505.75			  8.10462			  0.72014			 -0.56860
	506.00			  8.09298			  0.66144			 -0.40154
	506.25			  8.00089			  0.98837			 -0.38395
	506.50			  7.84122			  0.93520			 -0.37814
	506.75			  7.69617			  1.11128			 -0.02235
	507.00			  7.49413			  1.05657			 0.02173
	507.25			  7.50131			  1.08680			 -0.10740
	507.50			  7.48617			  1.00709			 -0.16859
	507.75			  7.80778			  0.99289			 -0.35788
	508.00			  7.90845			  1.10100			 -0.35216
	508.25			  7.71140			  0.82379			 -0.20006
	508.50			  7.55383			  0.89822			 -0.17319
	508.75			  7.63411			  0.75574			 -0.35273
	509.00			  7.75587			  0.82318			 -0.32370
	509.25			  7.86232			  0.70050			 -0.36154
	509.50			  7.89760			  0.60766			 -0.43441
	509.75			  7.87291			  0.45966			 -0.39530
	510.00			  7.54447			  0.60413			 -0.54980
	510.25			  7.71438			  0.78489			 -0.88913
	510.50			  7.68076			  0.62792			 -0.71935
	510.75			  7.67402			  0.45728			 -0.73182
	511.00			  7.70519			  0.35984			 -0.38517
	511.25			  7.51961			  0.34511			 -0.23021
	511.50			  7.42217			  0.28818			 -0.56386
	511.75			  7.40939			  0.31565			 -0.25037
	512.00			  7.50140			  0.57306			 -0.28150
	512.25			  7.45106			  0.52035			 -0.21703
	512.50			  7.42226			  0.54789			 -0.06155
	512.75			  7.40633			  0.62930			 0.22344
	513.00			  7.57458			  0.68799			 0.16994
	513.25			  7.57931			  0.66574			 -0.34321
	513.50			  7.56828			  0.25757			 -0.32820
	513.75			  7.53405			  0.41646			 -0.29313
	514.00			  7.43758			  0.40672			 -0.24610
	514.25			  7.24123			  0.38316			 -0.03126
	514.50			  7.18635			  0.50009			 -0.01939
	514.75			  7.32579			  0.74937			 -0.18843
	515.00			  7.31328			  0.70571			 -0.19307
	515.25			  7.44222			  0.52902			 -0.24118
	515.50			  7.23589			  0.44692			 -0.23330
	515.75			  7.26898			  0.51375			 -0.25187
	516.00			  7.52827			  0.57689			 -0.29215
	516.25			  7.47268			  0.34526			 -0.11950
	516.50			  7.70151			  -0.04005			 -0.25506
	516.75			  7.82319			  0.11524			 -0.30391
	517.00			  7.54841			  0.12000			 -0.31606
	517.25			  7.70510			  0.27629			 -0.15537
	517.50			  7.74659			  0.53845			 0.15799
	517.75			  7.72252			  0.33091			 0.00700
	518.00			  7.54333			  0.31779			 -0.20746
	518.25			  7.43137			  0.31519			 -0.26659
	518.50			  7.69705			  0.22005			 -0.69103
	518.75			  7.89051			  -0.07534			 -0.50450
	519.00			  8.04072			  -0.15337			 -0.42554
	519.25			  8.23112			  -0.25871			 -0.33378
	519.50			  8.38186			  0.09667			 -0.12410
	519.75			  8.21221			  -0.03337			 -0.11397
	520.00			  8.11093			  -0.02578			 0.04250
	520.25			  8.09184			  0.13580			 0.07753
	520.50			  8.22937			  0.09829			 0.05596
	520.75			  8.56613			  0.16319			 0.11068
	521.00			  8.54757			  0.18284			 0.22236
	521.25			  8.37109			  0.04581			 0.23423
	521.50			  8.23164			  0.12614			 0.31577
	521.75			  8.27996			  0.10343			 0.33194
	522.00			  8.45478			  -0.08555			 0.19536
	522.25			  8.34597			  -0.27904			 0.13801
	522.50			  8.39823			  -0.13166			 0.05113
	522.75			  8.28320			  -0.10826			 0.04888
	523.00			  8.09001			  -0.03936			 0.09375
	523.25			  8.12581			  0.19488			 0.14781
	523.50			  8.10384			  0.13826			 -0.07580
	523.75			  8.06637			  0.25043			 -0.11842
	524.00			  7.88158			  0.33889			 -0.27269
	524.25			  7.93130			  0.22795			 -0.32694
	524.50			  7.84236			  0.28649			 -0.53418
	524.75			  7.84954			  -0.02171			 -0.55533
	525.00			  7.82293			  0.45805			 -0.36857
	525.25			  7.75622			  0.35593			 -0.39169
	525.50			  7.84770			  0.26923			 -0.46892
	525.75			  7.85917			  0.37641			 -0.47173
	526.00			  8.10401			  0.44945			 -0.26382
	526.25			  8.59291			  0.51398			 -0.29299
	526.50			  8.68133			  0.52710			 -0.14698
	526.75			  8.77832			  0.59231			 0.06712
	527.00			  8.62705			  0.81704			 0.00963
	527.25			  8.24337			  0.79594			 0.08198
	527.50			  8.03801			  0.76448			 -0.17994
	527.75			  7.86398			  0.44685			 -0.01128
	528.00			  7.65730			  0.28902			 -0.12986
	528.25			  7.97209			  0.41723			 -0.27090
	528.50			  8.01026			  0.12307			 -0.35755
	528.75			  8.06304			  0.19189			 -0.44210
	529.00			  8.01595			  0.21606			 -0.41949
	529.25			  7.97621			  0.22642			 -0.51857
	529.50			  8.09027			  0.42621			 -0.57704
	529.75			  7.87396			  0.49603			 -0.53648
	530.00			  7.92683			  0.53262			 -0.20925
	530.25			  8.28417			  0.34235			 -0.15415
	530.50			  8.43149			  0.48444			 -0.21361
	530.75			  8.58819			  0.51567			 -0.30284
	531.00			  8.45373			  0.65968			 -0.47843
	531.25			  8.30623			  0.69628			 -0.60147
	531.50			  8.21221			  0.27299			 -0.66664
	531.75			  8.08747			  0.30329			 -0.56377
	532.00			  8.29502			  0.34235			 -0.18983
	532.25			  8.24346			  0.23417			 -0.09193
	532.50			  8.27357			  0.17041			 0.26522
	532.75			  8.55343			  0.25457			 0.01502
	533.00			  8.44830			  0.16910			 -0.00190
	533.25			  8.43832			  0.06522			 0.15377
	533.50			  8.32172			  -0.12084			 0.19568
	533.75			  8.36138			  0.13534			 0.02318
	534.00			  8.12800			  0.29132			 0.10716
	534.25			  8.04440			  0.36506			 0.12460
	534.50			  8.22989			  0.40311			 0.00644
	534.75			  7.60732			  0.42337			 0.18406
	535.00			  7.64050			  0.17087			 0.46651
	535.25			  7.70037			  0.01136			 0.19217
	535.50			  7.80551			  -0.06314			 0.28655
	535.75			  8.13684			  0.33145			 0.54210
	536.00			  7.97638			  0.43242			 0.26691
	536.25			  7.85925			  0.34127			 0.27549
	536.50			  8.11662			  0.23255			 0.24525
	536.75			  7.99476			  0.10419			 -0.00350
	537.00			  8.07950			  -0.09989			 -0.17994
	537.25			  7.87344			  -0.17017			 -0.36773
	537.50			  8.01245			  -0.34357			 -0.24479
	537.75			  8.08624			  -0.24421			 -0.12803
	538.00			  7.98295			  -0.18652			 -0.27995
	538.25			  8.05849			  -0.19733			 -0.41846
	538.50			  8.15601			  -0.13066			 -0.52931
	538.75			  8.15373			  -0.12084			 -0.28028
	539.00			  8.50257			  -0.33866			 -0.36782
	539.25			  8.12099			  -0.69926			 -0.36632
	539.50			  8.09622			  -0.60129			 -0.28661
	539.75			  8.33756			  -0.54865			 -0.43820
	540.00			  8.43316			  -0.63543			 -0.56888
	540.25			  8.16476			  -0.55878			 -0.62754
	540.50			  8.45382			  -0.45674			 -0.42489
	540.75			  8.43491			  -0.50155			 -0.52523
	541.00			  8.08178			  -0.42221			 -0.33359
	541.25			  8.17632			  -0.41454			 -0.30330
	541.50			  8.05096			  -0.46119			 -0.21778
	541.75			  8.16713			  -0.44845			 -0.00950
	542.00			  8.05236			  -0.60428			 -0.00247
	542.25			  7.90915			  -0.81397			 -0.08916
	542.50			  8.05368			  -0.70993			 -0.12119
	542.75			  8.15951			  -0.67878			 -0.10206
	543.00			  8.07425			  -0.74944			 -0.36520
	543.25			  7.97323			  -0.46472			 -0.21112
	543.50			  7.93778			  -0.54965			 -0.10562
	543.75			  7.94671			  -0.39827			 -0.15711
	544.00			  8.19558			  -0.48167			 -0.02132
	544.25			  8.11688			  -0.36076			 0.06824
	544.50			  7.86521			  -0.12498			 -0.33622
	544.75			  8.05368			  -0.24997			 -0.21801
	545.00			  7.92430			  -0.38140			 -0.26214
	545.25			  7.68575			  -0.66888			 -0.23081
	545.50			  7.93708			  -0.50999			 -0.15786
	545.75			  7.88219			  -0.18122			 -0.05597
	546.00			  8.11916			  -0.37526			 0.04011
	546.25			  8.11776			  -0.47201			 -0.21773
	546.50			  8.19864			  -0.39958			 -0.03051
	546.75			  7.88779			  -0.00038			 0.01699
	547.00			  7.81601			  0.01212			 -0.20948
	547.25			  7.60399			  0.05371			 -0.34644
	547.50			  7.62299			  0.13204			 -0.07608
	547.75			  7.66711			  0.26370			 -0.10656
	548.00			  7.64242			  0.13611			 -0.03557
	548.25			  7.60522			  0.16481			 -0.10618
	548.50			  7.65328			  0.28580			 0.10692
	548.75			  7.76848			  0.33322			 0.20014
	549.00			  8.11364			  0.56009			 0.11555
	549.25			  7.82109			  0.61679			 0.04963
	549.50			  7.93252			  0.42321			 0.19517
	549.75			  7.88412			  0.55303			 0.29542
	550.00			  7.92552			  0.60321			 0.29434
	550.25			  7.89961			  0.71039			 0.39998
	550.50			  7.89707			  0.66651			 0.30681
	550.75			  7.90530			  0.62370			 0.30348
	551.00			  7.93603			  0.58418			 0.13750
	551.25			  7.79518			  0.65523			 0.16750
	551.50			  7.86967			  0.99028			 0.45526
	551.75			  7.85251			  0.78773			 0.53732
	552.00			  7.64172			  0.50968			 0.52644
	552.25			  7.76086			  0.34964			 0.45020
	552.50			  7.58290			  0.05816			 0.26733
	552.75			  7.70116			  0.07481			 0.35056
	553.00			  7.50078			  0.11946			 0.16779
	553.25			  7.76489			  0.19105			 -0.04335
	553.50			  7.87948			  0.23562			 -0.07758
	553.75			  7.72979			  0.24260			 0.01615
	554.00			  7.87659			  0.29278			 0.05886
	554.25			  8.06821			  0.15874			 -0.06760
	554.50			  8.18682			  0.27260			 0.03298
	554.75			  8.37915			  0.66305			 -0.11697
	555.00			  8.32400			  0.74147			 -0.07228
	555.25			  8.32750			  0.82049			 -0.07721
	555.50			  8.36190			  0.85272			 -0.08940
	555.75			  8.42992			  1.04046			 0.09356
	556.00			  8.47570			  1.00164			 0.24103
	556.25			  8.36689			  0.97947			 0.23559
	556.50			  8.21676			  0.99358			 0.47252
	556.75			  8.22762			  0.89607			 0.50032
	557.00			  8.24775			  0.85955			 0.36655
	557.25			  8.07609			  0.90443			 0.15302
	557.50			  8.17930			  0.69566			 0.04803
	557.75			  8.42440			  0.79893			 -0.00791
	558.00			  8.44331			  0.87044			 -0.27986
	558.25			  8.26552			  0.87850			 -0.41260
	558.50			  8.20258			  0.90251			 -0.38649
	558.75			  8.41180			  0.77722			 -0.42071
	559.00			  8.33441			  0.87144			 -0.32914
	559.25			  8.28635			  0.85932			 -0.31948
	559.50			  8.14673			  0.69889			 -0.27559
	559.75			  7.96273			  0.29225			 -0.44885
	560.00			  7.99424			  0.24498			 -0.39427
	560.25			  8.06646			  0.42720			 -0.29669
	560.50			  7.97087			  0.84466			 -0.15659
	560.75			  7.92745			  1.10660			 -0.01255
	561.00			  7.72733			  1.07085			 -0.31892
	561.25			  7.66851			  1.09225			 -0.28192
	561.50			  7.83877			  1.11711			 -0.32942
	561.75			  7.74615			  0.93804			 -0.16330
	562.00			  7.94084			  0.62730			 -0.08607
	562.25			  7.84709			  0.72428			 -0.05414
	562.50			  7.77294			  0.76042			 0.03842
	562.75			  7.77828			  0.88886			 -0.00064
	563.00			  7.83080			  0.87351			 0.01455
	563.25			  8.10357			  0.75635			 -0.01424
	563.50			  8.19549			  0.89093			 0.13046
	563.75			  8.12397			  0.72796			 0.22363
	564.00			  7.96378			  0.78543			 -0.10693
	564.25			  8.22482			  0.79195			 0.34695
	564.50			  8.08966			  0.74362			 0.36237
	564.75			  7.75622			  0.79909			 0.19085
	565.00			  7.71315			  0.85333			 0.14880
	565.25			  7.90057			  1.03862			 0.18743
	565.50			  8.04676			  1.22406			 0.16788
	565.75			  8.19680			  1.32012			 0.27947
	566.00			  8.12598			  0.83914			 0.21749
	566.25			  7.94872			  0.71952			 0.03870
	566.50			  7.92149			  0.54682			 -0.01119
	566.75			  7.83352			  0.27268			 0.03978
	567.00			  8.00693			  0.13818			 0.29851
	567.25			  8.04002			  0.07051			 0.49455
	567.50			  8.24775			  0.05179			 0.08939
	567.75			  8.15006			  0.24905			 0.20900
	568.00			  7.96159			  0.20163			 0.11837
	568.25			  7.98986			  0.43043			 0.22715
	568.50			  8.11592			  0.64456			 0.32233
	568.75			  7.89313			  0.61387			 -0.00317
	569.00			  7.78502			  0.66114			 -0.05714
	569.25			  7.87072			  0.54252			 0.05432
	569.50			  7.71692			  0.31135			 0.17187
	569.75			  7.60434			  0.73495			 0.13135
	570.00			  7.44712			  0.64495			 -0.06896
	570.25			  7.48406			  0.86047			 0.12310
	570.50			  7.69626			  0.63129			 -0.09005
	570.75			  7.45544			  0.46664			 0.03533
	571.00			  7.46148			  0.76970			 -0.06464
	571.25			  7.34488			  0.65546			 -0.03407
	571.50			  7.48021			  0.41017			 0.13745
	571.75			  7.52136			  0.52664			 -0.07815
	572.00			  8.00930			  0.40380			 -0.22936
	572.25			  8.15146			  0.35470			 -0.21980
	572.50			  8.16774			  0.40342			 -0.15950
	572.75			  8.03486			  0.52879			 -0.08307
	573.00			  7.88140			  0.52664			 0.01315
	573.25			  8.06331			  0.76556			 -0.12367
	573.50			  8.01052			  0.91440			 0.15044
	573.75			  8.07206			  1.15877			 -0.03641
	574.00			  8.04291			  1.01000			 -0.03557
	574.25			  7.92386			  0.94026			 0.11100
	574.50			  7.94268			  0.88479			 -0.13699
	574.75			  7.86127			  0.95261			 -0.16625
	575.00			  7.97253			  1.15977			 0.06365
	575.25			  7.94119			  1.09824			 0.07429
	575.50			  7.98303			  1.27424			 0.23099
	575.75			  8.01971			  0.95752			 0.51129
	576.00			  8.18017			  1.10200			 0.36875
	576.25			  8.14638			  1.06179			 0.45929
	576.50			  8.13054			  0.98867			 0.28679
	576.75			  7.86074			  0.87328			 0.18837
	577.00			  7.99599			  0.73264			 0.40814
	577.25			  8.01849			  0.58418			 0.42014
	577.50			  8.02059			  0.42298			 0.49010
	577.75			  8.17518			  0.46948			 0.45104
	578.00			  8.45040			  0.63459			 0.53375
	578.25			  8.56910			  0.58771			 0.75216
	578.50			  8.50074			  0.37925			 0.80889
	578.75			  8.49478			  0.45889			 0.41841
	579.00			  8.40637			  0.48674			 0.37428
	579.25			  8.45942			  0.46319			 0.32613
	579.50			  8.17895			  0.62592			 0.14589
	579.75			  8.41267			  0.46372			 0.16774
	580.00			  8.35280			  0.62907			 0.01526
	580.25			  8.14384			  0.57413			 0.01554
	580.50			  8.08764			  0.61802			 0.06838
	580.75			  8.15645			  0.84566			 0.08831
	581.00			  8.10392			  0.92768			 0.43857
	581.25			  8.18866			  0.56792			 0.21467
	581.50			  8.21737			  0.91571			 0.31783
	581.75			  7.96666			  0.97118			 0.41198
	582.00			  7.63612			  0.99174			 0.36101
	582.25			  7.78152			  1.05051			 0.42164
	582.50			  7.85129			  1.37636			 0.06655
	582.75			  7.55979			  1.41426			 0.02070
	583.00			  7.47128			  1.24900			 0.01549
	583.25			  7.48468			  1.13522			 0.08793
	583.50			  7.56941			  1.03977			 0.42502
	583.75			  7.66115			  1.30002			 0.34620
	584.00			  7.70466			  1.18102			 0.19292
	584.25			  7.52880			  1.14189			 -0.01264
	584.50			  7.50647			  1.08013			 -0.08157
	584.75			  7.59375			  1.08304			 -0.10980
	585.00			  7.73267			  0.63014			 -0.19208
	585.25			  7.49142			  0.98085			 -0.11955
	585.50			  7.41044			  0.85364			 -0.13966
	585.75			  7.64347			  0.99665			 -0.04059
	586.00			  7.63971			  1.03386			 0.06116
	586.25			  7.40983			  1.15578			 -0.03599
	586.50			  7.42104			  0.94924			 0.05042
	586.75			  7.37018			  0.86077			 0.21022
	587.00			  7.55488			  0.71316			 0.13947
	587.25			  7.71648			  0.65277			 0.18129
	587.50			  7.59279			  0.50961			 0.07598
	587.75			  7.59690			  0.52641			 0.01010
	588.00			  7.87729			  0.42260			 -0.00430
	588.25			  7.67709			  0.22749			 -0.03909
	588.50			  7.56416			  0.12353			 -0.08016
	588.75			  7.53580			  0.04588			 0.05497
	589.00			  7.69232			  0.10619			 0.20450
	589.25			  7.74467			  0.15453			 0.49090
	589.50			  7.86048			  0.32677			 0.30029
	589.75			  8.04624			  0.48076			 0.18157
	590.00			  7.88954			  0.29861			 0.30250
	590.25			  7.86757			  0.28833			 0.33269
	590.50			  7.90766			  0.49879			 0.01540
	590.75			  8.08449			  0.20102			 0.22115
	591.00			  8.06304			  0.23478			 0.56629
	591.25			  8.12275			  0.31918			 0.51640
	591.50			  8.02146			  0.30989			 0.40898
	591.75			  7.88000			  0.13872			 0.33677
	592.00			  8.20442			  0.14355			 0.32078
	592.25			  8.29283			  0.00085			 0.37836
	592.50			  8.41460			  0.20194			 0.28280
	592.75			  8.30824			  0.27360			 0.33813
	593.00			  8.40077			  0.18368			 0.05324
	593.25			  8.44611			  0.05808			 -0.21220
	593.50			  8.40226			  0.12476			 -0.04509
	593.75			  8.23655			  0.12537			 -0.25524
	594.00			  8.03363			  0.22841			 -0.51229
	594.25			  8.02750			  0.16189			 -0.38133
	594.50			  8.18665			  0.18084			 -0.10600
	594.75			  8.32365			  0.37296			 0.15194
	595.00			  8.30386			  0.27399			 0.19545
	595.25			  8.12327			  0.02663			 0.36856
	595.50			  8.12126			  0.08171			 0.42872
	595.75			  8.05832			  -0.23278			 0.11189
	596.00			  8.03188			  -0.09821			 0.07706
	596.25			  7.62483			  -0.08708			 0.10950
	596.50			  7.56215			  0.02609			 -0.03426
	596.75			  7.52039			  0.11501			 -0.16278
	597.00			  7.29122			  0.23946			 -0.18932
	597.25			  7.24088			  0.33559			 -0.17886
	597.50			  7.53703			  0.44094			 -0.13268
	597.75			  7.86547			  0.50646			 0.05221
	598.00			  7.83509			  0.61349			 -0.17586
	598.25			  7.70886			  -0.01718			 -0.21534
	598.50			  7.48468			  -0.06429			 -0.16691
	598.75			  7.48109			  -0.00023			 0.14767
	599.00			  7.59244			  -0.08869			 -0.04814
	599.25			  7.29165			  -0.37886			 -0.13976
	599.50			  7.15606			  -0.17155			 -0.09901
	599.75			  7.29726			  -0.09882			 -0.15668
